PHRED	CADD-SV_score	CADD-SV-SR_score	CADD-SV-seqonly_score
45	0.9681	0.9664	0.723
44	0.9681	0.9663	0.7227
43	0.9679	0.9662	0.7212
42	0.9678	0.9659	0.7138
41	0.9677	0.9658	0.7089
40	0.9676	0.9658	0.7043
39	0.9674	0.9656	0.7003
38	0.9673	0.9655	0.6984
37	0.9672	0.9654	0.694
36	0.9672	0.9652	0.692
35	0.9671	0.965	0.6883
34	0.9669	0.9649	0.685
33	0.9667	0.9647	0.6814
32	0.9665	0.9646	0.6779
31	0.9663	0.9644	0.6747
30	0.9662	0.9642	0.6728
29.9	0.9662	0.9642	0.6727
29.8	0.9662	0.9641	0.6724
29.7	0.9661	0.9641	0.6718
29.6	0.9661	0.9641	0.6715
29.5	0.9661	0.9641	0.6712
29.4	0.966	0.964	0.6707
29.3	0.966	0.9639	0.6702
29.2	0.966	0.9639	0.6696
29.1	0.966	0.9638	0.6694
29.0	0.9659	0.9638	0.6688
28.9	0.9659	0.9637	0.6686
28.8	0.9659	0.9637	0.6683
28.7	0.9659	0.9637	0.668
28.6	0.9659	0.9637	0.6675
28.5	0.9658	0.9636	0.6672
28.4	0.9658	0.9636	0.6666
28.3	0.9658	0.9636	0.6665
28.2	0.9658	0.9635	0.6657
28.1	0.9657	0.9635	0.6653
28.0	0.9657	0.9635	0.6648
27.9	0.9657	0.9635	0.6647
27.8	0.9657	0.9635	0.6641
27.7	0.9656	0.9634	0.6637
27.6	0.9656	0.9634	0.6633
27.5	0.9656	0.9634	0.6631
27.4	0.9655	0.9633	0.6628
27.3	0.9655	0.9632	0.6626
27.2	0.9655	0.9632	0.6622
27.1	0.9655	0.9631	0.6617
27.0	0.9655	0.9631	0.6615
26.9	0.9654	0.963	0.6613
26.8	0.9654	0.963	0.661
26.7	0.9654	0.963	0.6608
26.6	0.9654	0.963	0.6604
26.5	0.9653	0.9629	0.6601
26.4	0.9653	0.9629	0.66
26.3	0.9653	0.9628	0.6598
26.2	0.9652	0.9627	0.659
26.1	0.9652	0.9627	0.6586
26.0	0.9652	0.9627	0.6581
25.9	0.9651	0.9626	0.6579
25.8	0.9651	0.9626	0.6577
25.7	0.965	0.9626	0.6573
25.6	0.965	0.9625	0.6571
25.5	0.9649	0.9625	0.6562
25.4	0.9649	0.9624	0.6559
25.3	0.9649	0.9624	0.6556
25.2	0.9649	0.9623	0.6549
25.1	0.9649	0.9623	0.6546
25.0	0.9648	0.9623	0.654
24.9	0.9648	0.9622	0.6532
24.8	0.9647	0.9621	0.6529
24.7	0.9647	0.9621	0.6525
24.6	0.9646	0.962	0.6517
24.5	0.9646	0.962	0.6514
24.4	0.9646	0.9619	0.6509
24.3	0.9645	0.9619	0.6505
24.2	0.9644	0.9619	0.65
24.1	0.9644	0.9618	0.6494
24.0	0.9644	0.9618	0.649
23.9	0.9643	0.9617	0.6481
23.8	0.9643	0.9617	0.6476
23.7	0.9642	0.9616	0.647
23.6	0.9642	0.9616	0.6462
23.5	0.9641	0.9615	0.645
23.4	0.9641	0.9615	0.6445
23.3	0.964	0.9614	0.644
23.2	0.964	0.9614	0.6436
23.1	0.9639	0.9613	0.6431
23.0	0.9639	0.9613	0.6424
22.9	0.9638	0.9612	0.642
22.8	0.9638	0.9612	0.6415
22.7	0.9637	0.9611	0.6408
22.6	0.9636	0.9611	0.6403
22.5	0.9636	0.9611	0.6398
22.4	0.9635	0.961	0.6395
22.3	0.9635	0.9609	0.6389
22.2	0.9634	0.9609	0.6379
22.1	0.9633	0.9608	0.6374
22.0	0.9632	0.9608	0.6369
21.9	0.9632	0.9607	0.6364
21.8	0.9631	0.9607	0.6359
21.7	0.963	0.9606	0.6351
21.6	0.963	0.9606	0.6344
21.5	0.9629	0.9605	0.6339
21.4	0.9628	0.9605	0.6331
21.3	0.9628	0.9604	0.6326
21.2	0.9627	0.9603	0.632
21.1	0.9626	0.9603	0.6312
21.0	0.9626	0.9602	0.6306
20.9	0.9625	0.9601	0.6302
20.8	0.9624	0.96	0.6295
20.7	0.9624	0.96	0.6289
20.6	0.9623	0.9599	0.6281
20.5	0.9622	0.9599	0.6277
20.4	0.9622	0.9598	0.6267
20.3	0.9621	0.9597	0.6261
20.2	0.9621	0.9596	0.6256
20.1	0.962	0.9595	0.625
20.0	0.9619	0.9595	0.6245
19.99	0.9619	0.9595	0.6245
19.98	0.9619	0.9595	0.6244
19.97	0.9619	0.9594	0.6242
19.96	0.9619	0.9594	0.6242
19.95	0.9619	0.9594	0.6241
19.94	0.9619	0.9594	0.624
19.93	0.9619	0.9594	0.624
19.92	0.9619	0.9594	0.624
19.91	0.9619	0.9594	0.6239
19.90	0.9619	0.9594	0.6238
19.89	0.9619	0.9594	0.6238
19.88	0.9619	0.9594	0.6236
19.87	0.9619	0.9594	0.6236
19.86	0.9619	0.9594	0.6235
19.85	0.9618	0.9593	0.6234
19.84	0.9618	0.9593	0.6234
19.83	0.9618	0.9593	0.6234
19.82	0.9618	0.9593	0.6233
19.81	0.9618	0.9593	0.6233
19.80	0.9618	0.9593	0.6232
19.79	0.9618	0.9593	0.6231
19.78	0.9618	0.9593	0.623
19.77	0.9618	0.9593	0.6229
19.76	0.9618	0.9593	0.6228
19.75	0.9618	0.9592	0.6227
19.74	0.9618	0.9592	0.6226
19.73	0.9618	0.9592	0.6226
19.72	0.9617	0.9592	0.6225
19.71	0.9617	0.9592	0.6225
19.70	0.9617	0.9592	0.6225
19.69	0.9617	0.9592	0.6224
19.68	0.9617	0.9592	0.6224
19.67	0.9617	0.9592	0.6223
19.66	0.9617	0.9592	0.6222
19.65	0.9617	0.9592	0.6221
19.64	0.9617	0.9591	0.6221
19.63	0.9617	0.9591	0.622
19.62	0.9617	0.9591	0.622
19.61	0.9617	0.9591	0.6219
19.60	0.9617	0.9591	0.6218
19.59	0.9617	0.9591	0.6217
19.58	0.9616	0.9591	0.6216
19.57	0.9616	0.9591	0.6216
19.56	0.9616	0.9591	0.6215
19.55	0.9616	0.9591	0.6214
19.54	0.9616	0.9591	0.6214
19.53	0.9616	0.9591	0.6213
19.52	0.9616	0.9591	0.6213
19.51	0.9616	0.9591	0.6212
19.50	0.9616	0.959	0.6211
19.49	0.9616	0.959	0.621
19.48	0.9616	0.959	0.6209
19.47	0.9616	0.959	0.6209
19.46	0.9615	0.959	0.6208
19.45	0.9615	0.959	0.6206
19.44	0.9615	0.959	0.6206
19.43	0.9615	0.959	0.6205
19.42	0.9615	0.959	0.6204
19.41	0.9615	0.959	0.6203
19.40	0.9615	0.959	0.6201
19.39	0.9615	0.959	0.6201
19.38	0.9615	0.959	0.6201
19.37	0.9615	0.959	0.62
19.36	0.9615	0.9589	0.6199
19.35	0.9615	0.9589	0.6199
19.34	0.9615	0.9589	0.6198
19.33	0.9615	0.9589	0.6198
19.32	0.9615	0.9589	0.6197
19.31	0.9614	0.9589	0.6196
19.30	0.9614	0.9589	0.6195
19.29	0.9614	0.9589	0.6194
19.28	0.9614	0.9589	0.6194
19.27	0.9614	0.9589	0.6193
19.26	0.9614	0.9589	0.6192
19.25	0.9614	0.9589	0.6192
19.24	0.9614	0.9588	0.6192
19.23	0.9614	0.9588	0.6191
19.22	0.9614	0.9588	0.619
19.21	0.9614	0.9588	0.619
19.20	0.9614	0.9588	0.6189
19.19	0.9613	0.9588	0.6189
19.18	0.9613	0.9588	0.6189
19.17	0.9613	0.9588	0.6187
19.16	0.9613	0.9588	0.6187
19.15	0.9613	0.9588	0.6185
19.14	0.9613	0.9588	0.6185
19.13	0.9613	0.9587	0.6184
19.12	0.9613	0.9587	0.6183
19.11	0.9613	0.9587	0.6182
19.10	0.9613	0.9587	0.6181
19.09	0.9613	0.9587	0.6181
19.08	0.9613	0.9587	0.618
19.07	0.9612	0.9587	0.6179
19.06	0.9612	0.9587	0.6179
19.05	0.9612	0.9587	0.6179
19.04	0.9612	0.9587	0.6177
19.03	0.9612	0.9587	0.6177
19.02	0.9612	0.9587	0.6177
19.01	0.9612	0.9587	0.6177
19.00	0.9612	0.9586	0.6176
18.99	0.9612	0.9586	0.6176
18.98	0.9612	0.9586	0.6174
18.97	0.9612	0.9586	0.6174
18.96	0.9612	0.9586	0.6173
18.95	0.9612	0.9586	0.6173
18.94	0.9612	0.9586	0.6172
18.93	0.9612	0.9586	0.6172
18.92	0.9611	0.9586	0.6171
18.91	0.9611	0.9586	0.617
18.90	0.9611	0.9585	0.617
18.89	0.9611	0.9585	0.617
18.88	0.9611	0.9585	0.6169
18.87	0.9611	0.9585	0.6169
18.86	0.9611	0.9585	0.6168
18.85	0.9611	0.9585	0.6168
18.84	0.9611	0.9585	0.6167
18.83	0.9611	0.9585	0.6167
18.82	0.9611	0.9585	0.6166
18.81	0.9611	0.9585	0.6165
18.80	0.961	0.9585	0.6164
18.79	0.961	0.9585	0.6164
18.78	0.961	0.9584	0.6163
18.77	0.961	0.9584	0.6162
18.76	0.961	0.9584	0.6162
18.75	0.961	0.9584	0.6161
18.74	0.961	0.9584	0.616
18.73	0.961	0.9584	0.616
18.72	0.9609	0.9584	0.6159
18.71	0.9609	0.9584	0.6159
18.70	0.9609	0.9584	0.6158
18.69	0.9609	0.9584	0.6157
18.68	0.9609	0.9584	0.6157
18.67	0.9609	0.9584	0.6157
18.66	0.9609	0.9583	0.6156
18.65	0.9609	0.9583	0.6156
18.64	0.9609	0.9583	0.6155
18.63	0.9609	0.9583	0.6155
18.62	0.9609	0.9583	0.6154
18.61	0.9608	0.9583	0.6154
18.60	0.9608	0.9583	0.6153
18.59	0.9608	0.9583	0.6153
18.58	0.9608	0.9583	0.6152
18.57	0.9608	0.9583	0.6152
18.56	0.9608	0.9583	0.6151
18.55	0.9608	0.9582	0.615
18.54	0.9608	0.9582	0.615
18.53	0.9608	0.9582	0.6149
18.52	0.9607	0.9582	0.6148
18.51	0.9607	0.9582	0.6147
18.50	0.9607	0.9582	0.6146
18.49	0.9607	0.9582	0.6146
18.48	0.9607	0.9582	0.6144
18.47	0.9607	0.9582	0.6143
18.46	0.9607	0.9582	0.6142
18.45	0.9607	0.9581	0.6141
18.44	0.9607	0.9581	0.614
18.43	0.9606	0.9581	0.6139
18.42	0.9606	0.9581	0.6139
18.41	0.9606	0.9581	0.6138
18.40	0.9606	0.9581	0.6136
18.39	0.9606	0.9581	0.6136
18.38	0.9606	0.9581	0.6135
18.37	0.9606	0.9581	0.6134
18.36	0.9606	0.958	0.6134
18.35	0.9606	0.958	0.6134
18.34	0.9606	0.958	0.6133
18.33	0.9605	0.958	0.6133
18.32	0.9605	0.958	0.6131
18.31	0.9605	0.958	0.613
18.30	0.9605	0.958	0.613
18.29	0.9605	0.958	0.6129
18.28	0.9605	0.9579	0.6129
18.27	0.9605	0.9579	0.6128
18.26	0.9605	0.9579	0.6127
18.25	0.9605	0.9579	0.6127
18.24	0.9605	0.9579	0.6126
18.23	0.9604	0.9579	0.6125
18.22	0.9604	0.9579	0.6125
18.21	0.9604	0.9579	0.6123
18.20	0.9604	0.9579	0.6123
18.19	0.9604	0.9579	0.6122
18.18	0.9604	0.9578	0.6121
18.17	0.9604	0.9578	0.6121
18.16	0.9604	0.9578	0.612
18.15	0.9604	0.9578	0.6119
18.14	0.9604	0.9578	0.6118
18.13	0.9603	0.9578	0.6117
18.12	0.9603	0.9578	0.6116
18.11	0.9603	0.9578	0.6115
18.10	0.9603	0.9578	0.6114
18.09	0.9603	0.9577	0.6112
18.08	0.9603	0.9577	0.6111
18.07	0.9603	0.9577	0.611
18.06	0.9603	0.9577	0.611
18.05	0.9603	0.9577	0.6109
18.04	0.9603	0.9577	0.6108
18.03	0.9602	0.9577	0.6107
18.02	0.9602	0.9577	0.6106
18.01	0.9602	0.9577	0.6104
18.00	0.9602	0.9577	0.6103
17.99	0.9602	0.9576	0.6102
17.98	0.9602	0.9576	0.6101
17.97	0.9602	0.9576	0.61
17.96	0.9602	0.9576	0.61
17.95	0.9602	0.9576	0.6099
17.94	0.9602	0.9576	0.6098
17.93	0.9602	0.9576	0.6097
17.92	0.9601	0.9575	0.6096
17.91	0.9601	0.9575	0.6095
17.90	0.9601	0.9575	0.6095
17.89	0.9601	0.9575	0.6094
17.88	0.9601	0.9575	0.6093
17.87	0.9601	0.9575	0.6092
17.86	0.9601	0.9575	0.6091
17.85	0.96	0.9575	0.6091
17.84	0.96	0.9575	0.6091
17.83	0.96	0.9574	0.609
17.82	0.96	0.9574	0.6089
17.81	0.96	0.9574	0.6087
17.80	0.96	0.9574	0.6086
17.79	0.96	0.9574	0.6086
17.78	0.96	0.9574	0.6085
17.77	0.96	0.9573	0.6085
17.76	0.96	0.9573	0.6085
17.75	0.96	0.9573	0.6084
17.74	0.96	0.9573	0.6083
17.73	0.9599	0.9573	0.6083
17.72	0.9599	0.9573	0.6082
17.71	0.9599	0.9573	0.6081
17.70	0.9599	0.9573	0.6081
17.69	0.9599	0.9573	0.608
17.68	0.9599	0.9572	0.6079
17.67	0.9599	0.9572	0.6078
17.66	0.9599	0.9572	0.6077
17.65	0.9599	0.9572	0.6076
17.64	0.9598	0.9572	0.6075
17.63	0.9598	0.9572	0.6073
17.62	0.9598	0.9572	0.6072
17.61	0.9598	0.9572	0.6072
17.60	0.9598	0.9572	0.6071
17.59	0.9598	0.9572	0.6069
17.58	0.9598	0.9571	0.6069
17.57	0.9598	0.9571	0.6069
17.56	0.9598	0.9571	0.6068
17.55	0.9598	0.9571	0.6067
17.54	0.9597	0.9571	0.6067
17.53	0.9597	0.9571	0.6066
17.52	0.9597	0.9571	0.6066
17.51	0.9597	0.9571	0.6065
17.50	0.9597	0.9571	0.6064
17.49	0.9597	0.957	0.6063
17.48	0.9597	0.957	0.6063
17.47	0.9597	0.957	0.6061
17.46	0.9596	0.957	0.6061
17.45	0.9596	0.957	0.606
17.44	0.9596	0.957	0.6059
17.43	0.9596	0.957	0.6058
17.42	0.9596	0.957	0.6058
17.41	0.9596	0.957	0.6057
17.40	0.9596	0.957	0.6057
17.39	0.9596	0.9569	0.6056
17.38	0.9595	0.9569	0.6055
17.37	0.9595	0.9569	0.6054
17.36	0.9595	0.9569	0.6053
17.35	0.9595	0.9569	0.6052
17.34	0.9595	0.9569	0.6052
17.33	0.9595	0.9569	0.6052
17.32	0.9595	0.9568	0.6051
17.31	0.9595	0.9568	0.6051
17.30	0.9595	0.9568	0.605
17.29	0.9594	0.9568	0.6049
17.28	0.9594	0.9568	0.6049
17.27	0.9594	0.9568	0.6048
17.26	0.9594	0.9568	0.6047
17.25	0.9594	0.9567	0.6047
17.24	0.9594	0.9567	0.6046
17.23	0.9594	0.9567	0.6045
17.22	0.9594	0.9567	0.6045
17.21	0.9594	0.9567	0.6043
17.20	0.9593	0.9566	0.6043
17.19	0.9593	0.9566	0.6042
17.18	0.9593	0.9566	0.6042
17.17	0.9593	0.9566	0.6041
17.16	0.9593	0.9566	0.604
17.15	0.9593	0.9566	0.604
17.14	0.9593	0.9566	0.6038
17.13	0.9593	0.9566	0.6038
17.12	0.9593	0.9566	0.6036
17.11	0.9593	0.9565	0.6035
17.10	0.9592	0.9565	0.6034
17.09	0.9592	0.9565	0.6033
17.08	0.9592	0.9565	0.6033
17.07	0.9592	0.9565	0.6032
17.06	0.9592	0.9565	0.6031
17.05	0.9592	0.9565	0.603
17.04	0.9592	0.9565	0.6029
17.03	0.9592	0.9565	0.6027
17.02	0.9591	0.9564	0.6025
17.01	0.9591	0.9564	0.6024
17.00	0.9591	0.9564	0.6023
16.99	0.9591	0.9564	0.6022
16.98	0.9591	0.9564	0.6022
16.97	0.9591	0.9564	0.6021
16.96	0.9591	0.9564	0.6019
16.95	0.9591	0.9564	0.6018
16.94	0.9591	0.9563	0.6017
16.93	0.9591	0.9563	0.6016
16.92	0.959	0.9563	0.6015
16.91	0.959	0.9563	0.6014
16.90	0.959	0.9563	0.6013
16.89	0.959	0.9563	0.6013
16.88	0.959	0.9563	0.6011
16.87	0.959	0.9563	0.601
16.86	0.959	0.9562	0.6009
16.85	0.959	0.9562	0.6009
16.84	0.9589	0.9562	0.6008
16.83	0.9589	0.9562	0.6007
16.82	0.9589	0.9562	0.6006
16.81	0.9589	0.9562	0.6006
16.80	0.9589	0.9561	0.6005
16.79	0.9589	0.9561	0.6005
16.78	0.9589	0.9561	0.6004
16.77	0.9589	0.9561	0.6004
16.76	0.9589	0.9561	0.6003
16.75	0.9589	0.9561	0.6002
16.74	0.9589	0.9561	0.6001
16.73	0.9588	0.9561	0.6
16.72	0.9588	0.956	0.5999
16.71	0.9588	0.956	0.5998
16.70	0.9588	0.956	0.5997
16.69	0.9587	0.956	0.5997
16.68	0.9587	0.956	0.5996
16.67	0.9587	0.956	0.5996
16.66	0.9587	0.956	0.5995
16.65	0.9587	0.9559	0.5993
16.64	0.9587	0.9559	0.5992
16.63	0.9587	0.9559	0.5991
16.62	0.9587	0.9559	0.599
16.61	0.9586	0.9559	0.5989
16.60	0.9586	0.9559	0.5988
16.59	0.9586	0.9558	0.5988
16.58	0.9586	0.9558	0.5987
16.57	0.9586	0.9558	0.5987
16.56	0.9586	0.9558	0.5986
16.55	0.9586	0.9558	0.5985
16.54	0.9586	0.9558	0.5985
16.53	0.9586	0.9558	0.5984
16.52	0.9585	0.9557	0.5983
16.51	0.9585	0.9557	0.5983
16.50	0.9585	0.9557	0.5983
16.49	0.9585	0.9557	0.5982
16.48	0.9585	0.9557	0.5981
16.47	0.9585	0.9557	0.598
16.46	0.9585	0.9557	0.5979
16.45	0.9585	0.9557	0.5978
16.44	0.9585	0.9556	0.5978
16.43	0.9584	0.9556	0.5977
16.42	0.9584	0.9556	0.5976
16.41	0.9584	0.9556	0.5975
16.40	0.9584	0.9556	0.5974
16.39	0.9584	0.9556	0.5973
16.38	0.9584	0.9556	0.5972
16.37	0.9584	0.9555	0.5971
16.36	0.9583	0.9555	0.597
16.35	0.9583	0.9555	0.597
16.34	0.9583	0.9555	0.5969
16.33	0.9583	0.9555	0.5968
16.32	0.9583	0.9555	0.5967
16.31	0.9583	0.9554	0.5966
16.30	0.9583	0.9554	0.5966
16.29	0.9582	0.9554	0.5965
16.28	0.9582	0.9554	0.5964
16.27	0.9582	0.9554	0.5963
16.26	0.9582	0.9554	0.5962
16.25	0.9582	0.9553	0.5961
16.24	0.9582	0.9553	0.5961
16.23	0.9582	0.9553	0.5959
16.22	0.9582	0.9553	0.5959
16.21	0.9582	0.9553	0.5959
16.20	0.9581	0.9553	0.5958
16.19	0.9581	0.9553	0.5957
16.18	0.9581	0.9553	0.5957
16.17	0.9581	0.9552	0.5956
16.16	0.9581	0.9552	0.5955
16.15	0.9581	0.9552	0.5954
16.14	0.9581	0.9552	0.5954
16.13	0.958	0.9552	0.5953
16.12	0.958	0.9551	0.5952
16.11	0.958	0.9551	0.5951
16.10	0.958	0.9551	0.5951
16.09	0.958	0.9551	0.5949
16.08	0.958	0.9551	0.5949
16.07	0.958	0.9551	0.5948
16.06	0.958	0.9551	0.5947
16.05	0.9579	0.9551	0.5946
16.04	0.9579	0.955	0.5945
16.03	0.9579	0.955	0.5944
16.02	0.9579	0.955	0.5944
16.01	0.9579	0.955	0.5943
16.00	0.9579	0.955	0.5942
15.99	0.9579	0.955	0.5941
15.98	0.9579	0.9549	0.5941
15.97	0.9578	0.9549	0.594
15.96	0.9578	0.9549	0.5939
15.95	0.9578	0.9549	0.5939
15.94	0.9578	0.9549	0.5937
15.93	0.9578	0.9549	0.5936
15.92	0.9578	0.9548	0.5935
15.91	0.9578	0.9548	0.5934
15.90	0.9577	0.9548	0.5934
15.89	0.9577	0.9548	0.5934
15.88	0.9577	0.9548	0.5933
15.87	0.9577	0.9548	0.5931
15.86	0.9577	0.9548	0.593
15.85	0.9577	0.9547	0.5929
15.84	0.9577	0.9547	0.5928
15.83	0.9576	0.9547	0.5927
15.82	0.9576	0.9547	0.5926
15.81	0.9576	0.9547	0.5925
15.80	0.9576	0.9547	0.5924
15.79	0.9575	0.9546	0.5923
15.78	0.9575	0.9546	0.5922
15.77	0.9575	0.9546	0.5921
15.76	0.9575	0.9546	0.5921
15.75	0.9575	0.9546	0.592
15.74	0.9575	0.9546	0.592
15.73	0.9575	0.9545	0.5918
15.72	0.9574	0.9545	0.5918
15.71	0.9574	0.9545	0.5917
15.70	0.9574	0.9545	0.5916
15.69	0.9574	0.9545	0.5915
15.68	0.9574	0.9545	0.5915
15.67	0.9574	0.9544	0.5914
15.66	0.9574	0.9544	0.5914
15.65	0.9574	0.9544	0.5913
15.64	0.9574	0.9544	0.5913
15.63	0.9573	0.9544	0.5912
15.62	0.9573	0.9543	0.5912
15.61	0.9573	0.9543	0.5911
15.60	0.9573	0.9543	0.591
15.59	0.9573	0.9543	0.5909
15.58	0.9573	0.9543	0.5908
15.57	0.9573	0.9543	0.5907
15.56	0.9573	0.9542	0.5906
15.55	0.9572	0.9542	0.5905
15.54	0.9572	0.9542	0.5904
15.53	0.9572	0.9542	0.5903
15.52	0.9572	0.9542	0.5902
15.51	0.9572	0.9542	0.5901
15.50	0.9572	0.9541	0.5901
15.49	0.9571	0.9541	0.59
15.48	0.9571	0.9541	0.5898
15.47	0.9571	0.9541	0.5896
15.46	0.9571	0.9541	0.5896
15.45	0.9571	0.9541	0.5895
15.44	0.9571	0.954	0.5894
15.43	0.957	0.954	0.5893
15.42	0.957	0.954	0.5891
15.41	0.957	0.954	0.5891
15.40	0.957	0.954	0.5891
15.39	0.957	0.954	0.5889
15.38	0.9569	0.954	0.5888
15.37	0.9569	0.9539	0.5888
15.36	0.9569	0.9539	0.5886
15.35	0.9569	0.9539	0.5886
15.34	0.9569	0.9539	0.5885
15.33	0.9569	0.9539	0.5884
15.32	0.9568	0.9538	0.5883
15.31	0.9568	0.9538	0.5883
15.30	0.9568	0.9538	0.5882
15.29	0.9568	0.9538	0.5881
15.28	0.9568	0.9538	0.588
15.27	0.9568	0.9538	0.5878
15.26	0.9568	0.9538	0.5877
15.25	0.9567	0.9537	0.5877
15.24	0.9567	0.9537	0.5876
15.23	0.9567	0.9537	0.5875
15.22	0.9567	0.9537	0.5874
15.21	0.9567	0.9537	0.5874
15.20	0.9567	0.9536	0.5873
15.19	0.9566	0.9536	0.5872
15.18	0.9566	0.9536	0.5871
15.17	0.9566	0.9536	0.587
15.16	0.9566	0.9535	0.5869
15.15	0.9566	0.9535	0.5868
15.14	0.9566	0.9535	0.5867
15.13	0.9566	0.9535	0.5867
15.12	0.9565	0.9535	0.5866
15.11	0.9565	0.9535	0.5865
15.10	0.9565	0.9534	0.5864
15.09	0.9565	0.9534	0.5863
15.08	0.9565	0.9534	0.5862
15.07	0.9565	0.9534	0.5861
15.06	0.9565	0.9534	0.586
15.05	0.9564	0.9534	0.586
15.04	0.9564	0.9533	0.5858
15.03	0.9564	0.9533	0.5857
15.02	0.9564	0.9533	0.5856
15.01	0.9564	0.9533	0.5856
15.00	0.9564	0.9533	0.5855
14.99	0.9563	0.9533	0.5854
14.98	0.9563	0.9532	0.5853
14.97	0.9563	0.9532	0.5853
14.96	0.9563	0.9532	0.5851
14.95	0.9563	0.9532	0.5851
14.94	0.9563	0.9532	0.585
14.93	0.9562	0.9531	0.5849
14.92	0.9562	0.9531	0.5849
14.91	0.9562	0.9531	0.5848
14.90	0.9562	0.9531	0.5847
14.89	0.9562	0.953	0.5846
14.88	0.9561	0.953	0.5846
14.87	0.9561	0.953	0.5845
14.86	0.9561	0.953	0.5844
14.85	0.9561	0.953	0.5843
14.84	0.9561	0.9529	0.5842
14.83	0.9561	0.9529	0.584
14.82	0.956	0.9529	0.584
14.81	0.956	0.9529	0.5839
14.80	0.956	0.9529	0.5838
14.79	0.956	0.9529	0.5837
14.78	0.956	0.9529	0.5837
14.77	0.956	0.9528	0.5836
14.76	0.9559	0.9528	0.5835
14.75	0.9559	0.9528	0.5834
14.74	0.9559	0.9528	0.5833
14.73	0.9559	0.9528	0.5832
14.72	0.9559	0.9528	0.5831
14.71	0.9559	0.9527	0.583
14.70	0.9558	0.9527	0.5829
14.69	0.9558	0.9527	0.5829
14.68	0.9558	0.9527	0.5827
14.67	0.9558	0.9527	0.5827
14.66	0.9558	0.9527	0.5826
14.65	0.9558	0.9527	0.5825
14.64	0.9557	0.9526	0.5825
14.63	0.9557	0.9526	0.5823
14.62	0.9557	0.9526	0.5823
14.61	0.9557	0.9526	0.5822
14.60	0.9557	0.9526	0.5821
14.59	0.9557	0.9526	0.582
14.58	0.9556	0.9526	0.5819
14.57	0.9556	0.9525	0.5819
14.56	0.9556	0.9525	0.5818
14.55	0.9556	0.9525	0.5817
14.54	0.9556	0.9525	0.5815
14.53	0.9556	0.9525	0.5815
14.52	0.9556	0.9525	0.5814
14.51	0.9555	0.9524	0.5813
14.50	0.9555	0.9524	0.5813
14.49	0.9555	0.9524	0.5812
14.48	0.9555	0.9524	0.5811
14.47	0.9555	0.9524	0.581
14.46	0.9555	0.9524	0.5809
14.45	0.9555	0.9523	0.5809
14.44	0.9554	0.9523	0.5808
14.43	0.9554	0.9523	0.5808
14.42	0.9554	0.9523	0.5807
14.41	0.9554	0.9523	0.5806
14.40	0.9554	0.9522	0.5805
14.39	0.9554	0.9522	0.5804
14.38	0.9553	0.9522	0.5803
14.37	0.9553	0.9522	0.5802
14.36	0.9553	0.9521	0.5801
14.35	0.9553	0.9521	0.58
14.34	0.9553	0.9521	0.5798
14.33	0.9552	0.9521	0.5798
14.32	0.9552	0.9521	0.5797
14.31	0.9552	0.952	0.5795
14.30	0.9552	0.952	0.5793
14.29	0.9552	0.952	0.5792
14.28	0.9552	0.952	0.5791
14.27	0.9552	0.9519	0.5789
14.26	0.9551	0.9519	0.5789
14.25	0.9551	0.9519	0.5788
14.24	0.9551	0.9519	0.5787
14.23	0.9551	0.9519	0.5787
14.22	0.955	0.9519	0.5786
14.21	0.955	0.9518	0.5784
14.20	0.955	0.9518	0.5783
14.19	0.955	0.9518	0.5782
14.18	0.955	0.9518	0.5781
14.17	0.9549	0.9517	0.578
14.16	0.9549	0.9517	0.5779
14.15	0.9549	0.9517	0.5778
14.14	0.9549	0.9517	0.5777
14.13	0.9549	0.9516	0.5776
14.12	0.9549	0.9516	0.5775
14.11	0.9549	0.9516	0.5775
14.10	0.9548	0.9516	0.5774
14.09	0.9548	0.9516	0.5773
14.08	0.9548	0.9515	0.5771
14.07	0.9548	0.9515	0.5771
14.06	0.9548	0.9515	0.5769
14.05	0.9547	0.9515	0.5768
14.04	0.9547	0.9515	0.5767
14.03	0.9547	0.9515	0.5766
14.02	0.9547	0.9515	0.5766
14.01	0.9547	0.9514	0.5764
14.00	0.9546	0.9514	0.5764
13.99	0.9546	0.9514	0.5763
13.98	0.9546	0.9514	0.5762
13.97	0.9546	0.9514	0.5761
13.96	0.9546	0.9513	0.576
13.95	0.9545	0.9513	0.5759
13.94	0.9545	0.9513	0.5758
13.93	0.9545	0.9513	0.5757
13.92	0.9545	0.9513	0.5756
13.91	0.9544	0.9512	0.5755
13.90	0.9544	0.9512	0.5755
13.89	0.9544	0.9512	0.5753
13.88	0.9544	0.9512	0.5753
13.87	0.9543	0.9512	0.5751
13.86	0.9543	0.9511	0.5751
13.85	0.9543	0.9511	0.5749
13.84	0.9543	0.9511	0.5748
13.83	0.9543	0.9511	0.5747
13.82	0.9542	0.9511	0.5746
13.81	0.9542	0.9511	0.5745
13.80	0.9542	0.951	0.5744
13.79	0.9542	0.951	0.5744
13.78	0.9541	0.951	0.5743
13.77	0.9541	0.951	0.5742
13.76	0.9541	0.9509	0.5741
13.75	0.9541	0.9509	0.5739
13.74	0.9541	0.9509	0.5738
13.73	0.954	0.9509	0.5737
13.72	0.954	0.9509	0.5736
13.71	0.954	0.9509	0.5735
13.70	0.954	0.9508	0.5733
13.69	0.954	0.9508	0.5732
13.68	0.9539	0.9508	0.5732
13.67	0.9539	0.9508	0.5731
13.66	0.9539	0.9508	0.5729
13.65	0.9539	0.9508	0.5728
13.64	0.9539	0.9507	0.5728
13.63	0.9539	0.9507	0.5726
13.62	0.9538	0.9507	0.5726
13.61	0.9538	0.9506	0.5725
13.60	0.9538	0.9506	0.5724
13.59	0.9538	0.9506	0.5723
13.58	0.9537	0.9506	0.5722
13.57	0.9537	0.9505	0.5721
13.56	0.9537	0.9505	0.572
13.55	0.9537	0.9505	0.5719
13.54	0.9536	0.9505	0.5717
13.53	0.9536	0.9504	0.5716
13.52	0.9536	0.9504	0.5715
13.51	0.9536	0.9504	0.5714
13.50	0.9536	0.9504	0.5713
13.49	0.9535	0.9503	0.5711
13.48	0.9535	0.9503	0.5711
13.47	0.9535	0.9503	0.571
13.46	0.9535	0.9503	0.5708
13.45	0.9534	0.9502	0.5706
13.44	0.9534	0.9502	0.5706
13.43	0.9534	0.9502	0.5705
13.42	0.9534	0.9502	0.5704
13.41	0.9534	0.9501	0.5702
13.40	0.9533	0.9501	0.5701
13.39	0.9533	0.9501	0.57
13.38	0.9533	0.9501	0.5699
13.37	0.9533	0.9501	0.5698
13.36	0.9532	0.9501	0.5698
13.35	0.9532	0.95	0.5697
13.34	0.9532	0.95	0.5695
13.33	0.9532	0.95	0.5694
13.32	0.9531	0.95	0.5694
13.31	0.9531	0.95	0.5693
13.30	0.9531	0.9499	0.5692
13.29	0.9531	0.9499	0.569
13.28	0.9531	0.9499	0.5689
13.27	0.953	0.9499	0.5688
13.26	0.953	0.9499	0.5686
13.25	0.953	0.9498	0.5686
13.24	0.953	0.9498	0.5685
13.23	0.953	0.9498	0.5683
13.22	0.9529	0.9498	0.5682
13.21	0.9529	0.9498	0.5681
13.20	0.9529	0.9497	0.568
13.19	0.9529	0.9497	0.5679
13.18	0.9529	0.9497	0.5678
13.17	0.9528	0.9497	0.5677
13.16	0.9528	0.9496	0.5676
13.15	0.9528	0.9496	0.5675
13.14	0.9528	0.9496	0.5674
13.13	0.9527	0.9496	0.5673
13.12	0.9527	0.9496	0.5672
13.11	0.9527	0.9495	0.5671
13.10	0.9527	0.9495	0.567
13.09	0.9526	0.9495	0.5669
13.08	0.9526	0.9495	0.5667
13.07	0.9526	0.9494	0.5667
13.06	0.9526	0.9494	0.5666
13.05	0.9526	0.9494	0.5665
13.04	0.9525	0.9493	0.5664
13.03	0.9525	0.9493	0.5662
13.02	0.9525	0.9493	0.5661
13.01	0.9525	0.9493	0.566
13.00	0.9525	0.9493	0.5659
12.99	0.9524	0.9492	0.5658
12.98	0.9524	0.9492	0.5656
12.97	0.9524	0.9492	0.5655
12.96	0.9524	0.9492	0.5654
12.95	0.9523	0.9491	0.5653
12.94	0.9523	0.9491	0.5652
12.93	0.9523	0.9491	0.565
12.92	0.9523	0.9491	0.565
12.91	0.9523	0.949	0.5648
12.90	0.9522	0.949	0.5647
12.89	0.9522	0.949	0.5647
12.88	0.9521	0.949	0.5646
12.87	0.9521	0.9489	0.5645
12.86	0.9521	0.9489	0.5644
12.85	0.9521	0.9489	0.5643
12.84	0.9521	0.9489	0.5642
12.83	0.952	0.9488	0.5641
12.82	0.952	0.9488	0.564
12.81	0.952	0.9488	0.5639
12.80	0.952	0.9488	0.5638
12.79	0.9519	0.9488	0.5637
12.78	0.9519	0.9487	0.5637
12.77	0.9519	0.9487	0.5635
12.76	0.9519	0.9487	0.5634
12.75	0.9519	0.9486	0.5633
12.74	0.9518	0.9486	0.5632
12.73	0.9518	0.9486	0.5631
12.72	0.9518	0.9485	0.563
12.71	0.9518	0.9485	0.5629
12.70	0.9517	0.9485	0.5628
12.69	0.9517	0.9485	0.5627
12.68	0.9517	0.9484	0.5626
12.67	0.9517	0.9484	0.5625
12.66	0.9516	0.9484	0.5624
12.65	0.9516	0.9484	0.5623
12.64	0.9516	0.9483	0.5622
12.63	0.9516	0.9483	0.562
12.62	0.9515	0.9483	0.562
12.61	0.9515	0.9482	0.5619
12.60	0.9515	0.9482	0.5618
12.59	0.9515	0.9482	0.5617
12.58	0.9515	0.9482	0.5615
12.57	0.9514	0.9482	0.5614
12.56	0.9514	0.9481	0.5614
12.55	0.9514	0.9481	0.5612
12.54	0.9514	0.9481	0.5611
12.53	0.9513	0.9481	0.5609
12.52	0.9513	0.948	0.5608
12.51	0.9513	0.948	0.5607
12.50	0.9513	0.948	0.5606
12.49	0.9512	0.948	0.5605
12.48	0.9512	0.9479	0.5603
12.47	0.9512	0.9479	0.5603
12.46	0.9512	0.9479	0.5602
12.45	0.9512	0.9479	0.56
12.44	0.9512	0.9478	0.5599
12.43	0.9511	0.9478	0.5598
12.42	0.9511	0.9478	0.5597
12.41	0.9511	0.9478	0.5595
12.40	0.9511	0.9477	0.5594
12.39	0.951	0.9477	0.5593
12.38	0.951	0.9477	0.5592
12.37	0.951	0.9477	0.5591
12.36	0.951	0.9476	0.559
12.35	0.9509	0.9476	0.5589
12.34	0.9509	0.9476	0.5588
12.33	0.9509	0.9475	0.5587
12.32	0.9509	0.9475	0.5586
12.31	0.9509	0.9475	0.5584
12.30	0.9508	0.9475	0.5583
12.29	0.9508	0.9474	0.5582
12.28	0.9508	0.9474	0.5581
12.27	0.9507	0.9474	0.558
12.26	0.9507	0.9474	0.5579
12.25	0.9507	0.9473	0.5577
12.24	0.9507	0.9473	0.5576
12.23	0.9506	0.9473	0.5575
12.22	0.9506	0.9473	0.5574
12.21	0.9506	0.9472	0.5573
12.20	0.9506	0.9472	0.5572
12.19	0.9506	0.9472	0.557
12.18	0.9505	0.9472	0.5568
12.17	0.9505	0.9471	0.5567
12.16	0.9505	0.9471	0.5566
12.15	0.9504	0.9471	0.5564
12.14	0.9504	0.9471	0.5563
12.13	0.9504	0.947	0.5562
12.12	0.9504	0.947	0.5562
12.11	0.9503	0.947	0.5561
12.10	0.9503	0.947	0.556
12.09	0.9503	0.9469	0.5559
12.08	0.9502	0.9469	0.5558
12.07	0.9502	0.9469	0.5557
12.06	0.9502	0.9468	0.5555
12.05	0.9502	0.9468	0.5554
12.04	0.9502	0.9468	0.5552
12.03	0.9501	0.9468	0.5551
12.02	0.9501	0.9468	0.555
12.01	0.9501	0.9467	0.5549
12.00	0.95	0.9467	0.5548
11.99	0.95	0.9466	0.5547
11.98	0.95	0.9466	0.5545
11.97	0.9499	0.9466	0.5544
11.96	0.9499	0.9466	0.5543
11.95	0.9499	0.9465	0.5542
11.94	0.9499	0.9465	0.5541
11.93	0.9498	0.9465	0.5541
11.92	0.9498	0.9464	0.554
11.91	0.9498	0.9464	0.5539
11.90	0.9497	0.9464	0.5537
11.89	0.9497	0.9464	0.5536
11.88	0.9497	0.9463	0.5535
11.87	0.9496	0.9463	0.5534
11.86	0.9496	0.9463	0.5533
11.85	0.9496	0.9462	0.5533
11.84	0.9496	0.9462	0.5531
11.83	0.9495	0.9462	0.553
11.82	0.9495	0.9461	0.5529
11.81	0.9495	0.9461	0.5528
11.80	0.9494	0.9461	0.5527
11.79	0.9494	0.946	0.5526
11.78	0.9494	0.946	0.5524
11.77	0.9493	0.946	0.5523
11.76	0.9493	0.946	0.5522
11.75	0.9493	0.9459	0.5521
11.74	0.9492	0.9459	0.552
11.73	0.9492	0.9459	0.5518
11.72	0.9492	0.9458	0.5517
11.71	0.9492	0.9458	0.5515
11.70	0.9491	0.9458	0.5514
11.69	0.9491	0.9458	0.5513
11.68	0.9491	0.9457	0.5511
11.67	0.949	0.9457	0.551
11.66	0.949	0.9457	0.551
11.65	0.949	0.9456	0.5508
11.64	0.9489	0.9456	0.5507
11.63	0.9489	0.9456	0.5506
11.62	0.9489	0.9455	0.5505
11.61	0.9488	0.9455	0.5503
11.60	0.9488	0.9455	0.5501
11.59	0.9488	0.9455	0.55
11.58	0.9487	0.9454	0.5499
11.57	0.9487	0.9454	0.5497
11.56	0.9487	0.9454	0.5496
11.55	0.9487	0.9453	0.5495
11.54	0.9486	0.9453	0.5494
11.53	0.9486	0.9453	0.5493
11.52	0.9486	0.9452	0.5492
11.51	0.9485	0.9452	0.5491
11.50	0.9485	0.9452	0.549
11.49	0.9485	0.9451	0.5489
11.48	0.9484	0.9451	0.5487
11.47	0.9484	0.9451	0.5486
11.46	0.9484	0.945	0.5484
11.45	0.9483	0.945	0.5483
11.44	0.9483	0.945	0.5481
11.43	0.9482	0.9449	0.548
11.42	0.9482	0.9449	0.5479
11.41	0.9482	0.9449	0.5478
11.40	0.9481	0.9448	0.5476
11.39	0.9481	0.9448	0.5475
11.38	0.9481	0.9448	0.5474
11.37	0.948	0.9448	0.5473
11.36	0.948	0.9447	0.5472
11.35	0.9479	0.9447	0.5471
11.34	0.9479	0.9446	0.547
11.33	0.9479	0.9446	0.5469
11.32	0.9478	0.9445	0.5468
11.31	0.9478	0.9445	0.5466
11.30	0.9478	0.9445	0.5465
11.29	0.9477	0.9445	0.5463
11.28	0.9477	0.9444	0.5462
11.27	0.9477	0.9444	0.546
11.26	0.9476	0.9444	0.5459
11.25	0.9476	0.9443	0.5458
11.24	0.9476	0.9443	0.5456
11.23	0.9475	0.9443	0.5455
11.22	0.9475	0.9442	0.5454
11.21	0.9475	0.9442	0.5453
11.20	0.9474	0.9442	0.5452
11.19	0.9474	0.9441	0.545
11.18	0.9473	0.9441	0.5449
11.17	0.9473	0.944	0.5447
11.16	0.9472	0.944	0.5446
11.15	0.9472	0.944	0.5445
11.14	0.9472	0.9439	0.5443
11.13	0.9471	0.9439	0.5442
11.12	0.9471	0.9439	0.544
11.11	0.9471	0.9438	0.5439
11.10	0.947	0.9438	0.5437
11.09	0.947	0.9438	0.5436
11.08	0.947	0.9437	0.5435
11.07	0.9469	0.9437	0.5434
11.06	0.9469	0.9437	0.5432
11.05	0.9468	0.9436	0.543
11.04	0.9468	0.9436	0.5428
11.03	0.9468	0.9436	0.5427
11.02	0.9467	0.9435	0.5426
11.01	0.9467	0.9435	0.5424
11.00	0.9467	0.9435	0.5424
10.99	0.9466	0.9434	0.5422
10.98	0.9466	0.9434	0.5421
10.97	0.9466	0.9434	0.5419
10.96	0.9465	0.9433	0.5418
10.95	0.9465	0.9433	0.5417
10.94	0.9465	0.9433	0.5415
10.93	0.9464	0.9432	0.5414
10.92	0.9464	0.9432	0.5412
10.91	0.9463	0.9432	0.5411
10.90	0.9463	0.9431	0.5409
10.89	0.9462	0.9431	0.5408
10.88	0.9462	0.943	0.5407
10.87	0.9462	0.943	0.5405
10.86	0.9461	0.943	0.5404
10.85	0.9461	0.9429	0.5403
10.84	0.9461	0.9429	0.5402
10.83	0.946	0.9429	0.5401
10.82	0.946	0.9428	0.54
10.81	0.946	0.9428	0.5398
10.80	0.9459	0.9428	0.5397
10.79	0.9459	0.9427	0.5396
10.78	0.9459	0.9427	0.5395
10.77	0.9458	0.9426	0.5394
10.76	0.9458	0.9426	0.5392
10.75	0.9457	0.9426	0.5391
10.74	0.9457	0.9425	0.539
10.73	0.9457	0.9425	0.5389
10.72	0.9456	0.9425	0.5388
10.71	0.9456	0.9424	0.5387
10.70	0.9456	0.9424	0.5385
10.69	0.9455	0.9423	0.5384
10.68	0.9455	0.9423	0.5383
10.67	0.9454	0.9422	0.5382
10.66	0.9454	0.9422	0.5381
10.65	0.9454	0.9422	0.538
10.64	0.9454	0.9421	0.5379
10.63	0.9453	0.9421	0.5377
10.62	0.9453	0.9421	0.5376
10.61	0.9452	0.942	0.5375
10.60	0.9452	0.942	0.5373
10.59	0.9452	0.9419	0.5372
10.58	0.9451	0.9419	0.537
10.57	0.9451	0.9418	0.5369
10.56	0.9451	0.9418	0.5368
10.55	0.945	0.9417	0.5366
10.54	0.945	0.9417	0.5364
10.53	0.9449	0.9417	0.5363
10.52	0.9449	0.9416	0.5362
10.51	0.9448	0.9416	0.536
10.50	0.9448	0.9415	0.5359
10.49	0.9447	0.9415	0.5357
10.48	0.9447	0.9415	0.5356
10.47	0.9447	0.9414	0.5355
10.46	0.9446	0.9414	0.5354
10.45	0.9446	0.9414	0.5352
10.44	0.9445	0.9413	0.5351
10.43	0.9445	0.9413	0.535
10.42	0.9444	0.9412	0.5349
10.41	0.9444	0.9412	0.5347
10.40	0.9443	0.9412	0.5346
10.39	0.9443	0.9411	0.5345
10.38	0.9442	0.9411	0.5343
10.37	0.9442	0.941	0.5343
10.36	0.9441	0.941	0.5341
10.35	0.9441	0.9409	0.534
10.34	0.944	0.9409	0.5339
10.33	0.944	0.9408	0.5338
10.32	0.9439	0.9408	0.5336
10.31	0.9439	0.9408	0.5335
10.30	0.9438	0.9407	0.5333
10.29	0.9438	0.9407	0.5332
10.28	0.9437	0.9406	0.533
10.27	0.9437	0.9406	0.5328
10.26	0.9436	0.9406	0.5327
10.25	0.9436	0.9406	0.5325
10.24	0.9436	0.9405	0.5324
10.23	0.9435	0.9405	0.5322
10.22	0.9435	0.9404	0.532
10.21	0.9434	0.9404	0.5319
10.20	0.9434	0.9404	0.5317
10.19	0.9434	0.9403	0.5316
10.18	0.9433	0.9403	0.5315
10.17	0.9433	0.9402	0.5314
10.16	0.9432	0.9402	0.5313
10.15	0.9432	0.9401	0.5312
10.14	0.9431	0.9401	0.531
10.13	0.9431	0.9401	0.5309
10.12	0.943	0.94	0.5307
10.11	0.943	0.94	0.5305
10.10	0.9429	0.9399	0.5304
10.09	0.9429	0.9399	0.5303
10.08	0.9428	0.9398	0.5301
10.07	0.9428	0.9398	0.53
10.06	0.9428	0.9397	0.5298
10.05	0.9427	0.9397	0.5298
10.04	0.9426	0.9397	0.5297
10.03	0.9426	0.9396	0.5295
10.02	0.9425	0.9396	0.5293
10.01	0.9425	0.9395	0.5292
10.00	0.9425	0.9395	0.5291
9.999	0.9425	0.9395	0.5291
9.998	0.9424	0.9395	0.5291
9.997	0.9424	0.9395	0.5291
9.996	0.9424	0.9395	0.5291
9.995	0.9424	0.9395	0.5291
9.994	0.9424	0.9395	0.5291
9.993	0.9424	0.9395	0.529
9.992	0.9424	0.9395	0.529
9.991	0.9424	0.9395	0.529
9.990	0.9424	0.9395	0.529
9.989	0.9424	0.9395	0.529
9.988	0.9424	0.9394	0.529
9.987	0.9424	0.9394	0.529
9.986	0.9424	0.9394	0.5289
9.985	0.9424	0.9394	0.5289
9.984	0.9424	0.9394	0.5289
9.983	0.9424	0.9394	0.5289
9.982	0.9424	0.9394	0.5289
9.981	0.9424	0.9394	0.5289
9.980	0.9424	0.9394	0.5289
9.979	0.9424	0.9394	0.5289
9.978	0.9424	0.9394	0.5289
9.977	0.9423	0.9394	0.5288
9.976	0.9423	0.9394	0.5288
9.975	0.9423	0.9394	0.5288
9.974	0.9423	0.9394	0.5288
9.973	0.9423	0.9394	0.5288
9.972	0.9423	0.9394	0.5288
9.971	0.9423	0.9394	0.5287
9.970	0.9423	0.9394	0.5287
9.969	0.9423	0.9394	0.5287
9.968	0.9423	0.9394	0.5287
9.967	0.9423	0.9394	0.5287
9.966	0.9423	0.9393	0.5287
9.965	0.9423	0.9393	0.5287
9.964	0.9423	0.9393	0.5287
9.963	0.9423	0.9393	0.5287
9.962	0.9423	0.9393	0.5287
9.961	0.9423	0.9393	0.5287
9.960	0.9423	0.9393	0.5286
9.959	0.9423	0.9393	0.5286
9.958	0.9423	0.9393	0.5286
9.957	0.9423	0.9393	0.5286
9.956	0.9423	0.9393	0.5286
9.955	0.9422	0.9393	0.5286
9.954	0.9422	0.9393	0.5285
9.953	0.9422	0.9393	0.5285
9.952	0.9422	0.9393	0.5285
9.951	0.9422	0.9393	0.5285
9.950	0.9422	0.9393	0.5285
9.949	0.9422	0.9393	0.5285
9.948	0.9422	0.9393	0.5285
9.947	0.9422	0.9393	0.5285
9.946	0.9422	0.9393	0.5285
9.945	0.9422	0.9393	0.5285
9.944	0.9422	0.9393	0.5284
9.943	0.9422	0.9392	0.5284
9.942	0.9422	0.9392	0.5284
9.941	0.9422	0.9392	0.5284
9.940	0.9422	0.9392	0.5284
9.939	0.9422	0.9392	0.5284
9.938	0.9422	0.9392	0.5284
9.937	0.9422	0.9392	0.5283
9.936	0.9422	0.9392	0.5283
9.935	0.9422	0.9392	0.5283
9.934	0.9421	0.9392	0.5283
9.933	0.9421	0.9392	0.5283
9.932	0.9421	0.9392	0.5283
9.931	0.9421	0.9392	0.5282
9.930	0.9421	0.9392	0.5282
9.929	0.9421	0.9392	0.5282
9.928	0.9421	0.9392	0.5282
9.927	0.9421	0.9392	0.5282
9.926	0.9421	0.9392	0.5282
9.925	0.9421	0.9392	0.5282
9.924	0.9421	0.9392	0.5282
9.923	0.9421	0.9392	0.5281
9.922	0.9421	0.9392	0.5281
9.921	0.9421	0.9392	0.5281
9.920	0.9421	0.9392	0.5281
9.919	0.9421	0.9392	0.5281
9.918	0.9421	0.9392	0.5281
9.917	0.9421	0.9391	0.528
9.916	0.9421	0.9391	0.528
9.915	0.9421	0.9391	0.528
9.914	0.9421	0.9391	0.528
9.913	0.942	0.9391	0.528
9.912	0.942	0.9391	0.528
9.911	0.942	0.9391	0.528
9.910	0.942	0.9391	0.5279
9.909	0.942	0.9391	0.5279
9.908	0.942	0.9391	0.5279
9.907	0.942	0.9391	0.5279
9.906	0.942	0.9391	0.5279
9.905	0.942	0.9391	0.5279
9.904	0.942	0.9391	0.5278
9.903	0.942	0.9391	0.5278
9.902	0.942	0.9391	0.5278
9.901	0.942	0.9391	0.5278
9.900	0.942	0.9391	0.5278
9.899	0.942	0.9391	0.5278
9.898	0.942	0.9391	0.5278
9.897	0.942	0.9391	0.5277
9.896	0.942	0.9391	0.5277
9.895	0.942	0.9391	0.5277
9.894	0.9419	0.9391	0.5277
9.893	0.9419	0.939	0.5277
9.892	0.9419	0.939	0.5277
9.891	0.9419	0.939	0.5276
9.890	0.9419	0.939	0.5276
9.889	0.9419	0.939	0.5276
9.888	0.9419	0.939	0.5276
9.887	0.9419	0.939	0.5276
9.886	0.9419	0.939	0.5276
9.885	0.9419	0.939	0.5276
9.884	0.9419	0.939	0.5275
9.883	0.9419	0.939	0.5275
9.882	0.9419	0.939	0.5275
9.881	0.9419	0.939	0.5275
9.880	0.9419	0.939	0.5275
9.879	0.9419	0.939	0.5275
9.878	0.9419	0.939	0.5275
9.877	0.9419	0.939	0.5274
9.876	0.9418	0.939	0.5274
9.875	0.9418	0.939	0.5274
9.874	0.9418	0.939	0.5274
9.873	0.9418	0.939	0.5274
9.872	0.9418	0.939	0.5274
9.871	0.9418	0.939	0.5273
9.870	0.9418	0.939	0.5273
9.869	0.9418	0.9389	0.5273
9.868	0.9418	0.9389	0.5273
9.867	0.9418	0.9389	0.5273
9.866	0.9418	0.9389	0.5273
9.865	0.9418	0.9389	0.5273
9.864	0.9418	0.9389	0.5273
9.863	0.9418	0.9389	0.5273
9.862	0.9418	0.9389	0.5273
9.861	0.9418	0.9389	0.5273
9.860	0.9418	0.9389	0.5273
9.859	0.9418	0.9389	0.5272
9.858	0.9418	0.9389	0.5272
9.857	0.9418	0.9389	0.5272
9.856	0.9418	0.9389	0.5272
9.855	0.9418	0.9389	0.5272
9.854	0.9418	0.9389	0.5272
9.853	0.9418	0.9389	0.5272
9.852	0.9418	0.9389	0.5272
9.851	0.9417	0.9388	0.5271
9.850	0.9417	0.9388	0.5271
9.849	0.9417	0.9388	0.5271
9.848	0.9417	0.9388	0.5271
9.847	0.9417	0.9388	0.5271
9.846	0.9417	0.9388	0.5271
9.845	0.9417	0.9388	0.5271
9.844	0.9417	0.9388	0.527
9.843	0.9417	0.9388	0.527
9.842	0.9417	0.9388	0.527
9.841	0.9417	0.9388	0.527
9.840	0.9417	0.9388	0.527
9.839	0.9417	0.9388	0.527
9.838	0.9417	0.9388	0.527
9.837	0.9417	0.9388	0.527
9.836	0.9417	0.9388	0.5269
9.835	0.9417	0.9388	0.5269
9.834	0.9417	0.9388	0.5269
9.833	0.9416	0.9388	0.5269
9.832	0.9416	0.9388	0.5269
9.831	0.9416	0.9388	0.5269
9.830	0.9416	0.9388	0.5269
9.829	0.9416	0.9388	0.5269
9.828	0.9416	0.9388	0.5268
9.827	0.9416	0.9387	0.5268
9.826	0.9416	0.9387	0.5268
9.825	0.9416	0.9387	0.5268
9.824	0.9416	0.9387	0.5268
9.823	0.9416	0.9387	0.5268
9.822	0.9416	0.9387	0.5267
9.821	0.9416	0.9387	0.5267
9.820	0.9416	0.9387	0.5267
9.819	0.9416	0.9387	0.5267
9.818	0.9416	0.9387	0.5267
9.817	0.9415	0.9387	0.5267
9.816	0.9415	0.9387	0.5266
9.815	0.9415	0.9387	0.5266
9.814	0.9415	0.9387	0.5266
9.813	0.9415	0.9387	0.5266
9.812	0.9415	0.9387	0.5266
9.811	0.9415	0.9387	0.5266
9.810	0.9415	0.9386	0.5266
9.809	0.9415	0.9386	0.5266
9.808	0.9415	0.9386	0.5265
9.807	0.9415	0.9386	0.5265
9.806	0.9415	0.9386	0.5265
9.805	0.9415	0.9386	0.5265
9.804	0.9415	0.9386	0.5265
9.803	0.9415	0.9386	0.5265
9.802	0.9415	0.9386	0.5265
9.801	0.9415	0.9386	0.5265
9.800	0.9415	0.9386	0.5265
9.799	0.9415	0.9386	0.5264
9.798	0.9415	0.9386	0.5264
9.797	0.9415	0.9386	0.5264
9.796	0.9414	0.9386	0.5264
9.795	0.9414	0.9386	0.5264
9.794	0.9414	0.9386	0.5264
9.793	0.9414	0.9386	0.5264
9.792	0.9414	0.9386	0.5264
9.791	0.9414	0.9386	0.5263
9.790	0.9414	0.9385	0.5263
9.789	0.9414	0.9385	0.5263
9.788	0.9414	0.9385	0.5263
9.787	0.9414	0.9385	0.5263
9.786	0.9414	0.9385	0.5263
9.785	0.9414	0.9385	0.5263
9.784	0.9414	0.9385	0.5262
9.783	0.9414	0.9385	0.5262
9.782	0.9414	0.9385	0.5262
9.781	0.9414	0.9385	0.5262
9.780	0.9414	0.9385	0.5262
9.779	0.9414	0.9385	0.5262
9.778	0.9414	0.9385	0.5262
9.777	0.9414	0.9385	0.5262
9.776	0.9414	0.9385	0.5262
9.775	0.9413	0.9385	0.5261
9.774	0.9413	0.9385	0.5261
9.773	0.9413	0.9385	0.5261
9.772	0.9413	0.9385	0.5261
9.771	0.9413	0.9385	0.5261
9.770	0.9413	0.9385	0.5261
9.769	0.9413	0.9384	0.5261
9.768	0.9413	0.9384	0.5261
9.767	0.9413	0.9384	0.526
9.766	0.9413	0.9384	0.526
9.765	0.9413	0.9384	0.526
9.764	0.9413	0.9384	0.526
9.763	0.9413	0.9384	0.526
9.762	0.9413	0.9384	0.526
9.761	0.9412	0.9384	0.526
9.760	0.9412	0.9384	0.526
9.759	0.9412	0.9384	0.526
9.758	0.9412	0.9384	0.526
9.757	0.9412	0.9384	0.526
9.756	0.9412	0.9384	0.5259
9.755	0.9412	0.9384	0.5259
9.754	0.9412	0.9384	0.5259
9.753	0.9412	0.9384	0.5259
9.752	0.9412	0.9384	0.5258
9.751	0.9412	0.9384	0.5258
9.750	0.9412	0.9384	0.5258
9.749	0.9412	0.9384	0.5258
9.748	0.9412	0.9384	0.5258
9.747	0.9412	0.9383	0.5258
9.746	0.9412	0.9383	0.5258
9.745	0.9412	0.9383	0.5258
9.744	0.9412	0.9383	0.5257
9.743	0.9412	0.9383	0.5257
9.742	0.9412	0.9383	0.5257
9.741	0.9412	0.9383	0.5257
9.740	0.9412	0.9383	0.5257
9.739	0.9412	0.9383	0.5257
9.738	0.9411	0.9383	0.5256
9.737	0.9411	0.9383	0.5256
9.736	0.9411	0.9383	0.5256
9.735	0.9411	0.9383	0.5256
9.734	0.9411	0.9383	0.5256
9.733	0.9411	0.9383	0.5256
9.732	0.9411	0.9383	0.5256
9.731	0.9411	0.9383	0.5255
9.730	0.9411	0.9383	0.5255
9.729	0.9411	0.9383	0.5255
9.728	0.9411	0.9383	0.5255
9.727	0.9411	0.9383	0.5255
9.726	0.9411	0.9383	0.5255
9.725	0.9411	0.9383	0.5255
9.724	0.9411	0.9383	0.5255
9.723	0.9411	0.9383	0.5254
9.722	0.9411	0.9383	0.5254
9.721	0.9411	0.9383	0.5254
9.720	0.9411	0.9382	0.5254
9.719	0.9411	0.9382	0.5254
9.718	0.941	0.9382	0.5254
9.717	0.941	0.9382	0.5254
9.716	0.941	0.9382	0.5253
9.715	0.941	0.9382	0.5253
9.714	0.941	0.9382	0.5253
9.713	0.941	0.9382	0.5253
9.712	0.941	0.9382	0.5253
9.711	0.941	0.9382	0.5252
9.710	0.941	0.9382	0.5252
9.709	0.941	0.9382	0.5252
9.708	0.941	0.9382	0.5252
9.707	0.941	0.9382	0.5252
9.706	0.941	0.9382	0.5251
9.705	0.941	0.9381	0.5251
9.704	0.941	0.9381	0.5251
9.703	0.941	0.9381	0.5251
9.702	0.941	0.9381	0.5251
9.701	0.941	0.9381	0.5251
9.700	0.941	0.9381	0.5251
9.699	0.941	0.9381	0.5251
9.698	0.941	0.9381	0.525
9.697	0.941	0.9381	0.525
9.696	0.941	0.9381	0.525
9.695	0.9409	0.9381	0.525
9.694	0.9409	0.9381	0.525
9.693	0.9409	0.9381	0.525
9.692	0.9409	0.9381	0.525
9.691	0.9409	0.9381	0.525
9.690	0.9409	0.9381	0.525
9.689	0.9409	0.938	0.525
9.688	0.9409	0.938	0.5249
9.687	0.9409	0.938	0.5249
9.686	0.9409	0.938	0.5249
9.685	0.9409	0.938	0.5249
9.684	0.9409	0.938	0.5249
9.683	0.9409	0.938	0.5249
9.682	0.9409	0.938	0.5249
9.681	0.9409	0.938	0.5249
9.680	0.9409	0.938	0.5248
9.679	0.9409	0.938	0.5248
9.678	0.9409	0.938	0.5248
9.677	0.9409	0.938	0.5248
9.676	0.9409	0.938	0.5248
9.675	0.9409	0.938	0.5248
9.674	0.9409	0.938	0.5248
9.673	0.9409	0.938	0.5247
9.672	0.9408	0.938	0.5247
9.671	0.9408	0.938	0.5247
9.670	0.9408	0.938	0.5247
9.669	0.9408	0.938	0.5247
9.668	0.9408	0.938	0.5247
9.667	0.9408	0.938	0.5247
9.666	0.9408	0.938	0.5246
9.665	0.9408	0.938	0.5246
9.664	0.9408	0.9379	0.5246
9.663	0.9408	0.9379	0.5246
9.662	0.9408	0.9379	0.5246
9.661	0.9408	0.9379	0.5245
9.660	0.9408	0.9379	0.5245
9.659	0.9408	0.9379	0.5245
9.658	0.9408	0.9379	0.5245
9.657	0.9407	0.9379	0.5245
9.656	0.9407	0.9379	0.5245
9.655	0.9407	0.9379	0.5245
9.654	0.9407	0.9379	0.5245
9.653	0.9407	0.9379	0.5244
9.652	0.9407	0.9379	0.5244
9.651	0.9407	0.9379	0.5244
9.650	0.9407	0.9379	0.5244
9.649	0.9407	0.9379	0.5244
9.648	0.9407	0.9379	0.5244
9.647	0.9407	0.9379	0.5244
9.646	0.9407	0.9379	0.5244
9.645	0.9407	0.9379	0.5243
9.644	0.9407	0.9379	0.5243
9.643	0.9407	0.9378	0.5243
9.642	0.9407	0.9378	0.5243
9.641	0.9407	0.9378	0.5243
9.640	0.9407	0.9378	0.5243
9.639	0.9407	0.9378	0.5243
9.638	0.9407	0.9378	0.5242
9.637	0.9406	0.9378	0.5242
9.636	0.9406	0.9378	0.5242
9.635	0.9406	0.9378	0.5242
9.634	0.9406	0.9378	0.5242
9.633	0.9406	0.9378	0.5242
9.632	0.9406	0.9378	0.5242
9.631	0.9406	0.9378	0.5242
9.630	0.9406	0.9378	0.5241
9.629	0.9406	0.9378	0.5241
9.628	0.9406	0.9378	0.5241
9.627	0.9406	0.9378	0.5241
9.626	0.9406	0.9378	0.5241
9.625	0.9405	0.9378	0.524
9.624	0.9405	0.9378	0.524
9.623	0.9405	0.9377	0.524
9.622	0.9405	0.9377	0.524
9.621	0.9405	0.9377	0.524
9.620	0.9405	0.9377	0.524
9.619	0.9405	0.9377	0.524
9.618	0.9405	0.9377	0.5239
9.617	0.9405	0.9377	0.5239
9.616	0.9405	0.9377	0.5239
9.615	0.9405	0.9377	0.5239
9.614	0.9405	0.9377	0.5239
9.613	0.9405	0.9377	0.5239
9.612	0.9405	0.9377	0.5239
9.611	0.9405	0.9377	0.5238
9.610	0.9405	0.9377	0.5238
9.609	0.9404	0.9377	0.5238
9.608	0.9404	0.9377	0.5238
9.607	0.9404	0.9377	0.5238
9.606	0.9404	0.9377	0.5238
9.605	0.9404	0.9377	0.5238
9.604	0.9404	0.9377	0.5238
9.603	0.9404	0.9377	0.5238
9.602	0.9404	0.9377	0.5237
9.601	0.9404	0.9376	0.5237
9.600	0.9404	0.9376	0.5237
9.599	0.9404	0.9376	0.5237
9.598	0.9404	0.9376	0.5237
9.597	0.9404	0.9376	0.5237
9.596	0.9404	0.9376	0.5237
9.595	0.9404	0.9376	0.5237
9.594	0.9404	0.9376	0.5237
9.593	0.9404	0.9376	0.5236
9.592	0.9404	0.9376	0.5236
9.591	0.9404	0.9376	0.5236
9.590	0.9404	0.9376	0.5236
9.589	0.9404	0.9376	0.5236
9.588	0.9403	0.9376	0.5236
9.587	0.9403	0.9376	0.5235
9.586	0.9403	0.9375	0.5235
9.585	0.9403	0.9375	0.5235
9.584	0.9403	0.9375	0.5235
9.583	0.9403	0.9375	0.5235
9.582	0.9403	0.9375	0.5235
9.581	0.9403	0.9375	0.5235
9.580	0.9403	0.9375	0.5235
9.579	0.9403	0.9375	0.5235
9.578	0.9403	0.9375	0.5234
9.577	0.9403	0.9375	0.5234
9.576	0.9403	0.9375	0.5234
9.575	0.9403	0.9375	0.5234
9.574	0.9403	0.9375	0.5234
9.573	0.9403	0.9375	0.5234
9.572	0.9403	0.9375	0.5234
9.571	0.9403	0.9375	0.5234
9.570	0.9403	0.9375	0.5234
9.569	0.9402	0.9375	0.5233
9.568	0.9402	0.9375	0.5233
9.567	0.9402	0.9375	0.5233
9.566	0.9402	0.9374	0.5233
9.565	0.9402	0.9374	0.5233
9.564	0.9402	0.9374	0.5233
9.563	0.9402	0.9374	0.5233
9.562	0.9402	0.9374	0.5233
9.561	0.9402	0.9374	0.5232
9.560	0.9402	0.9374	0.5232
9.559	0.9402	0.9374	0.5232
9.558	0.9402	0.9374	0.5232
9.557	0.9402	0.9374	0.5232
9.556	0.9402	0.9374	0.5232
9.555	0.9402	0.9374	0.5232
9.554	0.9402	0.9374	0.5232
9.553	0.9402	0.9374	0.5231
9.552	0.9402	0.9373	0.5231
9.551	0.9401	0.9373	0.5231
9.550	0.9401	0.9373	0.5231
9.549	0.9401	0.9373	0.5231
9.548	0.9401	0.9373	0.523
9.547	0.9401	0.9373	0.523
9.546	0.9401	0.9373	0.523
9.545	0.9401	0.9373	0.523
9.544	0.9401	0.9373	0.523
9.543	0.9401	0.9373	0.523
9.542	0.9401	0.9373	0.523
9.541	0.9401	0.9373	0.523
9.540	0.9401	0.9373	0.5229
9.539	0.9401	0.9373	0.5229
9.538	0.9401	0.9373	0.5229
9.537	0.9401	0.9373	0.5229
9.536	0.94	0.9373	0.5229
9.535	0.94	0.9373	0.5229
9.534	0.94	0.9373	0.5229
9.533	0.94	0.9372	0.5229
9.532	0.94	0.9372	0.5229
9.531	0.94	0.9372	0.5228
9.530	0.94	0.9372	0.5228
9.529	0.94	0.9372	0.5228
9.528	0.94	0.9372	0.5228
9.527	0.94	0.9372	0.5228
9.526	0.94	0.9372	0.5228
9.525	0.94	0.9372	0.5228
9.524	0.94	0.9372	0.5227
9.523	0.94	0.9372	0.5227
9.522	0.94	0.9372	0.5227
9.521	0.94	0.9372	0.5227
9.520	0.94	0.9372	0.5227
9.519	0.94	0.9372	0.5227
9.518	0.94	0.9372	0.5226
9.517	0.94	0.9372	0.5226
9.516	0.94	0.9372	0.5226
9.515	0.94	0.9372	0.5226
9.514	0.9399	0.9372	0.5226
9.513	0.9399	0.9372	0.5225
9.512	0.9399	0.9372	0.5225
9.511	0.9399	0.9371	0.5225
9.510	0.9399	0.9371	0.5225
9.509	0.9399	0.9371	0.5225
9.508	0.9399	0.9371	0.5225
9.507	0.9399	0.9371	0.5225
9.506	0.9399	0.9371	0.5225
9.505	0.9399	0.9371	0.5224
9.504	0.9399	0.9371	0.5224
9.503	0.9399	0.9371	0.5224
9.502	0.9399	0.9371	0.5224
9.501	0.9399	0.9371	0.5224
9.500	0.9399	0.9371	0.5224
9.499	0.9399	0.9371	0.5224
9.498	0.9399	0.937	0.5224
9.497	0.9399	0.937	0.5223
9.496	0.9399	0.937	0.5223
9.495	0.9399	0.937	0.5223
9.494	0.9399	0.937	0.5223
9.493	0.9399	0.937	0.5223
9.492	0.9399	0.937	0.5223
9.491	0.9398	0.937	0.5223
9.490	0.9398	0.937	0.5222
9.489	0.9398	0.937	0.5222
9.488	0.9398	0.937	0.5222
9.487	0.9398	0.937	0.5222
9.486	0.9398	0.937	0.5222
9.485	0.9398	0.937	0.5222
9.484	0.9398	0.937	0.5222
9.483	0.9398	0.937	0.5221
9.482	0.9398	0.937	0.5221
9.481	0.9398	0.937	0.5221
9.480	0.9398	0.937	0.5221
9.479	0.9398	0.9369	0.5221
9.478	0.9398	0.9369	0.5221
9.477	0.9398	0.9369	0.5221
9.476	0.9398	0.9369	0.5221
9.475	0.9398	0.9369	0.522
9.474	0.9398	0.9369	0.522
9.473	0.9398	0.9369	0.522
9.472	0.9398	0.9369	0.522
9.471	0.9398	0.9369	0.522
9.470	0.9397	0.9369	0.522
9.469	0.9397	0.9369	0.522
9.468	0.9397	0.9369	0.5219
9.467	0.9397	0.9369	0.5219
9.466	0.9397	0.9369	0.5219
9.465	0.9397	0.9368	0.5219
9.464	0.9397	0.9368	0.5219
9.463	0.9397	0.9368	0.5219
9.462	0.9397	0.9368	0.5219
9.461	0.9397	0.9368	0.5218
9.460	0.9397	0.9368	0.5218
9.459	0.9397	0.9368	0.5218
9.458	0.9397	0.9368	0.5218
9.457	0.9397	0.9368	0.5218
9.456	0.9397	0.9368	0.5218
9.455	0.9397	0.9368	0.5217
9.454	0.9397	0.9368	0.5217
9.453	0.9397	0.9368	0.5217
9.452	0.9397	0.9368	0.5217
9.451	0.9397	0.9368	0.5217
9.450	0.9396	0.9368	0.5217
9.449	0.9396	0.9368	0.5216
9.448	0.9396	0.9368	0.5216
9.447	0.9396	0.9368	0.5216
9.446	0.9396	0.9368	0.5216
9.445	0.9396	0.9367	0.5216
9.444	0.9396	0.9367	0.5216
9.443	0.9396	0.9367	0.5216
9.442	0.9396	0.9367	0.5215
9.441	0.9396	0.9367	0.5215
9.440	0.9396	0.9367	0.5215
9.439	0.9396	0.9367	0.5215
9.438	0.9396	0.9367	0.5215
9.437	0.9396	0.9367	0.5215
9.436	0.9396	0.9367	0.5214
9.435	0.9396	0.9367	0.5214
9.434	0.9396	0.9367	0.5214
9.433	0.9396	0.9367	0.5214
9.432	0.9396	0.9367	0.5214
9.431	0.9396	0.9367	0.5214
9.430	0.9395	0.9367	0.5214
9.429	0.9395	0.9367	0.5214
9.428	0.9395	0.9366	0.5214
9.427	0.9395	0.9366	0.5214
9.426	0.9395	0.9366	0.5213
9.425	0.9395	0.9366	0.5213
9.424	0.9395	0.9366	0.5213
9.423	0.9395	0.9366	0.5213
9.422	0.9395	0.9366	0.5213
9.421	0.9395	0.9366	0.5213
9.420	0.9395	0.9366	0.5212
9.419	0.9395	0.9366	0.5212
9.418	0.9395	0.9366	0.5212
9.417	0.9395	0.9366	0.5212
9.416	0.9395	0.9366	0.5212
9.415	0.9395	0.9366	0.5212
9.414	0.9395	0.9366	0.5212
9.413	0.9394	0.9366	0.5212
9.412	0.9394	0.9366	0.5212
9.411	0.9394	0.9366	0.5212
9.410	0.9394	0.9366	0.5211
9.409	0.9394	0.9365	0.5211
9.408	0.9394	0.9365	0.5211
9.407	0.9394	0.9365	0.5211
9.406	0.9394	0.9365	0.5211
9.405	0.9394	0.9365	0.5211
9.404	0.9394	0.9365	0.5211
9.403	0.9394	0.9365	0.5211
9.402	0.9394	0.9365	0.5211
9.401	0.9394	0.9365	0.5211
9.400	0.9394	0.9365	0.5211
9.399	0.9394	0.9365	0.5211
9.398	0.9394	0.9365	0.521
9.397	0.9394	0.9365	0.521
9.396	0.9394	0.9365	0.521
9.395	0.9394	0.9364	0.521
9.394	0.9393	0.9364	0.521
9.393	0.9393	0.9364	0.5209
9.392	0.9393	0.9364	0.5209
9.391	0.9393	0.9364	0.5209
9.390	0.9393	0.9364	0.5209
9.389	0.9393	0.9364	0.5209
9.388	0.9393	0.9364	0.5209
9.387	0.9393	0.9364	0.5209
9.386	0.9393	0.9364	0.5209
9.385	0.9393	0.9364	0.5209
9.384	0.9393	0.9364	0.5209
9.383	0.9393	0.9364	0.5208
9.382	0.9393	0.9364	0.5208
9.381	0.9393	0.9364	0.5208
9.380	0.9393	0.9364	0.5208
9.379	0.9393	0.9364	0.5208
9.378	0.9393	0.9363	0.5208
9.377	0.9393	0.9363	0.5208
9.376	0.9393	0.9363	0.5208
9.375	0.9393	0.9363	0.5207
9.374	0.9393	0.9363	0.5207
9.373	0.9392	0.9363	0.5207
9.372	0.9392	0.9363	0.5207
9.371	0.9392	0.9363	0.5207
9.370	0.9392	0.9363	0.5207
9.369	0.9392	0.9363	0.5206
9.368	0.9392	0.9363	0.5206
9.367	0.9392	0.9363	0.5206
9.366	0.9392	0.9363	0.5206
9.365	0.9392	0.9363	0.5206
9.364	0.9392	0.9363	0.5206
9.363	0.9392	0.9363	0.5206
9.362	0.9392	0.9363	0.5205
9.361	0.9392	0.9363	0.5205
9.360	0.9392	0.9363	0.5205
9.359	0.9392	0.9362	0.5205
9.358	0.9392	0.9362	0.5205
9.357	0.9392	0.9362	0.5205
9.356	0.9392	0.9362	0.5205
9.355	0.9392	0.9362	0.5205
9.354	0.9392	0.9362	0.5204
9.353	0.9391	0.9362	0.5204
9.352	0.9391	0.9362	0.5204
9.351	0.9391	0.9362	0.5204
9.350	0.9391	0.9362	0.5204
9.349	0.9391	0.9362	0.5203
9.348	0.9391	0.9362	0.5203
9.347	0.9391	0.9362	0.5203
9.346	0.9391	0.9362	0.5203
9.345	0.9391	0.9362	0.5203
9.344	0.9391	0.9362	0.5203
9.343	0.9391	0.9362	0.5203
9.342	0.9391	0.9362	0.5203
9.341	0.9391	0.9362	0.5202
9.340	0.9391	0.9361	0.5202
9.339	0.9391	0.9361	0.5202
9.338	0.9391	0.9361	0.5202
9.337	0.9391	0.9361	0.5202
9.336	0.9391	0.9361	0.5202
9.335	0.9391	0.9361	0.5201
9.334	0.9391	0.9361	0.5201
9.333	0.939	0.9361	0.5201
9.332	0.939	0.9361	0.5201
9.331	0.939	0.9361	0.5201
9.330	0.939	0.9361	0.5201
9.329	0.939	0.9361	0.5201
9.328	0.939	0.9361	0.5201
9.327	0.939	0.9361	0.5201
9.326	0.939	0.9361	0.52
9.325	0.939	0.9361	0.52
9.324	0.939	0.9361	0.52
9.323	0.939	0.936	0.52
9.322	0.939	0.936	0.52
9.321	0.939	0.936	0.52
9.320	0.939	0.936	0.52
9.319	0.939	0.936	0.5199
9.318	0.939	0.936	0.5199
9.317	0.939	0.936	0.5199
9.316	0.939	0.936	0.5199
9.315	0.939	0.936	0.5199
9.314	0.939	0.936	0.5199
9.313	0.9389	0.936	0.5199
9.312	0.9389	0.936	0.5199
9.311	0.9389	0.936	0.5199
9.310	0.9389	0.936	0.5198
9.309	0.9389	0.936	0.5198
9.308	0.9389	0.936	0.5198
9.307	0.9389	0.936	0.5198
9.306	0.9389	0.936	0.5197
9.305	0.9389	0.9359	0.5197
9.304	0.9389	0.9359	0.5197
9.303	0.9389	0.9359	0.5197
9.302	0.9389	0.9359	0.5197
9.301	0.9389	0.9359	0.5197
9.300	0.9389	0.9359	0.5197
9.299	0.9389	0.9359	0.5197
9.298	0.9389	0.9359	0.5197
9.297	0.9389	0.9359	0.5196
9.296	0.9389	0.9359	0.5196
9.295	0.9389	0.9359	0.5196
9.294	0.9388	0.9359	0.5196
9.293	0.9388	0.9359	0.5196
9.292	0.9388	0.9359	0.5196
9.291	0.9388	0.9359	0.5196
9.290	0.9388	0.9359	0.5196
9.289	0.9388	0.9359	0.5195
9.288	0.9388	0.9359	0.5195
9.287	0.9388	0.9359	0.5195
9.286	0.9388	0.9359	0.5195
9.285	0.9388	0.9359	0.5195
9.284	0.9388	0.9359	0.5195
9.283	0.9388	0.9359	0.5194
9.282	0.9388	0.9358	0.5194
9.281	0.9388	0.9358	0.5194
9.280	0.9388	0.9358	0.5194
9.279	0.9388	0.9358	0.5194
9.278	0.9388	0.9358	0.5194
9.277	0.9388	0.9358	0.5194
9.276	0.9388	0.9358	0.5193
9.275	0.9388	0.9358	0.5193
9.274	0.9388	0.9358	0.5193
9.273	0.9388	0.9358	0.5193
9.272	0.9388	0.9358	0.5193
9.271	0.9387	0.9358	0.5193
9.270	0.9387	0.9358	0.5192
9.269	0.9387	0.9358	0.5192
9.268	0.9387	0.9358	0.5192
9.267	0.9387	0.9358	0.5192
9.266	0.9387	0.9358	0.5192
9.265	0.9387	0.9358	0.5192
9.264	0.9387	0.9357	0.5192
9.263	0.9387	0.9357	0.5191
9.262	0.9387	0.9357	0.5191
9.261	0.9387	0.9357	0.5191
9.260	0.9387	0.9357	0.5191
9.259	0.9387	0.9357	0.5191
9.258	0.9387	0.9357	0.5191
9.257	0.9386	0.9357	0.5191
9.256	0.9386	0.9357	0.5191
9.255	0.9386	0.9357	0.519
9.254	0.9386	0.9357	0.519
9.253	0.9386	0.9357	0.519
9.252	0.9386	0.9357	0.519
9.251	0.9386	0.9357	0.519
9.250	0.9386	0.9357	0.519
9.249	0.9386	0.9357	0.5189
9.248	0.9386	0.9357	0.5189
9.247	0.9386	0.9357	0.5189
9.246	0.9386	0.9357	0.5189
9.245	0.9386	0.9357	0.5189
9.244	0.9386	0.9356	0.5189
9.243	0.9386	0.9356	0.5188
9.242	0.9386	0.9356	0.5188
9.241	0.9386	0.9356	0.5188
9.240	0.9386	0.9356	0.5188
9.239	0.9386	0.9356	0.5188
9.238	0.9386	0.9356	0.5188
9.237	0.9386	0.9356	0.5188
9.236	0.9386	0.9356	0.5188
9.235	0.9386	0.9356	0.5187
9.234	0.9385	0.9356	0.5187
9.233	0.9385	0.9356	0.5187
9.232	0.9385	0.9356	0.5187
9.231	0.9385	0.9356	0.5187
9.230	0.9385	0.9356	0.5187
9.229	0.9385	0.9356	0.5186
9.228	0.9385	0.9356	0.5186
9.227	0.9385	0.9356	0.5186
9.226	0.9385	0.9356	0.5186
9.225	0.9385	0.9355	0.5186
9.224	0.9385	0.9355	0.5186
9.223	0.9385	0.9355	0.5186
9.222	0.9385	0.9355	0.5185
9.221	0.9385	0.9355	0.5185
9.220	0.9385	0.9355	0.5185
9.219	0.9385	0.9355	0.5185
9.218	0.9385	0.9355	0.5185
9.217	0.9385	0.9355	0.5185
9.216	0.9385	0.9355	0.5185
9.215	0.9384	0.9355	0.5185
9.214	0.9384	0.9355	0.5184
9.213	0.9384	0.9355	0.5184
9.212	0.9384	0.9355	0.5184
9.211	0.9384	0.9355	0.5184
9.210	0.9384	0.9355	0.5184
9.209	0.9384	0.9355	0.5184
9.208	0.9384	0.9355	0.5184
9.207	0.9384	0.9355	0.5184
9.206	0.9384	0.9355	0.5183
9.205	0.9384	0.9354	0.5183
9.204	0.9384	0.9354	0.5183
9.203	0.9384	0.9354	0.5183
9.202	0.9384	0.9354	0.5183
9.201	0.9384	0.9354	0.5183
9.200	0.9384	0.9354	0.5182
9.199	0.9384	0.9354	0.5182
9.198	0.9383	0.9354	0.5182
9.197	0.9383	0.9354	0.5182
9.196	0.9383	0.9354	0.5182
9.195	0.9383	0.9354	0.5182
9.194	0.9383	0.9354	0.5182
9.193	0.9383	0.9354	0.5182
9.192	0.9383	0.9354	0.5181
9.191	0.9383	0.9354	0.5181
9.190	0.9383	0.9354	0.5181
9.189	0.9383	0.9354	0.5181
9.188	0.9383	0.9354	0.5181
9.187	0.9383	0.9354	0.5181
9.186	0.9383	0.9353	0.5181
9.185	0.9383	0.9353	0.5181
9.184	0.9383	0.9353	0.5181
9.183	0.9383	0.9353	0.5181
9.182	0.9383	0.9353	0.5181
9.181	0.9383	0.9353	0.518
9.180	0.9383	0.9353	0.518
9.179	0.9383	0.9353	0.518
9.178	0.9382	0.9353	0.518
9.177	0.9382	0.9353	0.518
9.176	0.9382	0.9353	0.518
9.175	0.9382	0.9353	0.518
9.174	0.9382	0.9353	0.518
9.173	0.9382	0.9353	0.5179
9.172	0.9382	0.9353	0.5179
9.171	0.9382	0.9353	0.5179
9.170	0.9382	0.9353	0.5179
9.169	0.9382	0.9353	0.5179
9.168	0.9382	0.9353	0.5179
9.167	0.9382	0.9352	0.5178
9.166	0.9382	0.9352	0.5178
9.165	0.9382	0.9352	0.5178
9.164	0.9382	0.9352	0.5178
9.163	0.9382	0.9352	0.5178
9.162	0.9382	0.9352	0.5177
9.161	0.9382	0.9352	0.5177
9.160	0.9382	0.9352	0.5177
9.159	0.9382	0.9352	0.5177
9.158	0.9382	0.9352	0.5177
9.157	0.9381	0.9352	0.5177
9.156	0.9381	0.9352	0.5177
9.155	0.9381	0.9352	0.5176
9.154	0.9381	0.9352	0.5176
9.153	0.9381	0.9352	0.5176
9.152	0.9381	0.9352	0.5176
9.151	0.9381	0.9352	0.5175
9.150	0.9381	0.9352	0.5175
9.149	0.9381	0.9351	0.5175
9.148	0.9381	0.9351	0.5175
9.147	0.9381	0.9351	0.5175
9.146	0.9381	0.9351	0.5175
9.145	0.9381	0.9351	0.5175
9.144	0.9381	0.9351	0.5174
9.143	0.9381	0.9351	0.5174
9.142	0.9381	0.9351	0.5174
9.141	0.9381	0.9351	0.5174
9.140	0.938	0.9351	0.5174
9.139	0.938	0.9351	0.5174
9.138	0.938	0.9351	0.5174
9.137	0.938	0.9351	0.5173
9.136	0.938	0.9351	0.5173
9.135	0.938	0.9351	0.5173
9.134	0.938	0.935	0.5173
9.133	0.938	0.935	0.5173
9.132	0.938	0.935	0.5173
9.131	0.938	0.935	0.5173
9.130	0.938	0.935	0.5172
9.129	0.938	0.935	0.5172
9.128	0.938	0.935	0.5172
9.127	0.938	0.935	0.5172
9.126	0.938	0.935	0.5172
9.125	0.938	0.935	0.5172
9.124	0.938	0.935	0.5172
9.123	0.938	0.935	0.5172
9.122	0.9379	0.935	0.5172
9.121	0.9379	0.935	0.5171
9.120	0.9379	0.935	0.5171
9.119	0.9379	0.935	0.5171
9.118	0.9379	0.935	0.5171
9.117	0.9379	0.935	0.5171
9.116	0.9379	0.935	0.5171
9.115	0.9379	0.9349	0.5171
9.114	0.9379	0.9349	0.5171
9.113	0.9379	0.9349	0.5171
9.112	0.9379	0.9349	0.517
9.111	0.9379	0.9349	0.517
9.110	0.9379	0.9349	0.517
9.109	0.9379	0.9349	0.517
9.108	0.9379	0.9349	0.517
9.107	0.9378	0.9349	0.517
9.106	0.9378	0.9349	0.517
9.105	0.9378	0.9349	0.517
9.104	0.9378	0.9349	0.517
9.103	0.9378	0.9349	0.5169
9.102	0.9378	0.9349	0.5169
9.101	0.9378	0.9349	0.5169
9.100	0.9378	0.9348	0.5169
9.099	0.9378	0.9348	0.5169
9.098	0.9378	0.9348	0.5169
9.097	0.9378	0.9348	0.5169
9.096	0.9378	0.9348	0.5169
9.095	0.9378	0.9348	0.5168
9.094	0.9378	0.9348	0.5168
9.093	0.9378	0.9348	0.5168
9.092	0.9378	0.9348	0.5168
9.091	0.9378	0.9348	0.5168
9.090	0.9377	0.9348	0.5168
9.089	0.9377	0.9348	0.5168
9.088	0.9377	0.9348	0.5167
9.087	0.9377	0.9348	0.5167
9.086	0.9377	0.9348	0.5167
9.085	0.9377	0.9348	0.5167
9.084	0.9377	0.9348	0.5167
9.083	0.9377	0.9348	0.5167
9.082	0.9377	0.9347	0.5166
9.081	0.9377	0.9347	0.5166
9.080	0.9377	0.9347	0.5166
9.079	0.9377	0.9347	0.5166
9.078	0.9377	0.9347	0.5166
9.077	0.9376	0.9347	0.5166
9.076	0.9376	0.9347	0.5166
9.075	0.9376	0.9347	0.5166
9.074	0.9376	0.9347	0.5165
9.073	0.9376	0.9347	0.5165
9.072	0.9376	0.9347	0.5165
9.071	0.9376	0.9347	0.5165
9.070	0.9376	0.9347	0.5165
9.069	0.9376	0.9347	0.5165
9.068	0.9376	0.9347	0.5164
9.067	0.9376	0.9347	0.5164
9.066	0.9376	0.9347	0.5164
9.065	0.9376	0.9347	0.5164
9.064	0.9376	0.9347	0.5164
9.063	0.9376	0.9347	0.5164
9.062	0.9376	0.9347	0.5164
9.061	0.9376	0.9347	0.5164
9.060	0.9376	0.9347	0.5164
9.059	0.9375	0.9346	0.5164
9.058	0.9375	0.9346	0.5163
9.057	0.9375	0.9346	0.5163
9.056	0.9375	0.9346	0.5163
9.055	0.9375	0.9346	0.5163
9.054	0.9375	0.9346	0.5163
9.053	0.9375	0.9346	0.5163
9.052	0.9375	0.9346	0.5163
9.051	0.9375	0.9346	0.5163
9.050	0.9375	0.9346	0.5162
9.049	0.9375	0.9346	0.5162
9.048	0.9375	0.9346	0.5162
9.047	0.9375	0.9346	0.5162
9.046	0.9375	0.9346	0.5162
9.045	0.9375	0.9346	0.5161
9.044	0.9375	0.9346	0.5161
9.043	0.9374	0.9346	0.5161
9.042	0.9374	0.9346	0.5161
9.041	0.9374	0.9345	0.5161
9.040	0.9374	0.9345	0.5161
9.039	0.9374	0.9345	0.516
9.038	0.9374	0.9345	0.516
9.037	0.9374	0.9345	0.516
9.036	0.9374	0.9345	0.516
9.035	0.9374	0.9345	0.516
9.034	0.9374	0.9345	0.516
9.033	0.9374	0.9345	0.516
9.032	0.9374	0.9345	0.516
9.031	0.9374	0.9345	0.516
9.030	0.9374	0.9345	0.5159
9.029	0.9374	0.9345	0.5159
9.028	0.9374	0.9345	0.5159
9.027	0.9373	0.9345	0.5159
9.026	0.9373	0.9344	0.5159
9.025	0.9373	0.9344	0.5159
9.024	0.9373	0.9344	0.5158
9.023	0.9373	0.9344	0.5158
9.022	0.9373	0.9344	0.5158
9.021	0.9373	0.9344	0.5158
9.020	0.9373	0.9344	0.5158
9.019	0.9373	0.9344	0.5157
9.018	0.9373	0.9344	0.5157
9.017	0.9373	0.9344	0.5157
9.016	0.9373	0.9344	0.5157
9.015	0.9373	0.9344	0.5157
9.014	0.9373	0.9344	0.5157
9.013	0.9373	0.9344	0.5157
9.012	0.9373	0.9344	0.5157
9.011	0.9373	0.9344	0.5157
9.010	0.9373	0.9344	0.5156
9.009	0.9373	0.9344	0.5156
9.008	0.9372	0.9344	0.5156
9.007	0.9372	0.9344	0.5156
9.006	0.9372	0.9344	0.5156
9.005	0.9372	0.9344	0.5156
9.004	0.9372	0.9343	0.5156
9.003	0.9372	0.9343	0.5156
9.002	0.9372	0.9343	0.5156
9.001	0.9372	0.9343	0.5155
9.000	0.9372	0.9343	0.5155
8.999	0.9372	0.9343	0.5155
8.998	0.9372	0.9343	0.5155
8.997	0.9372	0.9343	0.5155
8.996	0.9372	0.9343	0.5155
8.995	0.9372	0.9343	0.5154
8.994	0.9371	0.9343	0.5154
8.993	0.9371	0.9343	0.5154
8.992	0.9371	0.9343	0.5154
8.991	0.9371	0.9343	0.5154
8.990	0.9371	0.9343	0.5154
8.989	0.9371	0.9343	0.5154
8.988	0.9371	0.9342	0.5154
8.987	0.9371	0.9342	0.5154
8.986	0.9371	0.9342	0.5153
8.985	0.9371	0.9342	0.5153
8.984	0.9371	0.9342	0.5153
8.983	0.9371	0.9342	0.5153
8.982	0.9371	0.9342	0.5153
8.981	0.9371	0.9342	0.5153
8.980	0.9371	0.9342	0.5153
8.979	0.9371	0.9342	0.5153
8.978	0.937	0.9342	0.5153
8.977	0.937	0.9342	0.5153
8.976	0.937	0.9342	0.5153
8.975	0.937	0.9342	0.5153
8.974	0.937	0.9342	0.5152
8.973	0.937	0.9341	0.5152
8.972	0.937	0.9341	0.5152
8.971	0.937	0.9341	0.5152
8.970	0.937	0.9341	0.5151
8.969	0.937	0.9341	0.5151
8.968	0.937	0.9341	0.5151
8.967	0.937	0.9341	0.5151
8.966	0.937	0.9341	0.5151
8.965	0.937	0.9341	0.5151
8.964	0.937	0.9341	0.5151
8.963	0.937	0.9341	0.515
8.962	0.9369	0.9341	0.515
8.961	0.9369	0.9341	0.515
8.960	0.9369	0.9341	0.515
8.959	0.9369	0.9341	0.515
8.958	0.9369	0.9341	0.5149
8.957	0.9369	0.9341	0.5149
8.956	0.9369	0.9341	0.5149
8.955	0.9369	0.934	0.5149
8.954	0.9369	0.934	0.5149
8.953	0.9369	0.934	0.5149
8.952	0.9369	0.934	0.5148
8.951	0.9369	0.934	0.5148
8.950	0.9369	0.934	0.5148
8.949	0.9369	0.934	0.5148
8.948	0.9369	0.934	0.5148
8.947	0.9368	0.934	0.5148
8.946	0.9368	0.934	0.5148
8.945	0.9368	0.934	0.5147
8.944	0.9368	0.934	0.5147
8.943	0.9368	0.934	0.5147
8.942	0.9368	0.934	0.5147
8.941	0.9368	0.934	0.5147
8.940	0.9368	0.934	0.5147
8.939	0.9368	0.934	0.5147
8.938	0.9368	0.934	0.5147
8.937	0.9368	0.934	0.5147
8.936	0.9368	0.9339	0.5147
8.935	0.9368	0.9339	0.5146
8.934	0.9368	0.9339	0.5146
8.933	0.9368	0.9339	0.5146
8.932	0.9367	0.9339	0.5146
8.931	0.9367	0.9339	0.5146
8.930	0.9367	0.9339	0.5146
8.929	0.9367	0.9339	0.5146
8.928	0.9367	0.9339	0.5146
8.927	0.9367	0.9339	0.5145
8.926	0.9367	0.9339	0.5145
8.925	0.9367	0.9339	0.5145
8.924	0.9367	0.9339	0.5145
8.923	0.9367	0.9339	0.5145
8.922	0.9367	0.9339	0.5145
8.921	0.9367	0.9339	0.5145
8.920	0.9367	0.9338	0.5144
8.919	0.9367	0.9338	0.5144
8.918	0.9367	0.9338	0.5144
8.917	0.9367	0.9338	0.5144
8.916	0.9367	0.9338	0.5144
8.915	0.9367	0.9338	0.5144
8.914	0.9367	0.9338	0.5143
8.913	0.9366	0.9338	0.5143
8.912	0.9366	0.9338	0.5143
8.911	0.9366	0.9338	0.5143
8.910	0.9366	0.9338	0.5143
8.909	0.9366	0.9338	0.5142
8.908	0.9366	0.9338	0.5142
8.907	0.9366	0.9338	0.5142
8.906	0.9366	0.9338	0.5142
8.905	0.9366	0.9338	0.5142
8.904	0.9366	0.9338	0.5142
8.903	0.9366	0.9338	0.5141
8.902	0.9366	0.9338	0.5141
8.901	0.9366	0.9338	0.5141
8.900	0.9366	0.9338	0.5141
8.899	0.9366	0.9337	0.5141
8.898	0.9366	0.9337	0.5141
8.897	0.9366	0.9337	0.5141
8.896	0.9366	0.9337	0.514
8.895	0.9365	0.9337	0.514
8.894	0.9365	0.9337	0.514
8.893	0.9365	0.9337	0.514
8.892	0.9365	0.9337	0.514
8.891	0.9365	0.9337	0.514
8.890	0.9365	0.9337	0.514
8.889	0.9365	0.9337	0.514
8.888	0.9365	0.9337	0.514
8.887	0.9365	0.9337	0.514
8.886	0.9365	0.9337	0.5139
8.885	0.9365	0.9337	0.5139
8.884	0.9365	0.9336	0.5139
8.883	0.9365	0.9336	0.5139
8.882	0.9365	0.9336	0.5139
8.881	0.9365	0.9336	0.5139
8.880	0.9365	0.9336	0.5138
8.879	0.9365	0.9336	0.5138
8.878	0.9365	0.9336	0.5138
8.877	0.9365	0.9336	0.5138
8.876	0.9365	0.9336	0.5138
8.875	0.9364	0.9336	0.5137
8.874	0.9364	0.9336	0.5137
8.873	0.9364	0.9336	0.5137
8.872	0.9364	0.9336	0.5137
8.871	0.9364	0.9335	0.5137
8.870	0.9364	0.9335	0.5136
8.869	0.9364	0.9335	0.5136
8.868	0.9364	0.9335	0.5136
8.867	0.9364	0.9335	0.5136
8.866	0.9364	0.9335	0.5136
8.865	0.9364	0.9335	0.5136
8.864	0.9364	0.9335	0.5136
8.863	0.9364	0.9335	0.5136
8.862	0.9364	0.9335	0.5136
8.861	0.9364	0.9335	0.5135
8.860	0.9364	0.9335	0.5135
8.859	0.9364	0.9335	0.5135
8.858	0.9364	0.9335	0.5135
8.857	0.9364	0.9335	0.5135
8.856	0.9363	0.9335	0.5135
8.855	0.9363	0.9335	0.5135
8.854	0.9363	0.9335	0.5134
8.853	0.9363	0.9335	0.5134
8.852	0.9363	0.9335	0.5134
8.851	0.9363	0.9334	0.5134
8.850	0.9363	0.9334	0.5134
8.849	0.9363	0.9334	0.5133
8.848	0.9363	0.9334	0.5133
8.847	0.9363	0.9334	0.5133
8.846	0.9363	0.9334	0.5133
8.845	0.9363	0.9334	0.5133
8.844	0.9363	0.9334	0.5133
8.843	0.9363	0.9334	0.5132
8.842	0.9363	0.9334	0.5132
8.841	0.9363	0.9334	0.5132
8.840	0.9363	0.9334	0.5132
8.839	0.9362	0.9334	0.5132
8.838	0.9362	0.9334	0.5132
8.837	0.9362	0.9334	0.5132
8.836	0.9362	0.9333	0.5132
8.835	0.9362	0.9333	0.5131
8.834	0.9362	0.9333	0.5131
8.833	0.9362	0.9333	0.5131
8.832	0.9362	0.9333	0.5131
8.831	0.9362	0.9333	0.5131
8.830	0.9362	0.9333	0.5131
8.829	0.9362	0.9333	0.5131
8.828	0.9362	0.9333	0.5131
8.827	0.9362	0.9333	0.5131
8.826	0.9362	0.9333	0.5131
8.825	0.9362	0.9333	0.513
8.824	0.9362	0.9333	0.513
8.823	0.9362	0.9333	0.513
8.822	0.9362	0.9333	0.513
8.821	0.9362	0.9333	0.513
8.820	0.9362	0.9333	0.5129
8.819	0.9361	0.9333	0.5129
8.818	0.9361	0.9332	0.5129
8.817	0.9361	0.9332	0.5129
8.816	0.9361	0.9332	0.5129
8.815	0.9361	0.9332	0.5129
8.814	0.9361	0.9332	0.5129
8.813	0.9361	0.9332	0.5129
8.812	0.9361	0.9332	0.5128
8.811	0.9361	0.9332	0.5128
8.810	0.9361	0.9332	0.5128
8.809	0.9361	0.9332	0.5128
8.808	0.9361	0.9332	0.5128
8.807	0.9361	0.9332	0.5128
8.806	0.936	0.9332	0.5127
8.805	0.936	0.9332	0.5127
8.804	0.936	0.9332	0.5127
8.803	0.936	0.9332	0.5127
8.802	0.936	0.9332	0.5127
8.801	0.936	0.9332	0.5127
8.800	0.936	0.9331	0.5127
8.799	0.936	0.9331	0.5126
8.798	0.936	0.9331	0.5126
8.797	0.936	0.9331	0.5126
8.796	0.936	0.9331	0.5126
8.795	0.936	0.9331	0.5126
8.794	0.936	0.9331	0.5126
8.793	0.936	0.9331	0.5125
8.792	0.936	0.9331	0.5125
8.791	0.936	0.9331	0.5125
8.790	0.936	0.9331	0.5125
8.789	0.9359	0.9331	0.5125
8.788	0.9359	0.9331	0.5125
8.787	0.9359	0.9331	0.5125
8.786	0.9359	0.9331	0.5125
8.785	0.9359	0.9331	0.5125
8.784	0.9359	0.933	0.5124
8.783	0.9359	0.933	0.5124
8.782	0.9359	0.933	0.5124
8.781	0.9359	0.933	0.5124
8.780	0.9359	0.933	0.5124
8.779	0.9359	0.933	0.5124
8.778	0.9359	0.933	0.5123
8.777	0.9359	0.933	0.5123
8.776	0.9359	0.933	0.5123
8.775	0.9359	0.933	0.5123
8.774	0.9359	0.933	0.5123
8.773	0.9358	0.933	0.5123
8.772	0.9358	0.933	0.5123
8.771	0.9358	0.933	0.5122
8.770	0.9358	0.933	0.5122
8.769	0.9358	0.933	0.5122
8.768	0.9358	0.933	0.5122
8.767	0.9358	0.9329	0.5122
8.766	0.9358	0.9329	0.5122
8.765	0.9358	0.9329	0.5121
8.764	0.9358	0.9329	0.5121
8.763	0.9358	0.9329	0.5121
8.762	0.9358	0.9329	0.5121
8.761	0.9358	0.9329	0.5121
8.760	0.9358	0.9329	0.512
8.759	0.9358	0.9329	0.512
8.758	0.9358	0.9329	0.512
8.757	0.9358	0.9329	0.512
8.756	0.9358	0.9329	0.512
8.755	0.9357	0.9329	0.512
8.754	0.9357	0.9329	0.512
8.753	0.9357	0.9329	0.5119
8.752	0.9357	0.9329	0.5119
8.751	0.9357	0.9329	0.5119
8.750	0.9357	0.9329	0.5119
8.749	0.9357	0.9328	0.5119
8.748	0.9357	0.9328	0.5119
8.747	0.9357	0.9328	0.5118
8.746	0.9357	0.9328	0.5118
8.745	0.9357	0.9328	0.5118
8.744	0.9357	0.9328	0.5118
8.743	0.9357	0.9328	0.5118
8.742	0.9357	0.9328	0.5118
8.741	0.9357	0.9328	0.5117
8.740	0.9357	0.9328	0.5117
8.739	0.9357	0.9328	0.5117
8.738	0.9356	0.9328	0.5117
8.737	0.9356	0.9328	0.5117
8.736	0.9356	0.9328	0.5117
8.735	0.9356	0.9328	0.5117
8.734	0.9356	0.9328	0.5117
8.733	0.9356	0.9327	0.5116
8.732	0.9356	0.9327	0.5116
8.731	0.9356	0.9327	0.5116
8.730	0.9356	0.9327	0.5116
8.729	0.9356	0.9327	0.5116
8.728	0.9356	0.9327	0.5116
8.727	0.9356	0.9327	0.5115
8.726	0.9356	0.9327	0.5115
8.725	0.9355	0.9327	0.5115
8.724	0.9355	0.9327	0.5115
8.723	0.9355	0.9327	0.5115
8.722	0.9355	0.9327	0.5115
8.721	0.9355	0.9327	0.5115
8.720	0.9355	0.9327	0.5114
8.719	0.9355	0.9327	0.5114
8.718	0.9355	0.9327	0.5114
8.717	0.9355	0.9327	0.5114
8.716	0.9355	0.9326	0.5114
8.715	0.9355	0.9326	0.5114
8.714	0.9355	0.9326	0.5113
8.713	0.9355	0.9326	0.5113
8.712	0.9355	0.9326	0.5113
8.711	0.9355	0.9326	0.5113
8.710	0.9355	0.9326	0.5113
8.709	0.9354	0.9326	0.5113
8.708	0.9354	0.9326	0.5113
8.707	0.9354	0.9326	0.5113
8.706	0.9354	0.9326	0.5113
8.705	0.9354	0.9326	0.5113
8.704	0.9354	0.9326	0.5112
8.703	0.9354	0.9326	0.5112
8.702	0.9354	0.9326	0.5112
8.701	0.9354	0.9326	0.5112
8.700	0.9354	0.9326	0.5112
8.699	0.9354	0.9325	0.5111
8.698	0.9354	0.9325	0.5111
8.697	0.9354	0.9325	0.5111
8.696	0.9354	0.9325	0.5111
8.695	0.9354	0.9325	0.5111
8.694	0.9353	0.9325	0.5111
8.693	0.9353	0.9325	0.5111
8.692	0.9353	0.9325	0.511
8.691	0.9353	0.9325	0.511
8.690	0.9353	0.9325	0.511
8.689	0.9353	0.9325	0.511
8.688	0.9353	0.9325	0.511
8.687	0.9353	0.9325	0.511
8.686	0.9353	0.9325	0.511
8.685	0.9353	0.9325	0.511
8.684	0.9353	0.9325	0.5109
8.683	0.9353	0.9325	0.5109
8.682	0.9352	0.9324	0.5109
8.681	0.9352	0.9324	0.5109
8.680	0.9352	0.9324	0.5109
8.679	0.9352	0.9324	0.5109
8.678	0.9352	0.9324	0.5108
8.677	0.9352	0.9324	0.5108
8.676	0.9352	0.9324	0.5108
8.675	0.9352	0.9324	0.5108
8.674	0.9352	0.9324	0.5108
8.673	0.9352	0.9324	0.5108
8.672	0.9352	0.9324	0.5108
8.671	0.9352	0.9324	0.5107
8.670	0.9352	0.9324	0.5107
8.669	0.9352	0.9323	0.5107
8.668	0.9351	0.9323	0.5107
8.667	0.9351	0.9323	0.5107
8.666	0.9351	0.9323	0.5107
8.665	0.9351	0.9323	0.5106
8.664	0.9351	0.9323	0.5106
8.663	0.9351	0.9323	0.5106
8.662	0.9351	0.9323	0.5106
8.661	0.9351	0.9323	0.5106
8.660	0.9351	0.9323	0.5105
8.659	0.9351	0.9323	0.5105
8.658	0.9351	0.9323	0.5105
8.657	0.9351	0.9323	0.5105
8.656	0.9351	0.9323	0.5105
8.655	0.9351	0.9323	0.5104
8.654	0.9351	0.9322	0.5104
8.653	0.9351	0.9322	0.5104
8.652	0.935	0.9322	0.5104
8.651	0.935	0.9322	0.5104
8.650	0.935	0.9322	0.5104
8.649	0.935	0.9322	0.5103
8.648	0.935	0.9322	0.5103
8.647	0.935	0.9322	0.5103
8.646	0.935	0.9322	0.5103
8.645	0.935	0.9322	0.5103
8.644	0.935	0.9322	0.5103
8.643	0.935	0.9322	0.5102
8.642	0.935	0.9322	0.5102
8.641	0.935	0.9322	0.5102
8.640	0.935	0.9322	0.5102
8.639	0.935	0.9322	0.5102
8.638	0.9349	0.9321	0.5102
8.637	0.9349	0.9321	0.5102
8.636	0.9349	0.9321	0.5102
8.635	0.9349	0.9321	0.5102
8.634	0.9349	0.9321	0.5101
8.633	0.9349	0.9321	0.5101
8.632	0.9349	0.9321	0.5101
8.631	0.9349	0.9321	0.5101
8.630	0.9349	0.9321	0.5101
8.629	0.9349	0.9321	0.5101
8.628	0.9349	0.9321	0.51
8.627	0.9349	0.9321	0.51
8.626	0.9349	0.9321	0.51
8.625	0.9349	0.9321	0.51
8.624	0.9349	0.9321	0.51
8.623	0.9349	0.932	0.51
8.622	0.9349	0.932	0.51
8.621	0.9348	0.932	0.5099
8.620	0.9348	0.932	0.5099
8.619	0.9348	0.932	0.5099
8.618	0.9348	0.932	0.5099
8.617	0.9348	0.932	0.5098
8.616	0.9348	0.932	0.5098
8.615	0.9348	0.932	0.5098
8.614	0.9348	0.932	0.5098
8.613	0.9348	0.932	0.5098
8.612	0.9348	0.932	0.5098
8.611	0.9348	0.932	0.5098
8.610	0.9348	0.932	0.5098
8.609	0.9348	0.932	0.5098
8.608	0.9348	0.932	0.5098
8.607	0.9347	0.9319	0.5097
8.606	0.9347	0.9319	0.5097
8.605	0.9347	0.9319	0.5097
8.604	0.9347	0.9319	0.5097
8.603	0.9347	0.9319	0.5097
8.602	0.9347	0.9319	0.5097
8.601	0.9347	0.9319	0.5097
8.600	0.9347	0.9319	0.5096
8.599	0.9347	0.9319	0.5096
8.598	0.9347	0.9319	0.5096
8.597	0.9347	0.9319	0.5096
8.596	0.9347	0.9319	0.5096
8.595	0.9347	0.9319	0.5096
8.594	0.9347	0.9319	0.5096
8.593	0.9347	0.9319	0.5096
8.592	0.9347	0.9319	0.5095
8.591	0.9346	0.9318	0.5095
8.590	0.9346	0.9318	0.5095
8.589	0.9346	0.9318	0.5095
8.588	0.9346	0.9318	0.5095
8.587	0.9346	0.9318	0.5095
8.586	0.9346	0.9318	0.5094
8.585	0.9346	0.9318	0.5094
8.584	0.9346	0.9318	0.5094
8.583	0.9346	0.9318	0.5094
8.582	0.9346	0.9318	0.5094
8.581	0.9346	0.9318	0.5094
8.580	0.9346	0.9318	0.5094
8.579	0.9346	0.9318	0.5094
8.578	0.9346	0.9318	0.5094
8.577	0.9346	0.9318	0.5093
8.576	0.9346	0.9318	0.5093
8.575	0.9346	0.9317	0.5093
8.574	0.9346	0.9317	0.5093
8.573	0.9346	0.9317	0.5093
8.572	0.9345	0.9317	0.5092
8.571	0.9345	0.9317	0.5092
8.570	0.9345	0.9317	0.5092
8.569	0.9345	0.9317	0.5092
8.568	0.9345	0.9317	0.5092
8.567	0.9345	0.9317	0.5091
8.566	0.9345	0.9317	0.5091
8.565	0.9345	0.9317	0.5091
8.564	0.9345	0.9317	0.5091
8.563	0.9345	0.9317	0.5091
8.562	0.9345	0.9317	0.5091
8.561	0.9345	0.9317	0.5091
8.560	0.9345	0.9317	0.509
8.559	0.9345	0.9317	0.509
8.558	0.9345	0.9317	0.509
8.557	0.9345	0.9316	0.509
8.556	0.9345	0.9316	0.509
8.555	0.9344	0.9316	0.509
8.554	0.9344	0.9316	0.5089
8.553	0.9344	0.9316	0.5089
8.552	0.9344	0.9316	0.5089
8.551	0.9344	0.9316	0.5089
8.550	0.9344	0.9316	0.5088
8.549	0.9344	0.9316	0.5088
8.548	0.9344	0.9316	0.5088
8.547	0.9344	0.9316	0.5088
8.546	0.9344	0.9316	0.5088
8.545	0.9344	0.9316	0.5087
8.544	0.9344	0.9316	0.5087
8.543	0.9344	0.9316	0.5087
8.542	0.9344	0.9315	0.5087
8.541	0.9344	0.9315	0.5087
8.540	0.9344	0.9315	0.5087
8.539	0.9344	0.9315	0.5087
8.538	0.9344	0.9315	0.5087
8.537	0.9344	0.9315	0.5086
8.536	0.9343	0.9315	0.5086
8.535	0.9343	0.9315	0.5086
8.534	0.9343	0.9315	0.5086
8.533	0.9343	0.9315	0.5086
8.532	0.9343	0.9315	0.5086
8.531	0.9343	0.9315	0.5086
8.530	0.9343	0.9315	0.5086
8.529	0.9343	0.9315	0.5086
8.528	0.9343	0.9315	0.5085
8.527	0.9343	0.9315	0.5085
8.526	0.9343	0.9315	0.5085
8.525	0.9342	0.9315	0.5085
8.524	0.9342	0.9315	0.5085
8.523	0.9342	0.9314	0.5084
8.522	0.9342	0.9314	0.5084
8.521	0.9342	0.9314	0.5084
8.520	0.9342	0.9314	0.5084
8.519	0.9342	0.9314	0.5084
8.518	0.9342	0.9314	0.5083
8.517	0.9342	0.9314	0.5083
8.516	0.9342	0.9314	0.5083
8.515	0.9342	0.9314	0.5082
8.514	0.9342	0.9314	0.5082
8.513	0.9342	0.9314	0.5082
8.512	0.9341	0.9314	0.5082
8.511	0.9341	0.9314	0.5082
8.510	0.9341	0.9313	0.5081
8.509	0.9341	0.9313	0.5081
8.508	0.9341	0.9313	0.5081
8.507	0.9341	0.9313	0.5081
8.506	0.9341	0.9313	0.5081
8.505	0.9341	0.9313	0.5081
8.504	0.9341	0.9313	0.508
8.503	0.9341	0.9313	0.508
8.502	0.9341	0.9313	0.508
8.501	0.9341	0.9313	0.508
8.500	0.9341	0.9313	0.5079
8.499	0.9341	0.9313	0.5079
8.498	0.9341	0.9313	0.5079
8.497	0.934	0.9313	0.5079
8.496	0.934	0.9313	0.5079
8.495	0.934	0.9313	0.5079
8.494	0.934	0.9312	0.5078
8.493	0.934	0.9312	0.5078
8.492	0.934	0.9312	0.5078
8.491	0.934	0.9312	0.5078
8.490	0.934	0.9312	0.5078
8.489	0.934	0.9312	0.5078
8.488	0.934	0.9312	0.5078
8.487	0.934	0.9312	0.5078
8.486	0.934	0.9312	0.5078
8.485	0.934	0.9312	0.5078
8.484	0.934	0.9312	0.5077
8.483	0.934	0.9312	0.5077
8.482	0.9339	0.9312	0.5077
8.481	0.9339	0.9312	0.5077
8.480	0.9339	0.9312	0.5077
8.479	0.9339	0.9312	0.5077
8.478	0.9339	0.9312	0.5077
8.477	0.9339	0.9311	0.5077
8.476	0.9339	0.9311	0.5076
8.475	0.9339	0.9311	0.5076
8.474	0.9339	0.9311	0.5076
8.473	0.9339	0.9311	0.5076
8.472	0.9339	0.9311	0.5076
8.471	0.9339	0.9311	0.5075
8.470	0.9339	0.9311	0.5075
8.469	0.9339	0.9311	0.5075
8.468	0.9339	0.9311	0.5075
8.467	0.9338	0.9311	0.5075
8.466	0.9338	0.9311	0.5075
8.465	0.9338	0.9311	0.5074
8.464	0.9338	0.931	0.5074
8.463	0.9338	0.931	0.5074
8.462	0.9338	0.931	0.5074
8.461	0.9338	0.931	0.5074
8.460	0.9338	0.931	0.5074
8.459	0.9338	0.931	0.5074
8.458	0.9338	0.931	0.5074
8.457	0.9338	0.931	0.5073
8.456	0.9338	0.931	0.5073
8.455	0.9337	0.931	0.5073
8.454	0.9337	0.931	0.5073
8.453	0.9337	0.931	0.5073
8.452	0.9337	0.931	0.5072
8.451	0.9337	0.931	0.5072
8.450	0.9337	0.931	0.5072
8.449	0.9337	0.931	0.5072
8.448	0.9337	0.931	0.5072
8.447	0.9337	0.9309	0.5072
8.446	0.9337	0.9309	0.5072
8.445	0.9337	0.9309	0.5072
8.444	0.9337	0.9309	0.5071
8.443	0.9337	0.9309	0.5071
8.442	0.9336	0.9309	0.5071
8.441	0.9336	0.9309	0.5071
8.440	0.9336	0.9309	0.5071
8.439	0.9336	0.9309	0.5071
8.438	0.9336	0.9309	0.5071
8.437	0.9336	0.9309	0.5071
8.436	0.9336	0.9309	0.507
8.435	0.9336	0.9309	0.507
8.434	0.9336	0.9309	0.507
8.433	0.9336	0.9308	0.507
8.432	0.9336	0.9308	0.507
8.431	0.9336	0.9308	0.507
8.430	0.9336	0.9308	0.507
8.429	0.9336	0.9308	0.507
8.428	0.9336	0.9308	0.5069
8.427	0.9336	0.9308	0.5069
8.426	0.9336	0.9308	0.5069
8.425	0.9335	0.9308	0.5069
8.424	0.9335	0.9308	0.5069
8.423	0.9335	0.9308	0.5068
8.422	0.9335	0.9308	0.5068
8.421	0.9335	0.9308	0.5068
8.420	0.9335	0.9308	0.5068
8.419	0.9335	0.9308	0.5068
8.418	0.9335	0.9307	0.5068
8.417	0.9334	0.9307	0.5068
8.416	0.9334	0.9307	0.5068
8.415	0.9334	0.9307	0.5068
8.414	0.9334	0.9307	0.5067
8.413	0.9334	0.9307	0.5067
8.412	0.9334	0.9307	0.5067
8.411	0.9334	0.9307	0.5067
8.410	0.9334	0.9307	0.5067
8.409	0.9334	0.9307	0.5067
8.408	0.9334	0.9307	0.5066
8.407	0.9334	0.9307	0.5066
8.406	0.9334	0.9307	0.5066
8.405	0.9334	0.9307	0.5066
8.404	0.9333	0.9307	0.5066
8.403	0.9333	0.9307	0.5066
8.402	0.9333	0.9307	0.5066
8.401	0.9333	0.9306	0.5065
8.400	0.9333	0.9306	0.5065
8.399	0.9333	0.9306	0.5065
8.398	0.9333	0.9306	0.5065
8.397	0.9333	0.9306	0.5065
8.396	0.9333	0.9306	0.5065
8.395	0.9333	0.9306	0.5064
8.394	0.9333	0.9306	0.5064
8.393	0.9333	0.9306	0.5064
8.392	0.9333	0.9306	0.5064
8.391	0.9332	0.9306	0.5064
8.390	0.9332	0.9306	0.5064
8.389	0.9332	0.9306	0.5064
8.388	0.9332	0.9305	0.5063
8.387	0.9332	0.9305	0.5063
8.386	0.9332	0.9305	0.5063
8.385	0.9332	0.9305	0.5063
8.384	0.9332	0.9305	0.5063
8.383	0.9332	0.9305	0.5063
8.382	0.9332	0.9305	0.5063
8.381	0.9332	0.9305	0.5062
8.380	0.9332	0.9305	0.5062
8.379	0.9332	0.9305	0.5062
8.378	0.9331	0.9305	0.5062
8.377	0.9331	0.9305	0.5062
8.376	0.9331	0.9305	0.5062
8.375	0.9331	0.9305	0.5061
8.374	0.9331	0.9305	0.5061
8.373	0.9331	0.9304	0.5061
8.372	0.9331	0.9304	0.5061
8.371	0.9331	0.9304	0.5061
8.370	0.9331	0.9304	0.5061
8.369	0.9331	0.9304	0.5061
8.368	0.9331	0.9304	0.5061
8.367	0.9331	0.9304	0.5061
8.366	0.9331	0.9304	0.506
8.365	0.9331	0.9304	0.506
8.364	0.9331	0.9304	0.506
8.363	0.933	0.9304	0.506
8.362	0.933	0.9304	0.506
8.361	0.933	0.9304	0.506
8.360	0.933	0.9304	0.5059
8.359	0.933	0.9304	0.5059
8.358	0.933	0.9303	0.5059
8.357	0.933	0.9303	0.5059
8.356	0.933	0.9303	0.5059
8.355	0.933	0.9303	0.5059
8.354	0.933	0.9303	0.5059
8.353	0.933	0.9303	0.5059
8.352	0.933	0.9303	0.5058
8.351	0.933	0.9303	0.5058
8.350	0.9329	0.9303	0.5058
8.349	0.9329	0.9303	0.5058
8.348	0.9329	0.9303	0.5058
8.347	0.9329	0.9303	0.5058
8.346	0.9329	0.9303	0.5057
8.345	0.9329	0.9303	0.5057
8.344	0.9329	0.9303	0.5057
8.343	0.9329	0.9303	0.5057
8.342	0.9329	0.9303	0.5057
8.341	0.9329	0.9303	0.5057
8.340	0.9329	0.9302	0.5056
8.339	0.9329	0.9302	0.5056
8.338	0.9329	0.9302	0.5056
8.337	0.9329	0.9302	0.5056
8.336	0.9329	0.9302	0.5056
8.335	0.9328	0.9302	0.5056
8.334	0.9328	0.9302	0.5055
8.333	0.9328	0.9302	0.5055
8.332	0.9328	0.9302	0.5055
8.331	0.9328	0.9302	0.5055
8.330	0.9328	0.9302	0.5055
8.329	0.9328	0.9302	0.5055
8.328	0.9328	0.9302	0.5054
8.327	0.9328	0.9302	0.5054
8.326	0.9328	0.9302	0.5054
8.325	0.9328	0.9302	0.5054
8.324	0.9328	0.9301	0.5054
8.323	0.9328	0.9301	0.5054
8.322	0.9327	0.9301	0.5053
8.321	0.9327	0.9301	0.5053
8.320	0.9327	0.9301	0.5053
8.319	0.9327	0.9301	0.5053
8.318	0.9327	0.9301	0.5053
8.317	0.9327	0.9301	0.5053
8.316	0.9327	0.9301	0.5052
8.315	0.9327	0.9301	0.5052
8.314	0.9327	0.9301	0.5052
8.313	0.9327	0.93	0.5052
8.312	0.9327	0.93	0.5052
8.311	0.9327	0.93	0.5052
8.310	0.9327	0.93	0.5052
8.309	0.9327	0.93	0.5051
8.308	0.9327	0.93	0.5051
8.307	0.9326	0.93	0.5051
8.306	0.9326	0.93	0.5051
8.305	0.9326	0.93	0.5051
8.304	0.9326	0.93	0.5051
8.303	0.9326	0.93	0.5051
8.302	0.9326	0.93	0.5051
8.301	0.9326	0.93	0.505
8.300	0.9326	0.9299	0.505
8.299	0.9326	0.9299	0.505
8.298	0.9326	0.9299	0.505
8.297	0.9326	0.9299	0.505
8.296	0.9325	0.9299	0.505
8.295	0.9325	0.9299	0.505
8.294	0.9325	0.9299	0.505
8.293	0.9325	0.9299	0.505
8.292	0.9325	0.9299	0.5049
8.291	0.9325	0.9299	0.5049
8.290	0.9325	0.9299	0.5049
8.289	0.9325	0.9299	0.5049
8.288	0.9325	0.9298	0.5049
8.287	0.9325	0.9298	0.5049
8.286	0.9325	0.9298	0.5048
8.285	0.9325	0.9298	0.5048
8.284	0.9325	0.9298	0.5048
8.283	0.9325	0.9298	0.5048
8.282	0.9325	0.9298	0.5048
8.281	0.9324	0.9298	0.5048
8.280	0.9324	0.9298	0.5047
8.279	0.9324	0.9298	0.5047
8.278	0.9324	0.9298	0.5047
8.277	0.9324	0.9298	0.5047
8.276	0.9324	0.9298	0.5047
8.275	0.9324	0.9298	0.5047
8.274	0.9324	0.9298	0.5047
8.273	0.9324	0.9297	0.5046
8.272	0.9324	0.9297	0.5046
8.271	0.9324	0.9297	0.5046
8.270	0.9324	0.9297	0.5046
8.269	0.9324	0.9297	0.5046
8.268	0.9324	0.9297	0.5046
8.267	0.9323	0.9297	0.5046
8.266	0.9323	0.9297	0.5045
8.265	0.9323	0.9297	0.5045
8.264	0.9323	0.9297	0.5045
8.263	0.9323	0.9297	0.5045
8.262	0.9323	0.9297	0.5045
8.261	0.9323	0.9297	0.5045
8.260	0.9323	0.9297	0.5045
8.259	0.9323	0.9297	0.5044
8.258	0.9323	0.9297	0.5044
8.257	0.9323	0.9297	0.5044
8.256	0.9323	0.9296	0.5044
8.255	0.9323	0.9296	0.5044
8.254	0.9323	0.9296	0.5044
8.253	0.9323	0.9296	0.5043
8.252	0.9322	0.9296	0.5043
8.251	0.9322	0.9296	0.5043
8.250	0.9322	0.9296	0.5043
8.249	0.9322	0.9296	0.5043
8.248	0.9322	0.9296	0.5043
8.247	0.9322	0.9296	0.5043
8.246	0.9322	0.9296	0.5042
8.245	0.9322	0.9296	0.5042
8.244	0.9322	0.9296	0.5042
8.243	0.9322	0.9295	0.5042
8.242	0.9322	0.9295	0.5042
8.241	0.9322	0.9295	0.5042
8.240	0.9322	0.9295	0.5041
8.239	0.9322	0.9295	0.5041
8.238	0.9321	0.9295	0.5041
8.237	0.9321	0.9295	0.5041
8.236	0.9321	0.9295	0.5041
8.235	0.9321	0.9295	0.5041
8.234	0.9321	0.9295	0.5041
8.233	0.9321	0.9295	0.504
8.232	0.9321	0.9295	0.504
8.231	0.9321	0.9295	0.504
8.230	0.9321	0.9295	0.504
8.229	0.932	0.9295	0.504
8.228	0.932	0.9294	0.504
8.227	0.932	0.9294	0.5039
8.226	0.932	0.9294	0.5039
8.225	0.932	0.9294	0.5039
8.224	0.932	0.9294	0.5039
8.223	0.932	0.9294	0.5039
8.222	0.932	0.9294	0.5039
8.221	0.932	0.9294	0.5039
8.220	0.932	0.9294	0.5038
8.219	0.932	0.9294	0.5038
8.218	0.932	0.9294	0.5038
8.217	0.9319	0.9294	0.5038
8.216	0.9319	0.9294	0.5038
8.215	0.9319	0.9294	0.5038
8.214	0.9319	0.9293	0.5038
8.213	0.9319	0.9293	0.5038
8.212	0.9319	0.9293	0.5037
8.211	0.9319	0.9293	0.5037
8.210	0.9319	0.9293	0.5037
8.209	0.9319	0.9293	0.5037
8.208	0.9319	0.9293	0.5037
8.207	0.9319	0.9293	0.5037
8.206	0.9319	0.9293	0.5037
8.205	0.9319	0.9293	0.5037
8.204	0.9318	0.9293	0.5036
8.203	0.9318	0.9293	0.5036
8.202	0.9318	0.9293	0.5036
8.201	0.9318	0.9293	0.5036
8.200	0.9318	0.9293	0.5036
8.199	0.9318	0.9293	0.5036
8.198	0.9318	0.9293	0.5036
8.197	0.9318	0.9293	0.5036
8.196	0.9318	0.9292	0.5035
8.195	0.9318	0.9292	0.5035
8.194	0.9318	0.9292	0.5035
8.193	0.9318	0.9292	0.5035
8.192	0.9318	0.9292	0.5035
8.191	0.9317	0.9292	0.5035
8.190	0.9317	0.9292	0.5035
8.189	0.9317	0.9292	0.5034
8.188	0.9317	0.9292	0.5034
8.187	0.9317	0.9292	0.5034
8.186	0.9317	0.9292	0.5034
8.185	0.9317	0.9292	0.5034
8.184	0.9317	0.9292	0.5033
8.183	0.9317	0.9291	0.5033
8.182	0.9317	0.9291	0.5033
8.181	0.9317	0.9291	0.5033
8.180	0.9317	0.9291	0.5033
8.179	0.9317	0.9291	0.5033
8.178	0.9317	0.9291	0.5032
8.177	0.9317	0.9291	0.5032
8.176	0.9317	0.9291	0.5032
8.175	0.9317	0.9291	0.5032
8.174	0.9316	0.9291	0.5032
8.173	0.9316	0.9291	0.5032
8.172	0.9316	0.9291	0.5032
8.171	0.9316	0.9291	0.5032
8.170	0.9316	0.9291	0.5031
8.169	0.9316	0.9291	0.5031
8.168	0.9316	0.9291	0.5031
8.167	0.9316	0.929	0.5031
8.166	0.9316	0.929	0.5031
8.165	0.9316	0.929	0.5031
8.164	0.9316	0.929	0.5031
8.163	0.9316	0.929	0.5031
8.162	0.9316	0.929	0.503
8.161	0.9316	0.929	0.503
8.160	0.9315	0.929	0.503
8.159	0.9315	0.929	0.503
8.158	0.9315	0.929	0.503
8.157	0.9315	0.929	0.503
8.156	0.9315	0.929	0.5029
8.155	0.9315	0.9289	0.5029
8.154	0.9315	0.9289	0.5029
8.153	0.9315	0.9289	0.5029
8.152	0.9315	0.9289	0.5029
8.151	0.9315	0.9289	0.5029
8.150	0.9315	0.9289	0.5029
8.149	0.9314	0.9289	0.5029
8.148	0.9314	0.9289	0.5028
8.147	0.9314	0.9289	0.5028
8.146	0.9314	0.9289	0.5028
8.145	0.9314	0.9289	0.5028
8.144	0.9314	0.9289	0.5028
8.143	0.9314	0.9289	0.5027
8.142	0.9314	0.9289	0.5027
8.141	0.9314	0.9288	0.5027
8.140	0.9314	0.9288	0.5027
8.139	0.9314	0.9288	0.5027
8.138	0.9314	0.9288	0.5027
8.137	0.9314	0.9288	0.5027
8.136	0.9313	0.9288	0.5027
8.135	0.9313	0.9288	0.5027
8.134	0.9313	0.9288	0.5027
8.133	0.9313	0.9288	0.5027
8.132	0.9313	0.9288	0.5027
8.131	0.9313	0.9288	0.5026
8.130	0.9313	0.9288	0.5026
8.129	0.9313	0.9288	0.5026
8.128	0.9313	0.9287	0.5026
8.127	0.9313	0.9287	0.5026
8.126	0.9313	0.9287	0.5026
8.125	0.9313	0.9287	0.5025
8.124	0.9313	0.9287	0.5025
8.123	0.9313	0.9287	0.5025
8.122	0.9313	0.9287	0.5025
8.121	0.9313	0.9287	0.5025
8.120	0.9313	0.9287	0.5025
8.119	0.9312	0.9287	0.5024
8.118	0.9312	0.9287	0.5024
8.117	0.9312	0.9287	0.5024
8.116	0.9312	0.9287	0.5024
8.115	0.9312	0.9287	0.5024
8.114	0.9312	0.9286	0.5024
8.113	0.9312	0.9286	0.5023
8.112	0.9312	0.9286	0.5023
8.111	0.9312	0.9286	0.5023
8.110	0.9312	0.9286	0.5023
8.109	0.9312	0.9286	0.5023
8.108	0.9311	0.9286	0.5023
8.107	0.9311	0.9286	0.5023
8.106	0.9311	0.9286	0.5022
8.105	0.9311	0.9286	0.5022
8.104	0.9311	0.9286	0.5022
8.103	0.9311	0.9285	0.5022
8.102	0.9311	0.9285	0.5022
8.101	0.9311	0.9285	0.5022
8.100	0.9311	0.9285	0.5021
8.099	0.9311	0.9285	0.5021
8.098	0.9311	0.9285	0.5021
8.097	0.9311	0.9285	0.5021
8.096	0.931	0.9285	0.5021
8.095	0.931	0.9285	0.502
8.094	0.931	0.9285	0.502
8.093	0.931	0.9285	0.502
8.092	0.931	0.9285	0.502
8.091	0.931	0.9285	0.502
8.090	0.931	0.9285	0.502
8.089	0.931	0.9284	0.502
8.088	0.931	0.9284	0.502
8.087	0.931	0.9284	0.5019
8.086	0.931	0.9284	0.5019
8.085	0.9309	0.9284	0.5019
8.084	0.9309	0.9284	0.5019
8.083	0.9309	0.9284	0.5019
8.082	0.9309	0.9284	0.5019
8.081	0.9309	0.9284	0.5018
8.080	0.9309	0.9284	0.5018
8.079	0.9309	0.9284	0.5018
8.078	0.9309	0.9284	0.5018
8.077	0.9309	0.9284	0.5018
8.076	0.9309	0.9283	0.5018
8.075	0.9309	0.9283	0.5018
8.074	0.9309	0.9283	0.5018
8.073	0.9309	0.9283	0.5017
8.072	0.9308	0.9283	0.5017
8.071	0.9308	0.9283	0.5017
8.070	0.9308	0.9283	0.5017
8.069	0.9308	0.9283	0.5016
8.068	0.9308	0.9283	0.5016
8.067	0.9308	0.9283	0.5016
8.066	0.9308	0.9283	0.5016
8.065	0.9308	0.9283	0.5016
8.064	0.9308	0.9283	0.5016
8.063	0.9308	0.9282	0.5016
8.062	0.9308	0.9282	0.5016
8.061	0.9308	0.9282	0.5016
8.060	0.9308	0.9282	0.5015
8.059	0.9307	0.9282	0.5015
8.058	0.9307	0.9282	0.5015
8.057	0.9307	0.9282	0.5015
8.056	0.9307	0.9282	0.5015
8.055	0.9307	0.9282	0.5015
8.054	0.9307	0.9282	0.5014
8.053	0.9307	0.9282	0.5014
8.052	0.9307	0.9282	0.5014
8.051	0.9307	0.9281	0.5014
8.050	0.9307	0.9281	0.5014
8.049	0.9307	0.9281	0.5014
8.048	0.9307	0.9281	0.5013
8.047	0.9307	0.9281	0.5013
8.046	0.9306	0.9281	0.5013
8.045	0.9306	0.9281	0.5013
8.044	0.9306	0.9281	0.5013
8.043	0.9306	0.9281	0.5013
8.042	0.9306	0.9281	0.5013
8.041	0.9306	0.9281	0.5013
8.040	0.9306	0.9281	0.5012
8.039	0.9306	0.9281	0.5012
8.038	0.9306	0.9281	0.5012
8.037	0.9305	0.928	0.5012
8.036	0.9305	0.928	0.5012
8.035	0.9305	0.928	0.5012
8.034	0.9305	0.928	0.5011
8.033	0.9305	0.928	0.5011
8.032	0.9305	0.928	0.5011
8.031	0.9305	0.928	0.5011
8.030	0.9305	0.928	0.5011
8.029	0.9305	0.928	0.5011
8.028	0.9305	0.928	0.501
8.027	0.9305	0.928	0.501
8.026	0.9305	0.928	0.501
8.025	0.9305	0.9279	0.501
8.024	0.9304	0.9279	0.5009
8.023	0.9304	0.9279	0.5009
8.022	0.9304	0.9279	0.5009
8.021	0.9304	0.9279	0.5009
8.020	0.9304	0.9279	0.5009
8.019	0.9304	0.9279	0.5009
8.018	0.9304	0.9279	0.5009
8.017	0.9304	0.9279	0.5009
8.016	0.9304	0.9279	0.5009
8.015	0.9304	0.9279	0.5008
8.014	0.9304	0.9279	0.5008
8.013	0.9304	0.9279	0.5008
8.012	0.9304	0.9279	0.5008
8.011	0.9304	0.9279	0.5008
8.010	0.9304	0.9278	0.5008
8.009	0.9304	0.9278	0.5007
8.008	0.9303	0.9278	0.5007
8.007	0.9303	0.9278	0.5007
8.006	0.9303	0.9278	0.5007
8.005	0.9303	0.9278	0.5007
8.004	0.9303	0.9278	0.5007
8.003	0.9303	0.9278	0.5007
8.002	0.9303	0.9278	0.5007
8.001	0.9303	0.9278	0.5006
8.000	0.9303	0.9278	0.5006
7.999	0.9302	0.9278	0.5006
7.998	0.9302	0.9278	0.5006
7.997	0.9302	0.9278	0.5006
7.996	0.9302	0.9277	0.5006
7.995	0.9302	0.9277	0.5006
7.994	0.9302	0.9277	0.5006
7.993	0.9302	0.9277	0.5006
7.992	0.9302	0.9277	0.5006
7.991	0.9302	0.9277	0.5006
7.990	0.9301	0.9277	0.5005
7.989	0.9301	0.9277	0.5005
7.988	0.9301	0.9277	0.5005
7.987	0.9301	0.9277	0.5005
7.986	0.9301	0.9277	0.5005
7.985	0.9301	0.9277	0.5005
7.984	0.9301	0.9277	0.5004
7.983	0.9301	0.9277	0.5004
7.982	0.9301	0.9277	0.5004
7.981	0.9301	0.9276	0.5004
7.980	0.9301	0.9276	0.5004
7.979	0.9301	0.9276	0.5004
7.978	0.9301	0.9276	0.5003
7.977	0.9301	0.9276	0.5003
7.976	0.93	0.9276	0.5003
7.975	0.93	0.9276	0.5003
7.974	0.93	0.9276	0.5003
7.973	0.93	0.9276	0.5003
7.972	0.93	0.9276	0.5002
7.971	0.93	0.9276	0.5002
7.970	0.93	0.9276	0.5002
7.969	0.93	0.9276	0.5002
7.968	0.93	0.9275	0.5002
7.967	0.93	0.9275	0.5001
7.966	0.93	0.9275	0.5001
7.965	0.93	0.9275	0.5001
7.964	0.93	0.9275	0.5001
7.963	0.9299	0.9275	0.5001
7.962	0.9299	0.9275	0.5001
7.961	0.9299	0.9275	0.5001
7.960	0.9299	0.9275	0.5001
7.959	0.9299	0.9275	0.5
7.958	0.9299	0.9275	0.5
7.957	0.9299	0.9275	0.5
7.956	0.9299	0.9274	0.5
7.955	0.9299	0.9274	0.5
7.954	0.9299	0.9274	0.5
7.953	0.9299	0.9274	0.5
7.952	0.9299	0.9274	0.5
7.951	0.9299	0.9274	0.5
7.950	0.9299	0.9274	0.4999
7.949	0.9298	0.9274	0.4999
7.948	0.9298	0.9274	0.4999
7.947	0.9298	0.9274	0.4999
7.946	0.9298	0.9274	0.4999
7.945	0.9298	0.9274	0.4999
7.944	0.9298	0.9274	0.4999
7.943	0.9298	0.9274	0.4998
7.942	0.9298	0.9274	0.4998
7.941	0.9298	0.9273	0.4998
7.940	0.9298	0.9273	0.4998
7.939	0.9298	0.9273	0.4998
7.938	0.9297	0.9273	0.4998
7.937	0.9297	0.9273	0.4998
7.936	0.9297	0.9273	0.4997
7.935	0.9297	0.9273	0.4997
7.934	0.9297	0.9273	0.4997
7.933	0.9297	0.9273	0.4997
7.932	0.9297	0.9273	0.4997
7.931	0.9297	0.9273	0.4996
7.930	0.9297	0.9273	0.4996
7.929	0.9297	0.9272	0.4996
7.928	0.9297	0.9272	0.4996
7.927	0.9297	0.9272	0.4996
7.926	0.9297	0.9272	0.4996
7.925	0.9297	0.9272	0.4996
7.924	0.9297	0.9272	0.4996
7.923	0.9296	0.9272	0.4996
7.922	0.9296	0.9272	0.4995
7.921	0.9296	0.9272	0.4995
7.920	0.9296	0.9272	0.4995
7.919	0.9296	0.9271	0.4995
7.918	0.9296	0.9271	0.4995
7.917	0.9296	0.9271	0.4995
7.916	0.9296	0.9271	0.4994
7.915	0.9296	0.9271	0.4994
7.914	0.9296	0.9271	0.4994
7.913	0.9296	0.9271	0.4994
7.912	0.9295	0.9271	0.4994
7.911	0.9295	0.9271	0.4994
7.910	0.9295	0.9271	0.4993
7.909	0.9295	0.9271	0.4993
7.908	0.9295	0.9271	0.4993
7.907	0.9295	0.9271	0.4993
7.906	0.9295	0.927	0.4993
7.905	0.9295	0.927	0.4993
7.904	0.9295	0.927	0.4992
7.903	0.9295	0.927	0.4992
7.902	0.9295	0.927	0.4992
7.901	0.9294	0.927	0.4992
7.900	0.9294	0.927	0.4992
7.899	0.9294	0.927	0.4992
7.898	0.9294	0.927	0.4992
7.897	0.9294	0.927	0.4991
7.896	0.9294	0.927	0.4991
7.895	0.9294	0.927	0.4991
7.894	0.9294	0.9269	0.4991
7.893	0.9294	0.9269	0.4991
7.892	0.9294	0.9269	0.4991
7.891	0.9294	0.9269	0.499
7.890	0.9294	0.9269	0.499
7.889	0.9294	0.9269	0.499
7.888	0.9293	0.9269	0.499
7.887	0.9293	0.9269	0.499
7.886	0.9293	0.9269	0.499
7.885	0.9293	0.9269	0.499
7.884	0.9293	0.9269	0.499
7.883	0.9293	0.9269	0.499
7.882	0.9293	0.9268	0.4989
7.881	0.9293	0.9268	0.4989
7.880	0.9293	0.9268	0.4989
7.879	0.9293	0.9268	0.4989
7.878	0.9293	0.9268	0.4989
7.877	0.9293	0.9268	0.4988
7.876	0.9293	0.9268	0.4988
7.875	0.9292	0.9268	0.4988
7.874	0.9292	0.9268	0.4988
7.873	0.9292	0.9268	0.4988
7.872	0.9292	0.9268	0.4988
7.871	0.9292	0.9267	0.4988
7.870	0.9292	0.9267	0.4988
7.869	0.9292	0.9267	0.4987
7.868	0.9292	0.9267	0.4987
7.867	0.9292	0.9267	0.4987
7.866	0.9292	0.9267	0.4987
7.865	0.9291	0.9267	0.4987
7.864	0.9291	0.9267	0.4987
7.863	0.9291	0.9267	0.4987
7.862	0.9291	0.9267	0.4986
7.861	0.9291	0.9267	0.4986
7.860	0.9291	0.9267	0.4986
7.859	0.9291	0.9267	0.4986
7.858	0.9291	0.9267	0.4986
7.857	0.9291	0.9266	0.4986
7.856	0.9291	0.9266	0.4985
7.855	0.9291	0.9266	0.4985
7.854	0.9291	0.9266	0.4985
7.853	0.929	0.9266	0.4985
7.852	0.929	0.9266	0.4985
7.851	0.929	0.9266	0.4984
7.850	0.929	0.9266	0.4984
7.849	0.929	0.9266	0.4984
7.848	0.929	0.9266	0.4984
7.847	0.929	0.9266	0.4984
7.846	0.929	0.9266	0.4983
7.845	0.929	0.9266	0.4983
7.844	0.929	0.9265	0.4983
7.843	0.929	0.9265	0.4983
7.842	0.9289	0.9265	0.4983
7.841	0.9289	0.9265	0.4983
7.840	0.9289	0.9265	0.4983
7.839	0.9289	0.9265	0.4982
7.838	0.9289	0.9265	0.4982
7.837	0.9289	0.9265	0.4982
7.836	0.9289	0.9265	0.4982
7.835	0.9289	0.9265	0.4982
7.834	0.9289	0.9265	0.4982
7.833	0.9289	0.9264	0.4982
7.832	0.9289	0.9264	0.4981
7.831	0.9289	0.9264	0.4981
7.830	0.9289	0.9264	0.4981
7.829	0.9289	0.9264	0.4981
7.828	0.9289	0.9264	0.4981
7.827	0.9288	0.9264	0.4981
7.826	0.9288	0.9264	0.4981
7.825	0.9288	0.9264	0.498
7.824	0.9288	0.9264	0.498
7.823	0.9288	0.9264	0.498
7.822	0.9288	0.9264	0.498
7.821	0.9288	0.9264	0.498
7.820	0.9288	0.9264	0.498
7.819	0.9288	0.9264	0.498
7.818	0.9288	0.9263	0.498
7.817	0.9288	0.9263	0.498
7.816	0.9287	0.9263	0.4979
7.815	0.9287	0.9263	0.4979
7.814	0.9287	0.9263	0.4979
7.813	0.9287	0.9263	0.4979
7.812	0.9287	0.9263	0.4978
7.811	0.9287	0.9263	0.4978
7.810	0.9287	0.9263	0.4978
7.809	0.9287	0.9263	0.4978
7.808	0.9287	0.9263	0.4978
7.807	0.9287	0.9263	0.4978
7.806	0.9287	0.9263	0.4978
7.805	0.9287	0.9263	0.4977
7.804	0.9286	0.9263	0.4977
7.803	0.9286	0.9262	0.4977
7.802	0.9286	0.9262	0.4977
7.801	0.9286	0.9262	0.4977
7.800	0.9286	0.9262	0.4977
7.799	0.9286	0.9262	0.4977
7.798	0.9286	0.9262	0.4977
7.797	0.9286	0.9262	0.4976
7.796	0.9286	0.9262	0.4976
7.795	0.9286	0.9262	0.4976
7.794	0.9286	0.9262	0.4976
7.793	0.9286	0.9261	0.4976
7.792	0.9286	0.9261	0.4976
7.791	0.9286	0.9261	0.4976
7.790	0.9285	0.9261	0.4976
7.789	0.9285	0.9261	0.4975
7.788	0.9285	0.9261	0.4975
7.787	0.9285	0.9261	0.4975
7.786	0.9285	0.9261	0.4975
7.785	0.9285	0.9261	0.4975
7.784	0.9285	0.9261	0.4975
7.783	0.9285	0.9261	0.4974
7.782	0.9285	0.9261	0.4974
7.781	0.9284	0.9261	0.4974
7.780	0.9284	0.9261	0.4974
7.779	0.9284	0.9261	0.4974
7.778	0.9284	0.9261	0.4974
7.777	0.9284	0.9261	0.4974
7.776	0.9284	0.9261	0.4974
7.775	0.9284	0.9261	0.4973
7.774	0.9284	0.926	0.4973
7.773	0.9284	0.926	0.4973
7.772	0.9284	0.926	0.4973
7.771	0.9284	0.926	0.4973
7.770	0.9284	0.926	0.4972
7.769	0.9284	0.926	0.4972
7.768	0.9284	0.926	0.4972
7.767	0.9283	0.926	0.4972
7.766	0.9283	0.926	0.4972
7.765	0.9283	0.9259	0.4972
7.764	0.9283	0.9259	0.4972
7.763	0.9283	0.9259	0.4972
7.762	0.9283	0.9259	0.4971
7.761	0.9283	0.9259	0.4971
7.760	0.9283	0.9259	0.4971
7.759	0.9283	0.9259	0.4971
7.758	0.9283	0.9259	0.4971
7.757	0.9283	0.9259	0.4971
7.756	0.9283	0.9259	0.4971
7.755	0.9283	0.9258	0.4971
7.754	0.9282	0.9258	0.4971
7.753	0.9282	0.9258	0.497
7.752	0.9282	0.9258	0.497
7.751	0.9282	0.9258	0.497
7.750	0.9282	0.9258	0.497
7.749	0.9282	0.9258	0.497
7.748	0.9282	0.9258	0.497
7.747	0.9282	0.9258	0.4969
7.746	0.9282	0.9258	0.4969
7.745	0.9282	0.9258	0.4969
7.744	0.9281	0.9258	0.4969
7.743	0.9281	0.9257	0.4969
7.742	0.9281	0.9257	0.4969
7.741	0.9281	0.9257	0.4968
7.740	0.9281	0.9257	0.4968
7.739	0.9281	0.9257	0.4968
7.738	0.9281	0.9257	0.4968
7.737	0.9281	0.9257	0.4968
7.736	0.9281	0.9257	0.4968
7.735	0.928	0.9257	0.4967
7.734	0.928	0.9257	0.4967
7.733	0.928	0.9256	0.4967
7.732	0.928	0.9256	0.4967
7.731	0.928	0.9256	0.4967
7.730	0.928	0.9256	0.4967
7.729	0.928	0.9256	0.4967
7.728	0.928	0.9256	0.4967
7.727	0.928	0.9256	0.4966
7.726	0.928	0.9256	0.4966
7.725	0.928	0.9255	0.4966
7.724	0.9279	0.9255	0.4966
7.723	0.9279	0.9255	0.4966
7.722	0.9279	0.9255	0.4966
7.721	0.9279	0.9255	0.4965
7.720	0.9279	0.9255	0.4965
7.719	0.9278	0.9255	0.4965
7.718	0.9278	0.9255	0.4965
7.717	0.9278	0.9255	0.4965
7.716	0.9278	0.9255	0.4965
7.715	0.9278	0.9255	0.4965
7.714	0.9278	0.9254	0.4964
7.713	0.9278	0.9254	0.4964
7.712	0.9278	0.9254	0.4964
7.711	0.9278	0.9254	0.4964
7.710	0.9277	0.9254	0.4964
7.709	0.9277	0.9254	0.4964
7.708	0.9277	0.9254	0.4964
7.707	0.9277	0.9254	0.4964
7.706	0.9277	0.9254	0.4964
7.705	0.9277	0.9254	0.4963
7.704	0.9277	0.9253	0.4963
7.703	0.9277	0.9253	0.4963
7.702	0.9277	0.9253	0.4963
7.701	0.9277	0.9253	0.4963
7.700	0.9276	0.9253	0.4963
7.699	0.9276	0.9253	0.4963
7.698	0.9276	0.9253	0.4963
7.697	0.9276	0.9253	0.4962
7.696	0.9276	0.9253	0.4962
7.695	0.9276	0.9252	0.4962
7.694	0.9276	0.9252	0.4962
7.693	0.9276	0.9252	0.4962
7.692	0.9276	0.9252	0.4962
7.691	0.9276	0.9252	0.4962
7.690	0.9276	0.9252	0.4962
7.689	0.9276	0.9252	0.4961
7.688	0.9275	0.9252	0.4961
7.687	0.9275	0.9252	0.4961
7.686	0.9275	0.9252	0.4961
7.685	0.9275	0.9252	0.4961
7.684	0.9275	0.9251	0.4961
7.683	0.9275	0.9251	0.496
7.682	0.9275	0.9251	0.496
7.681	0.9275	0.9251	0.496
7.680	0.9275	0.9251	0.496
7.679	0.9275	0.9251	0.496
7.678	0.9275	0.9251	0.496
7.677	0.9274	0.9251	0.496
7.676	0.9274	0.9251	0.496
7.675	0.9274	0.9251	0.4959
7.674	0.9274	0.925	0.4959
7.673	0.9274	0.925	0.4959
7.672	0.9274	0.925	0.4959
7.671	0.9274	0.925	0.4959
7.670	0.9274	0.925	0.4958
7.669	0.9274	0.925	0.4958
7.668	0.9273	0.925	0.4958
7.667	0.9273	0.925	0.4958
7.666	0.9273	0.925	0.4958
7.665	0.9273	0.925	0.4958
7.664	0.9273	0.925	0.4957
7.663	0.9273	0.9249	0.4957
7.662	0.9273	0.9249	0.4957
7.661	0.9273	0.9249	0.4957
7.660	0.9273	0.9249	0.4957
7.659	0.9273	0.9249	0.4957
7.658	0.9273	0.9249	0.4957
7.657	0.9273	0.9249	0.4956
7.656	0.9272	0.9249	0.4956
7.655	0.9272	0.9249	0.4956
7.654	0.9272	0.9248	0.4956
7.653	0.9272	0.9248	0.4956
7.652	0.9272	0.9248	0.4956
7.651	0.9272	0.9248	0.4956
7.650	0.9272	0.9248	0.4956
7.649	0.9272	0.9248	0.4955
7.648	0.9272	0.9248	0.4955
7.647	0.9271	0.9248	0.4955
7.646	0.9271	0.9248	0.4955
7.645	0.9271	0.9248	0.4955
7.644	0.9271	0.9248	0.4955
7.643	0.9271	0.9248	0.4955
7.642	0.9271	0.9248	0.4954
7.641	0.9271	0.9247	0.4954
7.640	0.9271	0.9247	0.4954
7.639	0.9271	0.9247	0.4954
7.638	0.9271	0.9247	0.4954
7.637	0.927	0.9247	0.4954
7.636	0.927	0.9247	0.4953
7.635	0.927	0.9247	0.4953
7.634	0.927	0.9247	0.4953
7.633	0.927	0.9247	0.4953
7.632	0.927	0.9247	0.4953
7.631	0.927	0.9247	0.4953
7.630	0.927	0.9246	0.4952
7.629	0.927	0.9246	0.4952
7.628	0.927	0.9246	0.4952
7.627	0.927	0.9246	0.4952
7.626	0.927	0.9246	0.4952
7.625	0.9269	0.9246	0.4952
7.624	0.9269	0.9246	0.4952
7.623	0.9269	0.9246	0.4951
7.622	0.9269	0.9246	0.4951
7.621	0.9269	0.9246	0.4951
7.620	0.9269	0.9246	0.4951
7.619	0.9269	0.9246	0.4951
7.618	0.9269	0.9245	0.4951
7.617	0.9269	0.9245	0.495
7.616	0.9269	0.9245	0.495
7.615	0.9269	0.9245	0.495
7.614	0.9269	0.9245	0.495
7.613	0.9268	0.9245	0.495
7.612	0.9268	0.9245	0.495
7.611	0.9268	0.9245	0.495
7.610	0.9268	0.9245	0.495
7.609	0.9268	0.9244	0.4949
7.608	0.9268	0.9244	0.4949
7.607	0.9268	0.9244	0.4949
7.606	0.9268	0.9244	0.4949
7.605	0.9268	0.9244	0.4949
7.604	0.9268	0.9244	0.4948
7.603	0.9268	0.9244	0.4948
7.602	0.9267	0.9244	0.4948
7.601	0.9267	0.9244	0.4948
7.600	0.9267	0.9244	0.4948
7.599	0.9267	0.9244	0.4948
7.598	0.9267	0.9244	0.4947
7.597	0.9267	0.9244	0.4947
7.596	0.9267	0.9243	0.4947
7.595	0.9267	0.9243	0.4947
7.594	0.9267	0.9243	0.4947
7.593	0.9267	0.9243	0.4947
7.592	0.9266	0.9243	0.4947
7.591	0.9266	0.9243	0.4946
7.590	0.9266	0.9243	0.4946
7.589	0.9266	0.9243	0.4946
7.588	0.9266	0.9242	0.4946
7.587	0.9266	0.9242	0.4946
7.586	0.9266	0.9242	0.4946
7.585	0.9266	0.9242	0.4945
7.584	0.9266	0.9242	0.4945
7.583	0.9266	0.9242	0.4945
7.582	0.9266	0.9242	0.4945
7.581	0.9265	0.9241	0.4945
7.580	0.9265	0.9241	0.4945
7.579	0.9265	0.9241	0.4945
7.578	0.9265	0.9241	0.4944
7.577	0.9265	0.9241	0.4944
7.576	0.9265	0.9241	0.4944
7.575	0.9265	0.9241	0.4944
7.574	0.9265	0.9241	0.4944
7.573	0.9265	0.9241	0.4944
7.572	0.9264	0.9241	0.4944
7.571	0.9264	0.9241	0.4943
7.570	0.9264	0.924	0.4943
7.569	0.9264	0.924	0.4943
7.568	0.9264	0.924	0.4943
7.567	0.9264	0.924	0.4943
7.566	0.9264	0.924	0.4943
7.565	0.9264	0.924	0.4943
7.564	0.9263	0.924	0.4942
7.563	0.9263	0.924	0.4942
7.562	0.9263	0.9239	0.4942
7.561	0.9263	0.9239	0.4942
7.560	0.9263	0.9239	0.4942
7.559	0.9263	0.9239	0.4942
7.558	0.9263	0.9239	0.4942
7.557	0.9263	0.9239	0.4942
7.556	0.9263	0.9239	0.4941
7.555	0.9263	0.9239	0.4941
7.554	0.9263	0.9239	0.4941
7.553	0.9263	0.9239	0.4941
7.552	0.9262	0.9239	0.4941
7.551	0.9262	0.9239	0.4941
7.550	0.9262	0.9238	0.494
7.549	0.9262	0.9238	0.494
7.548	0.9262	0.9238	0.494
7.547	0.9262	0.9238	0.494
7.546	0.9262	0.9238	0.494
7.545	0.9262	0.9238	0.494
7.544	0.9261	0.9238	0.494
7.543	0.9261	0.9238	0.494
7.542	0.9261	0.9238	0.4939
7.541	0.9261	0.9237	0.4939
7.540	0.9261	0.9237	0.4939
7.539	0.9261	0.9237	0.4939
7.538	0.9261	0.9237	0.4939
7.537	0.9261	0.9237	0.4938
7.536	0.9261	0.9237	0.4938
7.535	0.9261	0.9237	0.4938
7.534	0.9261	0.9237	0.4938
7.533	0.926	0.9237	0.4937
7.532	0.926	0.9237	0.4937
7.531	0.926	0.9237	0.4937
7.530	0.926	0.9236	0.4937
7.529	0.926	0.9236	0.4937
7.528	0.926	0.9236	0.4937
7.527	0.926	0.9236	0.4936
7.526	0.926	0.9236	0.4936
7.525	0.926	0.9236	0.4936
7.524	0.926	0.9236	0.4936
7.523	0.9259	0.9236	0.4936
7.522	0.9259	0.9236	0.4936
7.521	0.9259	0.9236	0.4936
7.520	0.9259	0.9235	0.4936
7.519	0.9259	0.9235	0.4935
7.518	0.9259	0.9235	0.4935
7.517	0.9259	0.9235	0.4935
7.516	0.9259	0.9235	0.4935
7.515	0.9259	0.9235	0.4935
7.514	0.9259	0.9235	0.4935
7.513	0.9259	0.9235	0.4935
7.512	0.9258	0.9235	0.4935
7.511	0.9258	0.9235	0.4935
7.510	0.9258	0.9235	0.4934
7.509	0.9258	0.9235	0.4934
7.508	0.9258	0.9234	0.4934
7.507	0.9258	0.9234	0.4934
7.506	0.9258	0.9234	0.4934
7.505	0.9258	0.9234	0.4934
7.504	0.9258	0.9234	0.4934
7.503	0.9257	0.9234	0.4933
7.502	0.9257	0.9234	0.4933
7.501	0.9257	0.9234	0.4933
7.500	0.9257	0.9233	0.4933
7.499	0.9257	0.9233	0.4933
7.498	0.9257	0.9233	0.4932
7.497	0.9257	0.9233	0.4932
7.496	0.9257	0.9233	0.4932
7.495	0.9257	0.9233	0.4932
7.494	0.9257	0.9233	0.4932
7.493	0.9257	0.9233	0.4931
7.492	0.9257	0.9233	0.4931
7.491	0.9256	0.9233	0.4931
7.490	0.9256	0.9233	0.4931
7.489	0.9256	0.9233	0.4931
7.488	0.9256	0.9232	0.4931
7.487	0.9256	0.9232	0.4931
7.486	0.9256	0.9232	0.493
7.485	0.9256	0.9232	0.493
7.484	0.9256	0.9232	0.493
7.483	0.9255	0.9232	0.493
7.482	0.9255	0.9232	0.493
7.481	0.9255	0.9232	0.493
7.480	0.9255	0.9232	0.493
7.479	0.9255	0.9232	0.4929
7.478	0.9255	0.9232	0.4929
7.477	0.9255	0.9231	0.4929
7.476	0.9255	0.9231	0.4929
7.475	0.9255	0.9231	0.4929
7.474	0.9254	0.9231	0.4929
7.473	0.9254	0.9231	0.4929
7.472	0.9254	0.9231	0.4929
7.471	0.9254	0.9231	0.4928
7.470	0.9254	0.9231	0.4928
7.469	0.9254	0.9231	0.4928
7.468	0.9254	0.9231	0.4928
7.467	0.9254	0.923	0.4928
7.466	0.9254	0.923	0.4928
7.465	0.9254	0.923	0.4927
7.464	0.9254	0.923	0.4927
7.463	0.9254	0.923	0.4927
7.462	0.9253	0.923	0.4927
7.461	0.9253	0.923	0.4927
7.460	0.9253	0.923	0.4927
7.459	0.9253	0.923	0.4926
7.458	0.9253	0.923	0.4926
7.457	0.9253	0.923	0.4926
7.456	0.9253	0.923	0.4926
7.455	0.9253	0.9229	0.4925
7.454	0.9253	0.9229	0.4925
7.453	0.9252	0.9229	0.4925
7.452	0.9252	0.9229	0.4925
7.451	0.9252	0.9229	0.4924
7.450	0.9252	0.9229	0.4924
7.449	0.9252	0.9229	0.4924
7.448	0.9252	0.9229	0.4924
7.447	0.9252	0.9229	0.4924
7.446	0.9252	0.9228	0.4924
7.445	0.9252	0.9228	0.4923
7.444	0.9251	0.9228	0.4923
7.443	0.9251	0.9228	0.4923
7.442	0.9251	0.9228	0.4923
7.441	0.9251	0.9228	0.4923
7.440	0.9251	0.9228	0.4923
7.439	0.9251	0.9228	0.4923
7.438	0.9251	0.9228	0.4923
7.437	0.9251	0.9228	0.4923
7.436	0.9251	0.9228	0.4922
7.435	0.9251	0.9228	0.4922
7.434	0.925	0.9227	0.4922
7.433	0.925	0.9227	0.4922
7.432	0.925	0.9227	0.4922
7.431	0.925	0.9227	0.4922
7.430	0.925	0.9227	0.4922
7.429	0.925	0.9227	0.4922
7.428	0.925	0.9227	0.4922
7.427	0.925	0.9227	0.4921
7.426	0.925	0.9227	0.4921
7.425	0.925	0.9227	0.4921
7.424	0.925	0.9227	0.4921
7.423	0.9249	0.9227	0.4921
7.422	0.9249	0.9227	0.492
7.421	0.9249	0.9227	0.492
7.420	0.9249	0.9226	0.492
7.419	0.9249	0.9226	0.492
7.418	0.9249	0.9226	0.492
7.417	0.9249	0.9226	0.492
7.416	0.9249	0.9226	0.4919
7.415	0.9249	0.9226	0.4919
7.414	0.9248	0.9226	0.4919
7.413	0.9248	0.9226	0.4919
7.412	0.9248	0.9225	0.4919
7.411	0.9248	0.9225	0.4919
7.410	0.9248	0.9225	0.4919
7.409	0.9248	0.9225	0.4918
7.408	0.9248	0.9225	0.4918
7.407	0.9248	0.9225	0.4918
7.406	0.9248	0.9225	0.4918
7.405	0.9247	0.9225	0.4918
7.404	0.9247	0.9225	0.4918
7.403	0.9247	0.9225	0.4918
7.402	0.9247	0.9224	0.4917
7.401	0.9247	0.9224	0.4917
7.400	0.9247	0.9224	0.4917
7.399	0.9246	0.9224	0.4917
7.398	0.9246	0.9224	0.4917
7.397	0.9246	0.9224	0.4917
7.396	0.9246	0.9224	0.4917
7.395	0.9246	0.9224	0.4916
7.394	0.9246	0.9224	0.4916
7.393	0.9246	0.9223	0.4916
7.392	0.9246	0.9223	0.4916
7.391	0.9246	0.9223	0.4916
7.390	0.9245	0.9223	0.4916
7.389	0.9245	0.9223	0.4916
7.388	0.9245	0.9223	0.4916
7.387	0.9245	0.9223	0.4915
7.386	0.9245	0.9223	0.4915
7.385	0.9245	0.9223	0.4915
7.384	0.9245	0.9222	0.4915
7.383	0.9245	0.9222	0.4915
7.382	0.9245	0.9222	0.4915
7.381	0.9245	0.9222	0.4914
7.380	0.9245	0.9222	0.4914
7.379	0.9244	0.9222	0.4914
7.378	0.9244	0.9222	0.4914
7.377	0.9244	0.9222	0.4914
7.376	0.9244	0.9222	0.4914
7.375	0.9244	0.9222	0.4914
7.374	0.9244	0.9222	0.4914
7.373	0.9244	0.9222	0.4913
7.372	0.9244	0.9221	0.4913
7.371	0.9244	0.9221	0.4913
7.370	0.9244	0.9221	0.4913
7.369	0.9243	0.9221	0.4913
7.368	0.9243	0.9221	0.4912
7.367	0.9243	0.9221	0.4912
7.366	0.9243	0.9221	0.4912
7.365	0.9243	0.9221	0.4912
7.364	0.9243	0.9221	0.4912
7.363	0.9243	0.922	0.4912
7.362	0.9243	0.922	0.4911
7.361	0.9243	0.922	0.4911
7.360	0.9243	0.922	0.4911
7.359	0.9243	0.922	0.4911
7.358	0.9242	0.922	0.4911
7.357	0.9242	0.922	0.4911
7.356	0.9242	0.922	0.491
7.355	0.9242	0.9219	0.491
7.354	0.9242	0.9219	0.491
7.353	0.9242	0.9219	0.491
7.352	0.9242	0.9219	0.491
7.351	0.9242	0.9219	0.491
7.350	0.9242	0.9219	0.491
7.349	0.9242	0.9219	0.4909
7.348	0.9242	0.9219	0.4909
7.347	0.9241	0.9219	0.4909
7.346	0.9241	0.9219	0.4909
7.345	0.9241	0.9219	0.4909
7.344	0.9241	0.9218	0.4909
7.343	0.9241	0.9218	0.4909
7.342	0.9241	0.9218	0.4909
7.341	0.9241	0.9218	0.4909
7.340	0.9241	0.9218	0.4908
7.339	0.924	0.9218	0.4908
7.338	0.924	0.9218	0.4908
7.337	0.924	0.9218	0.4908
7.336	0.924	0.9218	0.4908
7.335	0.924	0.9217	0.4908
7.334	0.924	0.9217	0.4907
7.333	0.9239	0.9217	0.4907
7.332	0.9239	0.9217	0.4907
7.331	0.9239	0.9217	0.4907
7.330	0.9239	0.9217	0.4907
7.329	0.9239	0.9217	0.4906
7.328	0.9239	0.9217	0.4906
7.327	0.9239	0.9217	0.4906
7.326	0.9239	0.9217	0.4906
7.325	0.9238	0.9217	0.4906
7.324	0.9238	0.9216	0.4906
7.323	0.9238	0.9216	0.4906
7.322	0.9238	0.9216	0.4905
7.321	0.9238	0.9216	0.4905
7.320	0.9238	0.9216	0.4905
7.319	0.9238	0.9216	0.4905
7.318	0.9238	0.9216	0.4905
7.317	0.9238	0.9216	0.4905
7.316	0.9238	0.9215	0.4905
7.315	0.9238	0.9215	0.4905
7.314	0.9237	0.9215	0.4904
7.313	0.9237	0.9215	0.4904
7.312	0.9237	0.9215	0.4904
7.311	0.9237	0.9215	0.4904
7.310	0.9237	0.9215	0.4904
7.309	0.9237	0.9215	0.4904
7.308	0.9237	0.9215	0.4904
7.307	0.9236	0.9214	0.4903
7.306	0.9236	0.9214	0.4903
7.305	0.9236	0.9214	0.4903
7.304	0.9236	0.9214	0.4903
7.303	0.9236	0.9214	0.4903
7.302	0.9236	0.9214	0.4903
7.301	0.9236	0.9214	0.4903
7.300	0.9236	0.9214	0.4903
7.299	0.9236	0.9214	0.4902
7.298	0.9235	0.9214	0.4902
7.297	0.9235	0.9214	0.4902
7.296	0.9235	0.9213	0.4902
7.295	0.9235	0.9213	0.4902
7.294	0.9235	0.9213	0.4902
7.293	0.9235	0.9213	0.4901
7.292	0.9235	0.9213	0.4901
7.291	0.9235	0.9213	0.4901
7.290	0.9235	0.9213	0.4901
7.289	0.9234	0.9213	0.49
7.288	0.9234	0.9213	0.49
7.287	0.9234	0.9212	0.49
7.286	0.9234	0.9212	0.49
7.285	0.9234	0.9212	0.49
7.284	0.9234	0.9212	0.49
7.283	0.9234	0.9212	0.4899
7.282	0.9234	0.9212	0.4899
7.281	0.9234	0.9212	0.4899
7.280	0.9234	0.9212	0.4899
7.279	0.9234	0.9212	0.4899
7.278	0.9234	0.9212	0.4899
7.277	0.9233	0.9212	0.4899
7.276	0.9233	0.9212	0.4898
7.275	0.9233	0.9211	0.4898
7.274	0.9233	0.9211	0.4898
7.273	0.9233	0.9211	0.4898
7.272	0.9233	0.9211	0.4898
7.271	0.9233	0.9211	0.4898
7.270	0.9233	0.9211	0.4898
7.269	0.9233	0.9211	0.4898
7.268	0.9232	0.9211	0.4898
7.267	0.9232	0.9211	0.4897
7.266	0.9232	0.9211	0.4897
7.265	0.9232	0.9211	0.4897
7.264	0.9232	0.921	0.4897
7.263	0.9232	0.921	0.4897
7.262	0.9232	0.921	0.4897
7.261	0.9232	0.921	0.4896
7.260	0.9232	0.921	0.4896
7.259	0.9232	0.921	0.4896
7.258	0.9231	0.921	0.4896
7.257	0.9231	0.921	0.4896
7.256	0.9231	0.921	0.4896
7.255	0.9231	0.921	0.4896
7.254	0.9231	0.921	0.4896
7.253	0.9231	0.9209	0.4895
7.252	0.9231	0.9209	0.4895
7.251	0.9231	0.9209	0.4895
7.250	0.923	0.9209	0.4895
7.249	0.923	0.9209	0.4895
7.248	0.923	0.9209	0.4895
7.247	0.923	0.9209	0.4895
7.246	0.923	0.9209	0.4895
7.245	0.923	0.9209	0.4894
7.244	0.923	0.9208	0.4894
7.243	0.923	0.9208	0.4894
7.242	0.923	0.9208	0.4894
7.241	0.923	0.9208	0.4894
7.240	0.9229	0.9208	0.4894
7.239	0.9229	0.9208	0.4893
7.238	0.9229	0.9208	0.4893
7.237	0.9229	0.9208	0.4893
7.236	0.9229	0.9208	0.4893
7.235	0.9229	0.9208	0.4893
7.234	0.9229	0.9207	0.4893
7.233	0.9229	0.9207	0.4892
7.232	0.9229	0.9207	0.4892
7.231	0.9229	0.9207	0.4892
7.230	0.9228	0.9207	0.4892
7.229	0.9228	0.9207	0.4892
7.228	0.9228	0.9207	0.4892
7.227	0.9228	0.9207	0.4891
7.226	0.9228	0.9206	0.4891
7.225	0.9228	0.9206	0.4891
7.224	0.9228	0.9206	0.4891
7.223	0.9228	0.9206	0.4891
7.222	0.9228	0.9206	0.4891
7.221	0.9228	0.9206	0.4891
7.220	0.9228	0.9206	0.489
7.219	0.9227	0.9206	0.489
7.218	0.9227	0.9205	0.489
7.217	0.9227	0.9205	0.489
7.216	0.9227	0.9205	0.489
7.215	0.9227	0.9205	0.489
7.214	0.9227	0.9205	0.489
7.213	0.9227	0.9205	0.489
7.212	0.9227	0.9205	0.4889
7.211	0.9226	0.9205	0.4889
7.210	0.9226	0.9205	0.4889
7.209	0.9226	0.9204	0.4889
7.208	0.9226	0.9204	0.4889
7.207	0.9226	0.9204	0.4889
7.206	0.9226	0.9204	0.4888
7.205	0.9226	0.9204	0.4888
7.204	0.9226	0.9204	0.4888
7.203	0.9226	0.9204	0.4888
7.202	0.9225	0.9204	0.4888
7.201	0.9225	0.9204	0.4888
7.200	0.9225	0.9204	0.4888
7.199	0.9225	0.9204	0.4888
7.198	0.9225	0.9204	0.4887
7.197	0.9225	0.9203	0.4887
7.196	0.9225	0.9203	0.4887
7.195	0.9225	0.9203	0.4887
7.194	0.9225	0.9203	0.4887
7.193	0.9225	0.9203	0.4887
7.192	0.9225	0.9203	0.4887
7.191	0.9224	0.9203	0.4886
7.190	0.9224	0.9203	0.4886
7.189	0.9224	0.9203	0.4886
7.188	0.9224	0.9203	0.4886
7.187	0.9224	0.9203	0.4886
7.186	0.9224	0.9202	0.4886
7.185	0.9223	0.9202	0.4885
7.184	0.9223	0.9202	0.4885
7.183	0.9223	0.9202	0.4885
7.182	0.9223	0.9202	0.4885
7.181	0.9223	0.9202	0.4885
7.180	0.9223	0.9202	0.4885
7.179	0.9223	0.9202	0.4885
7.178	0.9223	0.9202	0.4884
7.177	0.9223	0.9202	0.4884
7.176	0.9222	0.9201	0.4884
7.175	0.9222	0.9201	0.4884
7.174	0.9222	0.9201	0.4884
7.173	0.9222	0.9201	0.4884
7.172	0.9222	0.9201	0.4883
7.171	0.9222	0.9201	0.4883
7.170	0.9222	0.9201	0.4883
7.169	0.9221	0.92	0.4883
7.168	0.9221	0.92	0.4883
7.167	0.9221	0.92	0.4883
7.166	0.9221	0.92	0.4883
7.165	0.9221	0.92	0.4883
7.164	0.9221	0.92	0.4882
7.163	0.9221	0.92	0.4882
7.162	0.9221	0.92	0.4882
7.161	0.9221	0.92	0.4882
7.160	0.922	0.92	0.4881
7.159	0.922	0.9199	0.4881
7.158	0.922	0.9199	0.4881
7.157	0.922	0.9199	0.4881
7.156	0.922	0.9199	0.4881
7.155	0.922	0.9199	0.4881
7.154	0.922	0.9199	0.4881
7.153	0.922	0.9199	0.488
7.152	0.9219	0.9199	0.488
7.151	0.9219	0.9199	0.488
7.150	0.9219	0.9198	0.488
7.149	0.9219	0.9198	0.488
7.148	0.9219	0.9198	0.4879
7.147	0.9219	0.9198	0.4879
7.146	0.9219	0.9198	0.4879
7.145	0.9218	0.9198	0.4879
7.144	0.9218	0.9198	0.4879
7.143	0.9218	0.9198	0.4879
7.142	0.9218	0.9198	0.4879
7.141	0.9218	0.9198	0.4879
7.140	0.9218	0.9197	0.4878
7.139	0.9218	0.9197	0.4878
7.138	0.9217	0.9197	0.4878
7.137	0.9217	0.9197	0.4878
7.136	0.9217	0.9197	0.4878
7.135	0.9217	0.9197	0.4878
7.134	0.9217	0.9197	0.4878
7.133	0.9217	0.9197	0.4878
7.132	0.9217	0.9197	0.4877
7.131	0.9217	0.9197	0.4877
7.130	0.9216	0.9196	0.4877
7.129	0.9216	0.9196	0.4877
7.128	0.9216	0.9196	0.4876
7.127	0.9216	0.9196	0.4876
7.126	0.9216	0.9196	0.4876
7.125	0.9215	0.9196	0.4876
7.124	0.9215	0.9196	0.4876
7.123	0.9215	0.9196	0.4876
7.122	0.9215	0.9196	0.4875
7.121	0.9215	0.9196	0.4875
7.120	0.9215	0.9195	0.4875
7.119	0.9215	0.9195	0.4875
7.118	0.9215	0.9195	0.4875
7.117	0.9215	0.9195	0.4874
7.116	0.9215	0.9195	0.4874
7.115	0.9214	0.9195	0.4874
7.114	0.9214	0.9195	0.4874
7.113	0.9214	0.9195	0.4874
7.112	0.9214	0.9195	0.4874
7.111	0.9214	0.9194	0.4874
7.110	0.9214	0.9194	0.4874
7.109	0.9214	0.9194	0.4874
7.108	0.9214	0.9194	0.4873
7.107	0.9213	0.9194	0.4873
7.106	0.9213	0.9194	0.4873
7.105	0.9213	0.9194	0.4873
7.104	0.9213	0.9194	0.4873
7.103	0.9213	0.9193	0.4872
7.102	0.9213	0.9193	0.4872
7.101	0.9213	0.9193	0.4872
7.100	0.9213	0.9193	0.4872
7.099	0.9213	0.9193	0.4872
7.098	0.9212	0.9193	0.4872
7.097	0.9212	0.9193	0.4871
7.096	0.9212	0.9193	0.4871
7.095	0.9212	0.9193	0.4871
7.094	0.9212	0.9193	0.4871
7.093	0.9212	0.9192	0.4871
7.092	0.9212	0.9192	0.4871
7.091	0.9212	0.9192	0.4871
7.090	0.9211	0.9192	0.4871
7.089	0.9211	0.9192	0.487
7.088	0.9211	0.9191	0.487
7.087	0.9211	0.9191	0.487
7.086	0.9211	0.9191	0.487
7.085	0.9211	0.9191	0.487
7.084	0.9211	0.9191	0.487
7.083	0.9211	0.9191	0.4869
7.082	0.9211	0.9191	0.4869
7.081	0.9211	0.9191	0.4869
7.080	0.921	0.919	0.4869
7.079	0.921	0.919	0.4869
7.078	0.921	0.919	0.4869
7.077	0.921	0.919	0.4869
7.076	0.921	0.919	0.4868
7.075	0.921	0.919	0.4868
7.074	0.921	0.919	0.4868
7.073	0.921	0.919	0.4868
7.072	0.921	0.919	0.4868
7.071	0.9209	0.919	0.4868
7.070	0.9209	0.9189	0.4867
7.069	0.9209	0.9189	0.4867
7.068	0.9209	0.9189	0.4867
7.067	0.9209	0.9189	0.4867
7.066	0.9209	0.9189	0.4866
7.065	0.9209	0.9189	0.4866
7.064	0.9208	0.9189	0.4866
7.063	0.9208	0.9189	0.4866
7.062	0.9208	0.9189	0.4866
7.061	0.9208	0.9189	0.4866
7.060	0.9208	0.9188	0.4866
7.059	0.9208	0.9188	0.4865
7.058	0.9208	0.9188	0.4865
7.057	0.9208	0.9188	0.4865
7.056	0.9207	0.9188	0.4865
7.055	0.9207	0.9188	0.4865
7.054	0.9207	0.9188	0.4865
7.053	0.9207	0.9188	0.4864
7.052	0.9207	0.9187	0.4864
7.051	0.9207	0.9187	0.4864
7.050	0.9207	0.9187	0.4864
7.049	0.9207	0.9187	0.4864
7.048	0.9207	0.9187	0.4863
7.047	0.9206	0.9187	0.4863
7.046	0.9206	0.9187	0.4863
7.045	0.9206	0.9187	0.4863
7.044	0.9206	0.9187	0.4863
7.043	0.9206	0.9186	0.4863
7.042	0.9206	0.9186	0.4862
7.041	0.9206	0.9186	0.4862
7.040	0.9206	0.9186	0.4862
7.039	0.9206	0.9186	0.4862
7.038	0.9206	0.9186	0.4862
7.037	0.9205	0.9186	0.4862
7.036	0.9205	0.9186	0.4861
7.035	0.9205	0.9186	0.4861
7.034	0.9205	0.9185	0.4861
7.033	0.9205	0.9185	0.4861
7.032	0.9205	0.9185	0.4861
7.031	0.9205	0.9185	0.4861
7.030	0.9205	0.9185	0.4861
7.029	0.9205	0.9185	0.486
7.028	0.9205	0.9185	0.486
7.027	0.9204	0.9185	0.486
7.026	0.9204	0.9185	0.486
7.025	0.9204	0.9184	0.486
7.024	0.9204	0.9184	0.486
7.023	0.9204	0.9184	0.486
7.022	0.9204	0.9184	0.4859
7.021	0.9204	0.9184	0.4859
7.020	0.9203	0.9184	0.4859
7.019	0.9203	0.9184	0.4859
7.018	0.9203	0.9184	0.4859
7.017	0.9203	0.9184	0.4859
7.016	0.9203	0.9184	0.4859
7.015	0.9203	0.9183	0.4858
7.014	0.9203	0.9183	0.4858
7.013	0.9203	0.9183	0.4858
7.012	0.9203	0.9183	0.4858
7.011	0.9203	0.9183	0.4858
7.010	0.9203	0.9183	0.4857
7.009	0.9202	0.9183	0.4857
7.008	0.9202	0.9183	0.4857
7.007	0.9202	0.9183	0.4857
7.006	0.9202	0.9183	0.4857
7.005	0.9202	0.9183	0.4857
7.004	0.9202	0.9182	0.4856
7.003	0.9202	0.9182	0.4856
7.002	0.9201	0.9182	0.4856
7.001	0.9201	0.9182	0.4856
7.000	0.9201	0.9182	0.4856
6.999	0.9201	0.9182	0.4856
6.998	0.9201	0.9182	0.4855
6.997	0.9201	0.9182	0.4855
6.996	0.9201	0.9181	0.4855
6.995	0.9201	0.9181	0.4855
6.994	0.9201	0.9181	0.4855
6.993	0.92	0.9181	0.4855
6.992	0.92	0.9181	0.4854
6.991	0.92	0.9181	0.4854
6.990	0.92	0.9181	0.4854
6.989	0.92	0.9181	0.4854
6.988	0.92	0.9181	0.4854
6.987	0.92	0.918	0.4853
6.986	0.92	0.918	0.4853
6.985	0.92	0.918	0.4853
6.984	0.9199	0.918	0.4853
6.983	0.9199	0.918	0.4853
6.982	0.9199	0.918	0.4852
6.981	0.9199	0.918	0.4852
6.980	0.9199	0.918	0.4852
6.979	0.9199	0.9179	0.4852
6.978	0.9199	0.9179	0.4852
6.977	0.9199	0.9179	0.4851
6.976	0.9199	0.9179	0.4851
6.975	0.9199	0.9179	0.4851
6.974	0.9198	0.9179	0.4851
6.973	0.9198	0.9179	0.4851
6.972	0.9198	0.9179	0.4851
6.971	0.9198	0.9179	0.485
6.970	0.9198	0.9178	0.485
6.969	0.9198	0.9178	0.485
6.968	0.9198	0.9178	0.485
6.967	0.9198	0.9178	0.485
6.966	0.9198	0.9178	0.485
6.965	0.9197	0.9178	0.485
6.964	0.9197	0.9178	0.485
6.963	0.9197	0.9178	0.4849
6.962	0.9197	0.9178	0.4849
6.961	0.9197	0.9178	0.4849
6.960	0.9197	0.9177	0.4849
6.959	0.9197	0.9177	0.4849
6.958	0.9197	0.9177	0.4849
6.957	0.9196	0.9177	0.4849
6.956	0.9196	0.9177	0.4848
6.955	0.9196	0.9177	0.4848
6.954	0.9196	0.9177	0.4848
6.953	0.9196	0.9176	0.4848
6.952	0.9196	0.9176	0.4848
6.951	0.9196	0.9176	0.4847
6.950	0.9195	0.9176	0.4847
6.949	0.9195	0.9176	0.4847
6.948	0.9195	0.9176	0.4847
6.947	0.9195	0.9176	0.4847
6.946	0.9195	0.9176	0.4847
6.945	0.9195	0.9175	0.4847
6.944	0.9195	0.9175	0.4847
6.943	0.9195	0.9175	0.4847
6.942	0.9194	0.9175	0.4846
6.941	0.9194	0.9175	0.4846
6.940	0.9194	0.9175	0.4846
6.939	0.9194	0.9175	0.4846
6.938	0.9194	0.9175	0.4846
6.937	0.9194	0.9174	0.4846
6.936	0.9194	0.9174	0.4845
6.935	0.9193	0.9174	0.4845
6.934	0.9193	0.9174	0.4845
6.933	0.9193	0.9174	0.4845
6.932	0.9193	0.9174	0.4845
6.931	0.9193	0.9174	0.4845
6.930	0.9193	0.9174	0.4844
6.929	0.9193	0.9174	0.4844
6.928	0.9193	0.9173	0.4844
6.927	0.9193	0.9173	0.4844
6.926	0.9192	0.9173	0.4844
6.925	0.9192	0.9173	0.4843
6.924	0.9192	0.9173	0.4843
6.923	0.9192	0.9173	0.4843
6.922	0.9192	0.9172	0.4843
6.921	0.9192	0.9172	0.4843
6.920	0.9192	0.9172	0.4843
6.919	0.9192	0.9172	0.4843
6.918	0.9192	0.9172	0.4843
6.917	0.9191	0.9172	0.4842
6.916	0.9191	0.9172	0.4842
6.915	0.9191	0.9172	0.4842
6.914	0.9191	0.9172	0.4842
6.913	0.9191	0.9172	0.4842
6.912	0.9191	0.9171	0.4841
6.911	0.9191	0.9171	0.4841
6.910	0.9191	0.9171	0.4841
6.909	0.9191	0.9171	0.4841
6.908	0.919	0.9171	0.4841
6.907	0.919	0.9171	0.484
6.906	0.919	0.9171	0.484
6.905	0.919	0.9171	0.484
6.904	0.919	0.917	0.484
6.903	0.919	0.917	0.4839
6.902	0.9189	0.917	0.4839
6.901	0.9189	0.917	0.4839
6.900	0.9189	0.917	0.4839
6.899	0.9189	0.917	0.4839
6.898	0.9189	0.917	0.4839
6.897	0.9189	0.917	0.4839
6.896	0.9189	0.9169	0.4838
6.895	0.9189	0.9169	0.4838
6.894	0.9189	0.9169	0.4838
6.893	0.9188	0.9169	0.4838
6.892	0.9188	0.9169	0.4838
6.891	0.9188	0.9169	0.4838
6.890	0.9188	0.9169	0.4838
6.889	0.9188	0.9169	0.4837
6.888	0.9188	0.9168	0.4837
6.887	0.9188	0.9168	0.4837
6.886	0.9187	0.9168	0.4837
6.885	0.9187	0.9168	0.4837
6.884	0.9187	0.9168	0.4836
6.883	0.9187	0.9168	0.4836
6.882	0.9187	0.9168	0.4836
6.881	0.9187	0.9167	0.4836
6.880	0.9186	0.9167	0.4836
6.879	0.9186	0.9167	0.4836
6.878	0.9186	0.9167	0.4836
6.877	0.9186	0.9167	0.4836
6.876	0.9186	0.9167	0.4836
6.875	0.9186	0.9167	0.4835
6.874	0.9186	0.9167	0.4835
6.873	0.9186	0.9167	0.4835
6.872	0.9186	0.9167	0.4835
6.871	0.9186	0.9166	0.4834
6.870	0.9185	0.9166	0.4834
6.869	0.9185	0.9166	0.4834
6.868	0.9185	0.9166	0.4834
6.867	0.9185	0.9166	0.4834
6.866	0.9185	0.9166	0.4834
6.865	0.9185	0.9166	0.4833
6.864	0.9185	0.9166	0.4833
6.863	0.9185	0.9165	0.4833
6.862	0.9185	0.9165	0.4833
6.861	0.9185	0.9165	0.4833
6.860	0.9185	0.9165	0.4833
6.859	0.9184	0.9165	0.4832
6.858	0.9184	0.9165	0.4832
6.857	0.9184	0.9165	0.4832
6.856	0.9184	0.9164	0.4832
6.855	0.9184	0.9164	0.4832
6.854	0.9184	0.9164	0.4831
6.853	0.9184	0.9164	0.4831
6.852	0.9184	0.9164	0.4831
6.851	0.9184	0.9164	0.4831
6.850	0.9183	0.9164	0.4831
6.849	0.9183	0.9164	0.4831
6.848	0.9183	0.9164	0.4831
6.847	0.9183	0.9163	0.4831
6.846	0.9183	0.9163	0.4831
6.845	0.9182	0.9163	0.483
6.844	0.9182	0.9163	0.483
6.843	0.9182	0.9163	0.483
6.842	0.9182	0.9163	0.483
6.841	0.9182	0.9163	0.483
6.840	0.9182	0.9163	0.483
6.839	0.9182	0.9162	0.4829
6.838	0.9182	0.9162	0.4829
6.837	0.9181	0.9162	0.4829
6.836	0.9181	0.9162	0.4829
6.835	0.9181	0.9162	0.4829
6.834	0.9181	0.9162	0.4829
6.833	0.9181	0.9162	0.4828
6.832	0.9181	0.9162	0.4828
6.831	0.918	0.9161	0.4828
6.830	0.918	0.9161	0.4828
6.829	0.918	0.9161	0.4828
6.828	0.918	0.9161	0.4828
6.827	0.918	0.9161	0.4828
6.826	0.918	0.9161	0.4827
6.825	0.918	0.916	0.4827
6.824	0.918	0.916	0.4827
6.823	0.918	0.916	0.4827
6.822	0.9179	0.916	0.4827
6.821	0.9179	0.916	0.4827
6.820	0.9179	0.916	0.4827
6.819	0.9179	0.916	0.4826
6.818	0.9179	0.9159	0.4826
6.817	0.9179	0.9159	0.4826
6.816	0.9179	0.9159	0.4826
6.815	0.9179	0.9159	0.4826
6.814	0.9178	0.9159	0.4826
6.813	0.9178	0.9159	0.4825
6.812	0.9178	0.9159	0.4825
6.811	0.9178	0.9159	0.4825
6.810	0.9178	0.9159	0.4825
6.809	0.9178	0.9158	0.4825
6.808	0.9178	0.9158	0.4825
6.807	0.9177	0.9158	0.4824
6.806	0.9177	0.9158	0.4824
6.805	0.9177	0.9158	0.4824
6.804	0.9177	0.9158	0.4824
6.803	0.9177	0.9158	0.4824
6.802	0.9177	0.9157	0.4824
6.801	0.9177	0.9157	0.4823
6.800	0.9177	0.9157	0.4823
6.799	0.9177	0.9157	0.4823
6.798	0.9176	0.9157	0.4823
6.797	0.9176	0.9157	0.4823
6.796	0.9176	0.9157	0.4823
6.795	0.9176	0.9157	0.4823
6.794	0.9176	0.9157	0.4822
6.793	0.9176	0.9156	0.4822
6.792	0.9176	0.9156	0.4822
6.791	0.9176	0.9156	0.4822
6.790	0.9175	0.9156	0.4822
6.789	0.9175	0.9156	0.4822
6.788	0.9175	0.9156	0.4821
6.787	0.9175	0.9156	0.4821
6.786	0.9175	0.9156	0.4821
6.785	0.9175	0.9156	0.4821
6.784	0.9175	0.9155	0.4821
6.783	0.9175	0.9155	0.4821
6.782	0.9174	0.9155	0.4821
6.781	0.9174	0.9155	0.482
6.780	0.9174	0.9155	0.482
6.779	0.9174	0.9155	0.482
6.778	0.9174	0.9155	0.482
6.777	0.9174	0.9154	0.482
6.776	0.9174	0.9154	0.482
6.775	0.9174	0.9154	0.482
6.774	0.9173	0.9154	0.4819
6.773	0.9173	0.9154	0.4819
6.772	0.9173	0.9154	0.4819
6.771	0.9173	0.9154	0.4819
6.770	0.9173	0.9154	0.4818
6.769	0.9173	0.9154	0.4818
6.768	0.9173	0.9154	0.4818
6.767	0.9172	0.9153	0.4818
6.766	0.9172	0.9153	0.4818
6.765	0.9172	0.9153	0.4818
6.764	0.9172	0.9153	0.4818
6.763	0.9172	0.9153	0.4818
6.762	0.9172	0.9153	0.4817
6.761	0.9171	0.9153	0.4817
6.760	0.9171	0.9153	0.4817
6.759	0.9171	0.9152	0.4817
6.758	0.9171	0.9152	0.4817
6.757	0.9171	0.9152	0.4816
6.756	0.9171	0.9152	0.4816
6.755	0.917	0.9152	0.4816
6.754	0.917	0.9151	0.4816
6.753	0.917	0.9151	0.4816
6.752	0.917	0.9151	0.4816
6.751	0.917	0.9151	0.4816
6.750	0.917	0.9151	0.4815
6.749	0.917	0.9151	0.4815
6.748	0.917	0.9151	0.4815
6.747	0.917	0.915	0.4815
6.746	0.9169	0.915	0.4815
6.745	0.9169	0.915	0.4815
6.744	0.9169	0.915	0.4815
6.743	0.9169	0.915	0.4814
6.742	0.9169	0.915	0.4814
6.741	0.9169	0.915	0.4814
6.740	0.9168	0.915	0.4814
6.739	0.9168	0.9149	0.4814
6.738	0.9168	0.9149	0.4814
6.737	0.9168	0.9149	0.4814
6.736	0.9168	0.9149	0.4813
6.735	0.9168	0.9149	0.4813
6.734	0.9168	0.9149	0.4813
6.733	0.9168	0.9149	0.4813
6.732	0.9167	0.9149	0.4813
6.731	0.9167	0.9149	0.4813
6.730	0.9167	0.9149	0.4812
6.729	0.9167	0.9149	0.4812
6.728	0.9167	0.9148	0.4812
6.727	0.9167	0.9148	0.4812
6.726	0.9167	0.9148	0.4812
6.725	0.9167	0.9148	0.4811
6.724	0.9167	0.9148	0.4811
6.723	0.9166	0.9148	0.4811
6.722	0.9166	0.9147	0.4811
6.721	0.9166	0.9147	0.4811
6.720	0.9166	0.9147	0.4811
6.719	0.9166	0.9147	0.4811
6.718	0.9166	0.9147	0.481
6.717	0.9165	0.9147	0.481
6.716	0.9165	0.9147	0.481
6.715	0.9165	0.9147	0.481
6.714	0.9165	0.9147	0.481
6.713	0.9165	0.9146	0.481
6.712	0.9165	0.9146	0.481
6.711	0.9165	0.9146	0.481
6.710	0.9164	0.9146	0.4809
6.709	0.9164	0.9146	0.4809
6.708	0.9164	0.9146	0.4809
6.707	0.9164	0.9146	0.4809
6.706	0.9164	0.9145	0.4808
6.705	0.9164	0.9145	0.4808
6.704	0.9163	0.9145	0.4808
6.703	0.9163	0.9145	0.4808
6.702	0.9163	0.9145	0.4808
6.701	0.9163	0.9145	0.4808
6.700	0.9163	0.9145	0.4807
6.699	0.9163	0.9145	0.4807
6.698	0.9163	0.9144	0.4807
6.697	0.9163	0.9144	0.4807
6.696	0.9162	0.9144	0.4806
6.695	0.9162	0.9144	0.4806
6.694	0.9162	0.9144	0.4806
6.693	0.9162	0.9144	0.4806
6.692	0.9162	0.9144	0.4806
6.691	0.9162	0.9143	0.4806
6.690	0.9162	0.9143	0.4806
6.689	0.9162	0.9143	0.4805
6.688	0.9162	0.9143	0.4805
6.687	0.9162	0.9143	0.4805
6.686	0.9161	0.9142	0.4805
6.685	0.9161	0.9142	0.4805
6.684	0.9161	0.9142	0.4805
6.683	0.9161	0.9142	0.4804
6.682	0.9161	0.9142	0.4804
6.681	0.9161	0.9142	0.4804
6.680	0.9161	0.9142	0.4804
6.679	0.916	0.9142	0.4804
6.678	0.916	0.9142	0.4804
6.677	0.916	0.9141	0.4803
6.676	0.916	0.9141	0.4803
6.675	0.916	0.9141	0.4803
6.674	0.916	0.9141	0.4803
6.673	0.916	0.9141	0.4803
6.672	0.916	0.9141	0.4803
6.671	0.9159	0.914	0.4802
6.670	0.9159	0.914	0.4802
6.669	0.9159	0.914	0.4802
6.668	0.9159	0.914	0.4802
6.667	0.9159	0.914	0.4802
6.666	0.9159	0.914	0.4802
6.665	0.9159	0.914	0.4802
6.664	0.9158	0.914	0.4801
6.663	0.9158	0.914	0.4801
6.662	0.9158	0.9139	0.4801
6.661	0.9158	0.9139	0.4801
6.660	0.9158	0.9139	0.4801
6.659	0.9158	0.9139	0.4801
6.658	0.9158	0.9139	0.4801
6.657	0.9158	0.9139	0.4801
6.656	0.9157	0.9139	0.48
6.655	0.9157	0.9138	0.48
6.654	0.9157	0.9138	0.48
6.653	0.9157	0.9138	0.48
6.652	0.9157	0.9138	0.48
6.651	0.9157	0.9138	0.48
6.650	0.9157	0.9138	0.4799
6.649	0.9156	0.9138	0.4799
6.648	0.9156	0.9138	0.4799
6.647	0.9156	0.9137	0.4799
6.646	0.9156	0.9137	0.4799
6.645	0.9156	0.9137	0.4799
6.644	0.9156	0.9137	0.4799
6.643	0.9156	0.9137	0.4798
6.642	0.9155	0.9137	0.4798
6.641	0.9155	0.9137	0.4798
6.640	0.9155	0.9136	0.4798
6.639	0.9155	0.9136	0.4798
6.638	0.9155	0.9136	0.4798
6.637	0.9155	0.9136	0.4798
6.636	0.9155	0.9136	0.4797
6.635	0.9155	0.9136	0.4797
6.634	0.9154	0.9136	0.4797
6.633	0.9154	0.9135	0.4797
6.632	0.9154	0.9135	0.4797
6.631	0.9154	0.9135	0.4797
6.630	0.9154	0.9135	0.4797
6.629	0.9154	0.9135	0.4796
6.628	0.9154	0.9135	0.4796
6.627	0.9153	0.9134	0.4796
6.626	0.9153	0.9134	0.4796
6.625	0.9153	0.9134	0.4796
6.624	0.9153	0.9134	0.4796
6.623	0.9153	0.9134	0.4795
6.622	0.9153	0.9134	0.4795
6.621	0.9153	0.9134	0.4795
6.620	0.9153	0.9134	0.4795
6.619	0.9152	0.9134	0.4795
6.618	0.9152	0.9134	0.4794
6.617	0.9152	0.9133	0.4794
6.616	0.9152	0.9133	0.4794
6.615	0.9152	0.9133	0.4794
6.614	0.9152	0.9133	0.4794
6.613	0.9151	0.9133	0.4793
6.612	0.9151	0.9133	0.4793
6.611	0.9151	0.9133	0.4793
6.610	0.9151	0.9133	0.4793
6.609	0.9151	0.9133	0.4793
6.608	0.9151	0.9132	0.4792
6.607	0.9151	0.9132	0.4792
6.606	0.915	0.9132	0.4792
6.605	0.915	0.9132	0.4792
6.604	0.915	0.9132	0.4792
6.603	0.915	0.9132	0.4792
6.602	0.915	0.9131	0.4791
6.601	0.915	0.9131	0.4791
6.600	0.915	0.9131	0.4791
6.599	0.915	0.9131	0.4791
6.598	0.915	0.9131	0.4791
6.597	0.9149	0.9131	0.4791
6.596	0.9149	0.9131	0.4791
6.595	0.9149	0.9131	0.479
6.594	0.9149	0.9131	0.479
6.593	0.9149	0.913	0.479
6.592	0.9149	0.913	0.479
6.591	0.9148	0.913	0.479
6.590	0.9148	0.913	0.479
6.589	0.9148	0.913	0.479
6.588	0.9148	0.913	0.479
6.587	0.9148	0.913	0.4789
6.586	0.9147	0.913	0.4789
6.585	0.9147	0.9129	0.4789
6.584	0.9147	0.9129	0.4789
6.583	0.9147	0.9129	0.4789
6.582	0.9147	0.9129	0.4789
6.581	0.9147	0.9129	0.4788
6.580	0.9147	0.9129	0.4788
6.579	0.9147	0.9129	0.4788
6.578	0.9146	0.9128	0.4788
6.577	0.9146	0.9128	0.4788
6.576	0.9146	0.9128	0.4788
6.575	0.9146	0.9128	0.4788
6.574	0.9146	0.9128	0.4787
6.573	0.9146	0.9128	0.4787
6.572	0.9146	0.9128	0.4787
6.571	0.9146	0.9128	0.4787
6.570	0.9145	0.9127	0.4787
6.569	0.9145	0.9127	0.4787
6.568	0.9145	0.9127	0.4786
6.567	0.9145	0.9127	0.4786
6.566	0.9145	0.9127	0.4786
6.565	0.9145	0.9127	0.4786
6.564	0.9144	0.9127	0.4786
6.563	0.9144	0.9127	0.4786
6.562	0.9144	0.9126	0.4786
6.561	0.9144	0.9126	0.4785
6.560	0.9144	0.9126	0.4785
6.559	0.9143	0.9126	0.4785
6.558	0.9143	0.9126	0.4785
6.557	0.9143	0.9126	0.4785
6.556	0.9143	0.9126	0.4785
6.555	0.9143	0.9125	0.4785
6.554	0.9143	0.9125	0.4785
6.553	0.9143	0.9125	0.4784
6.552	0.9142	0.9125	0.4784
6.551	0.9142	0.9125	0.4784
6.550	0.9142	0.9125	0.4784
6.549	0.9142	0.9124	0.4784
6.548	0.9142	0.9124	0.4783
6.547	0.9142	0.9124	0.4783
6.546	0.9142	0.9124	0.4783
6.545	0.9141	0.9124	0.4783
6.544	0.9141	0.9124	0.4783
6.543	0.9141	0.9124	0.4782
6.542	0.9141	0.9124	0.4782
6.541	0.9141	0.9123	0.4782
6.540	0.9141	0.9123	0.4782
6.539	0.9141	0.9123	0.4782
6.538	0.914	0.9123	0.4782
6.537	0.914	0.9123	0.4782
6.536	0.914	0.9123	0.4782
6.535	0.914	0.9123	0.4781
6.534	0.914	0.9122	0.4781
6.533	0.914	0.9122	0.4781
6.532	0.914	0.9122	0.4781
6.531	0.9139	0.9122	0.4781
6.530	0.9139	0.9122	0.4781
6.529	0.9139	0.9122	0.4781
6.528	0.9139	0.9122	0.4781
6.527	0.9139	0.9121	0.478
6.526	0.9139	0.9121	0.478
6.525	0.9139	0.9121	0.478
6.524	0.9138	0.9121	0.478
6.523	0.9138	0.9121	0.4779
6.522	0.9138	0.9121	0.4779
6.521	0.9138	0.9121	0.4779
6.520	0.9138	0.912	0.4779
6.519	0.9138	0.912	0.4779
6.518	0.9138	0.912	0.4779
6.517	0.9137	0.912	0.4779
6.516	0.9137	0.912	0.4778
6.515	0.9137	0.9119	0.4778
6.514	0.9137	0.9119	0.4778
6.513	0.9137	0.9119	0.4778
6.512	0.9137	0.9119	0.4778
6.511	0.9136	0.9119	0.4778
6.510	0.9136	0.9119	0.4778
6.509	0.9136	0.9118	0.4778
6.508	0.9136	0.9118	0.4777
6.507	0.9136	0.9118	0.4777
6.506	0.9135	0.9118	0.4777
6.505	0.9135	0.9118	0.4777
6.504	0.9135	0.9118	0.4777
6.503	0.9135	0.9117	0.4777
6.502	0.9135	0.9117	0.4777
6.501	0.9135	0.9117	0.4777
6.500	0.9135	0.9117	0.4776
6.499	0.9135	0.9117	0.4776
6.498	0.9135	0.9117	0.4776
6.497	0.9134	0.9117	0.4776
6.496	0.9134	0.9117	0.4776
6.495	0.9134	0.9116	0.4776
6.494	0.9134	0.9116	0.4776
6.493	0.9134	0.9116	0.4775
6.492	0.9133	0.9116	0.4775
6.491	0.9133	0.9116	0.4775
6.490	0.9133	0.9116	0.4775
6.489	0.9133	0.9116	0.4775
6.488	0.9133	0.9116	0.4775
6.487	0.9133	0.9115	0.4774
6.486	0.9133	0.9115	0.4774
6.485	0.9132	0.9115	0.4774
6.484	0.9132	0.9115	0.4774
6.483	0.9132	0.9115	0.4774
6.482	0.9132	0.9115	0.4773
6.481	0.9132	0.9115	0.4773
6.480	0.9132	0.9114	0.4773
6.479	0.9131	0.9114	0.4773
6.478	0.9131	0.9114	0.4773
6.477	0.9131	0.9114	0.4773
6.476	0.9131	0.9114	0.4772
6.475	0.9131	0.9114	0.4772
6.474	0.9131	0.9114	0.4772
6.473	0.913	0.9113	0.4772
6.472	0.913	0.9113	0.4772
6.471	0.913	0.9113	0.4772
6.470	0.913	0.9113	0.4772
6.469	0.913	0.9113	0.4771
6.468	0.913	0.9113	0.4771
6.467	0.9129	0.9113	0.4771
6.466	0.9129	0.9112	0.4771
6.465	0.9129	0.9112	0.4771
6.464	0.9129	0.9112	0.4771
6.463	0.9129	0.9112	0.4771
6.462	0.9129	0.9112	0.4771
6.461	0.9129	0.9112	0.477
6.460	0.9129	0.9111	0.477
6.459	0.9129	0.9111	0.477
6.458	0.9128	0.9111	0.477
6.457	0.9128	0.9111	0.477
6.456	0.9128	0.9111	0.477
6.455	0.9128	0.9111	0.4769
6.454	0.9128	0.9111	0.4769
6.453	0.9128	0.9111	0.4769
6.452	0.9127	0.911	0.4769
6.451	0.9127	0.911	0.4769
6.450	0.9127	0.911	0.4769
6.449	0.9127	0.911	0.4769
6.448	0.9127	0.911	0.4768
6.447	0.9127	0.911	0.4768
6.446	0.9127	0.911	0.4768
6.445	0.9126	0.9109	0.4768
6.444	0.9126	0.9109	0.4768
6.443	0.9126	0.9109	0.4768
6.442	0.9126	0.9109	0.4767
6.441	0.9126	0.9109	0.4767
6.440	0.9126	0.9109	0.4767
6.439	0.9125	0.9108	0.4767
6.438	0.9125	0.9108	0.4767
6.437	0.9125	0.9108	0.4767
6.436	0.9125	0.9108	0.4766
6.435	0.9125	0.9108	0.4766
6.434	0.9125	0.9108	0.4766
6.433	0.9125	0.9108	0.4766
6.432	0.9124	0.9107	0.4766
6.431	0.9124	0.9107	0.4766
6.430	0.9124	0.9107	0.4766
6.429	0.9124	0.9107	0.4765
6.428	0.9124	0.9107	0.4765
6.427	0.9124	0.9107	0.4765
6.426	0.9123	0.9107	0.4765
6.425	0.9123	0.9107	0.4764
6.424	0.9123	0.9106	0.4764
6.423	0.9123	0.9106	0.4764
6.422	0.9123	0.9106	0.4764
6.421	0.9123	0.9106	0.4764
6.420	0.9123	0.9106	0.4764
6.419	0.9123	0.9106	0.4764
6.418	0.9122	0.9106	0.4763
6.417	0.9122	0.9106	0.4763
6.416	0.9122	0.9105	0.4763
6.415	0.9122	0.9105	0.4763
6.414	0.9122	0.9105	0.4763
6.413	0.9122	0.9105	0.4763
6.412	0.9122	0.9105	0.4763
6.411	0.9122	0.9105	0.4762
6.410	0.9121	0.9104	0.4762
6.409	0.9121	0.9104	0.4762
6.408	0.9121	0.9104	0.4762
6.407	0.9121	0.9104	0.4762
6.406	0.9121	0.9104	0.4762
6.405	0.912	0.9103	0.4762
6.404	0.912	0.9103	0.4761
6.403	0.912	0.9103	0.4761
6.402	0.912	0.9103	0.4761
6.401	0.912	0.9103	0.4761
6.400	0.9119	0.9102	0.4761
6.399	0.9119	0.9102	0.4761
6.398	0.9119	0.9102	0.4761
6.397	0.9119	0.9102	0.476
6.396	0.9119	0.9102	0.476
6.395	0.9119	0.9102	0.476
6.394	0.9119	0.9102	0.476
6.393	0.9119	0.9101	0.476
6.392	0.9118	0.9101	0.476
6.391	0.9118	0.9101	0.4759
6.390	0.9118	0.9101	0.4759
6.389	0.9118	0.9101	0.4759
6.388	0.9118	0.9101	0.4759
6.387	0.9117	0.9101	0.4759
6.386	0.9117	0.9101	0.4759
6.385	0.9117	0.91	0.4758
6.384	0.9117	0.91	0.4758
6.383	0.9117	0.91	0.4758
6.382	0.9117	0.91	0.4758
6.381	0.9116	0.91	0.4758
6.380	0.9116	0.9099	0.4758
6.379	0.9116	0.9099	0.4758
6.378	0.9116	0.9099	0.4757
6.377	0.9116	0.9099	0.4757
6.376	0.9116	0.9099	0.4757
6.375	0.9116	0.9099	0.4757
6.374	0.9115	0.9098	0.4757
6.373	0.9115	0.9098	0.4757
6.372	0.9115	0.9098	0.4757
6.371	0.9115	0.9098	0.4757
6.370	0.9115	0.9098	0.4756
6.369	0.9115	0.9098	0.4756
6.368	0.9115	0.9098	0.4756
6.367	0.9114	0.9098	0.4756
6.366	0.9114	0.9097	0.4756
6.365	0.9114	0.9097	0.4756
6.364	0.9114	0.9097	0.4755
6.363	0.9114	0.9097	0.4755
6.362	0.9113	0.9097	0.4755
6.361	0.9113	0.9097	0.4755
6.360	0.9113	0.9097	0.4755
6.359	0.9113	0.9097	0.4754
6.358	0.9113	0.9096	0.4754
6.357	0.9113	0.9096	0.4754
6.356	0.9113	0.9096	0.4754
6.355	0.9112	0.9096	0.4754
6.354	0.9112	0.9096	0.4754
6.353	0.9112	0.9096	0.4754
6.352	0.9112	0.9096	0.4753
6.351	0.9112	0.9095	0.4753
6.350	0.9111	0.9095	0.4753
6.349	0.9111	0.9095	0.4753
6.348	0.9111	0.9095	0.4753
6.347	0.9111	0.9095	0.4753
6.346	0.9111	0.9094	0.4753
6.345	0.9111	0.9094	0.4752
6.344	0.9111	0.9094	0.4752
6.343	0.911	0.9094	0.4752
6.342	0.911	0.9094	0.4752
6.341	0.911	0.9094	0.4752
6.340	0.911	0.9094	0.4751
6.339	0.9109	0.9094	0.4751
6.338	0.9109	0.9093	0.4751
6.337	0.9109	0.9093	0.4751
6.336	0.9109	0.9093	0.4751
6.335	0.9109	0.9093	0.4751
6.334	0.9109	0.9093	0.4751
6.333	0.9109	0.9093	0.475
6.332	0.9108	0.9092	0.475
6.331	0.9108	0.9092	0.475
6.330	0.9108	0.9092	0.475
6.329	0.9108	0.9092	0.475
6.328	0.9108	0.9092	0.475
6.327	0.9108	0.9091	0.475
6.326	0.9108	0.9091	0.4749
6.325	0.9108	0.9091	0.4749
6.324	0.9108	0.9091	0.4749
6.323	0.9107	0.9091	0.4749
6.322	0.9107	0.909	0.4748
6.321	0.9107	0.909	0.4748
6.320	0.9107	0.909	0.4748
6.319	0.9107	0.909	0.4748
6.318	0.9107	0.909	0.4748
6.317	0.9107	0.9089	0.4747
6.316	0.9107	0.9089	0.4747
6.315	0.9106	0.9089	0.4747
6.314	0.9106	0.9089	0.4747
6.313	0.9106	0.9089	0.4747
6.312	0.9106	0.9089	0.4747
6.311	0.9106	0.9089	0.4747
6.310	0.9106	0.9088	0.4746
6.309	0.9106	0.9088	0.4746
6.308	0.9105	0.9088	0.4746
6.307	0.9105	0.9088	0.4746
6.306	0.9105	0.9088	0.4746
6.305	0.9105	0.9088	0.4745
6.304	0.9105	0.9088	0.4745
6.303	0.9105	0.9087	0.4745
6.302	0.9104	0.9087	0.4745
6.301	0.9104	0.9087	0.4745
6.300	0.9104	0.9087	0.4745
6.299	0.9104	0.9087	0.4745
6.298	0.9104	0.9087	0.4745
6.297	0.9104	0.9086	0.4744
6.296	0.9104	0.9086	0.4744
6.295	0.9103	0.9086	0.4744
6.294	0.9103	0.9086	0.4744
6.293	0.9103	0.9086	0.4744
6.292	0.9103	0.9086	0.4744
6.291	0.9102	0.9085	0.4744
6.290	0.9102	0.9085	0.4743
6.289	0.9102	0.9085	0.4743
6.288	0.9102	0.9085	0.4743
6.287	0.9102	0.9085	0.4743
6.286	0.9102	0.9084	0.4743
6.285	0.9101	0.9084	0.4743
6.284	0.9101	0.9084	0.4742
6.283	0.9101	0.9084	0.4742
6.282	0.9101	0.9084	0.4742
6.281	0.9101	0.9083	0.4742
6.280	0.91	0.9083	0.4742
6.279	0.91	0.9083	0.4742
6.278	0.91	0.9083	0.4742
6.277	0.91	0.9083	0.4741
6.276	0.91	0.9083	0.4741
6.275	0.91	0.9082	0.4741
6.274	0.9099	0.9082	0.4741
6.273	0.9099	0.9082	0.4741
6.272	0.9099	0.9082	0.4741
6.271	0.9099	0.9082	0.474
6.270	0.9099	0.9081	0.474
6.269	0.9099	0.9081	0.474
6.268	0.9098	0.9081	0.474
6.267	0.9098	0.9081	0.474
6.266	0.9098	0.9081	0.4739
6.265	0.9098	0.9081	0.4739
6.264	0.9098	0.9081	0.4739
6.263	0.9098	0.908	0.4739
6.262	0.9097	0.908	0.4739
6.261	0.9097	0.908	0.4739
6.260	0.9097	0.908	0.4739
6.259	0.9097	0.908	0.4738
6.258	0.9097	0.908	0.4738
6.257	0.9097	0.908	0.4738
6.256	0.9097	0.9079	0.4738
6.255	0.9096	0.9079	0.4738
6.254	0.9096	0.9079	0.4738
6.253	0.9096	0.9079	0.4737
6.252	0.9096	0.9079	0.4737
6.251	0.9096	0.9079	0.4737
6.250	0.9096	0.9079	0.4737
6.249	0.9095	0.9078	0.4737
6.248	0.9095	0.9078	0.4737
6.247	0.9095	0.9078	0.4737
6.246	0.9095	0.9078	0.4736
6.245	0.9095	0.9078	0.4736
6.244	0.9095	0.9078	0.4736
6.243	0.9094	0.9078	0.4736
6.242	0.9094	0.9077	0.4736
6.241	0.9094	0.9077	0.4736
6.240	0.9094	0.9077	0.4735
6.239	0.9094	0.9077	0.4735
6.238	0.9094	0.9077	0.4735
6.237	0.9093	0.9077	0.4735
6.236	0.9093	0.9076	0.4735
6.235	0.9093	0.9076	0.4735
6.234	0.9093	0.9076	0.4735
6.233	0.9093	0.9076	0.4735
6.232	0.9092	0.9076	0.4734
6.231	0.9092	0.9076	0.4734
6.230	0.9092	0.9076	0.4734
6.229	0.9092	0.9076	0.4734
6.228	0.9092	0.9075	0.4734
6.227	0.9091	0.9075	0.4734
6.226	0.9091	0.9075	0.4733
6.225	0.9091	0.9075	0.4733
6.224	0.9091	0.9075	0.4733
6.223	0.9091	0.9074	0.4733
6.222	0.9091	0.9074	0.4733
6.221	0.9091	0.9074	0.4733
6.220	0.909	0.9074	0.4732
6.219	0.909	0.9074	0.4732
6.218	0.909	0.9074	0.4732
6.217	0.909	0.9074	0.4732
6.216	0.909	0.9073	0.4732
6.215	0.909	0.9073	0.4732
6.214	0.909	0.9073	0.4731
6.213	0.9089	0.9073	0.4731
6.212	0.9089	0.9073	0.4731
6.211	0.9089	0.9073	0.4731
6.210	0.9089	0.9073	0.4731
6.209	0.9089	0.9073	0.473
6.208	0.9089	0.9072	0.473
6.207	0.9088	0.9072	0.473
6.206	0.9088	0.9072	0.473
6.205	0.9088	0.9072	0.473
6.204	0.9088	0.9072	0.473
6.203	0.9088	0.9072	0.473
6.202	0.9087	0.9071	0.4729
6.201	0.9087	0.9071	0.4729
6.200	0.9087	0.9071	0.4729
6.199	0.9087	0.9071	0.4729
6.198	0.9087	0.907	0.4729
6.197	0.9087	0.907	0.4729
6.196	0.9086	0.907	0.4728
6.195	0.9086	0.907	0.4728
6.194	0.9086	0.907	0.4728
6.193	0.9086	0.907	0.4728
6.192	0.9086	0.9069	0.4728
6.191	0.9085	0.9069	0.4728
6.190	0.9085	0.9069	0.4727
6.189	0.9085	0.9069	0.4727
6.188	0.9085	0.9069	0.4727
6.187	0.9085	0.9069	0.4727
6.186	0.9085	0.9068	0.4727
6.185	0.9085	0.9068	0.4726
6.184	0.9084	0.9068	0.4726
6.183	0.9084	0.9068	0.4726
6.182	0.9084	0.9068	0.4726
6.181	0.9084	0.9068	0.4726
6.180	0.9084	0.9068	0.4726
6.179	0.9083	0.9067	0.4725
6.178	0.9083	0.9067	0.4725
6.177	0.9083	0.9067	0.4725
6.176	0.9083	0.9067	0.4725
6.175	0.9083	0.9067	0.4725
6.174	0.9082	0.9067	0.4724
6.173	0.9082	0.9067	0.4724
6.172	0.9082	0.9066	0.4724
6.171	0.9082	0.9066	0.4724
6.170	0.9082	0.9066	0.4724
6.169	0.9082	0.9066	0.4723
6.168	0.9081	0.9066	0.4723
6.167	0.9081	0.9066	0.4723
6.166	0.9081	0.9066	0.4723
6.165	0.9081	0.9065	0.4723
6.164	0.9081	0.9065	0.4723
6.163	0.9081	0.9065	0.4723
6.162	0.9081	0.9065	0.4722
6.161	0.908	0.9065	0.4722
6.160	0.908	0.9064	0.4722
6.159	0.908	0.9064	0.4722
6.158	0.908	0.9064	0.4722
6.157	0.908	0.9064	0.4722
6.156	0.908	0.9064	0.4722
6.155	0.9079	0.9064	0.4722
6.154	0.9079	0.9063	0.4721
6.153	0.9079	0.9063	0.4721
6.152	0.9079	0.9063	0.4721
6.151	0.9079	0.9063	0.4721
6.150	0.9078	0.9063	0.4721
6.149	0.9078	0.9063	0.4721
6.148	0.9078	0.9062	0.472
6.147	0.9078	0.9062	0.472
6.146	0.9078	0.9062	0.472
6.145	0.9078	0.9062	0.472
6.144	0.9077	0.9062	0.472
6.143	0.9077	0.9062	0.4719
6.142	0.9077	0.9061	0.4719
6.141	0.9077	0.9061	0.4719
6.140	0.9077	0.9061	0.4719
6.139	0.9076	0.9061	0.4719
6.138	0.9076	0.9061	0.4719
6.137	0.9076	0.906	0.4718
6.136	0.9076	0.906	0.4718
6.135	0.9076	0.906	0.4718
6.134	0.9076	0.906	0.4718
6.133	0.9075	0.906	0.4718
6.132	0.9075	0.906	0.4718
6.131	0.9075	0.9059	0.4717
6.130	0.9075	0.9059	0.4717
6.129	0.9075	0.9059	0.4717
6.128	0.9075	0.9059	0.4717
6.127	0.9075	0.9059	0.4717
6.126	0.9074	0.9058	0.4717
6.125	0.9074	0.9058	0.4717
6.124	0.9074	0.9058	0.4716
6.123	0.9074	0.9058	0.4716
6.122	0.9074	0.9058	0.4716
6.121	0.9073	0.9058	0.4716
6.120	0.9073	0.9058	0.4716
6.119	0.9073	0.9057	0.4716
6.118	0.9073	0.9057	0.4716
6.117	0.9073	0.9057	0.4716
6.116	0.9073	0.9057	0.4715
6.115	0.9073	0.9057	0.4715
6.114	0.9072	0.9057	0.4715
6.113	0.9072	0.9057	0.4715
6.112	0.9072	0.9056	0.4715
6.111	0.9072	0.9056	0.4715
6.110	0.9072	0.9056	0.4715
6.109	0.9071	0.9056	0.4714
6.108	0.9071	0.9056	0.4714
6.107	0.9071	0.9055	0.4714
6.106	0.9071	0.9055	0.4714
6.105	0.9071	0.9055	0.4714
6.104	0.907	0.9055	0.4714
6.103	0.907	0.9055	0.4713
6.102	0.907	0.9055	0.4713
6.101	0.907	0.9055	0.4713
6.100	0.907	0.9054	0.4713
6.099	0.907	0.9054	0.4713
6.098	0.9069	0.9054	0.4713
6.097	0.9069	0.9054	0.4713
6.096	0.9069	0.9053	0.4712
6.095	0.9069	0.9053	0.4712
6.094	0.9069	0.9053	0.4712
6.093	0.9069	0.9053	0.4712
6.092	0.9068	0.9053	0.4712
6.091	0.9068	0.9053	0.4712
6.090	0.9068	0.9052	0.4711
6.089	0.9068	0.9052	0.4711
6.088	0.9068	0.9052	0.4711
6.087	0.9068	0.9052	0.4711
6.086	0.9067	0.9052	0.4711
6.085	0.9067	0.9052	0.4711
6.084	0.9067	0.9052	0.4711
6.083	0.9067	0.9051	0.471
6.082	0.9067	0.9051	0.471
6.081	0.9066	0.9051	0.471
6.080	0.9066	0.9051	0.471
6.079	0.9066	0.9051	0.471
6.078	0.9066	0.905	0.4709
6.077	0.9066	0.905	0.4709
6.076	0.9066	0.905	0.4709
6.075	0.9065	0.905	0.4709
6.074	0.9065	0.905	0.4709
6.073	0.9065	0.905	0.4709
6.072	0.9065	0.9049	0.4709
6.071	0.9065	0.9049	0.4708
6.070	0.9064	0.9049	0.4708
6.069	0.9064	0.9049	0.4708
6.068	0.9064	0.9049	0.4708
6.067	0.9064	0.9048	0.4708
6.066	0.9064	0.9048	0.4708
6.065	0.9063	0.9048	0.4708
6.064	0.9063	0.9048	0.4707
6.063	0.9063	0.9048	0.4707
6.062	0.9063	0.9048	0.4707
6.061	0.9063	0.9047	0.4707
6.060	0.9063	0.9047	0.4707
6.059	0.9063	0.9047	0.4707
6.058	0.9063	0.9047	0.4706
6.057	0.9062	0.9047	0.4706
6.056	0.9062	0.9047	0.4706
6.055	0.9062	0.9047	0.4706
6.054	0.9062	0.9047	0.4706
6.053	0.9062	0.9046	0.4706
6.052	0.9061	0.9046	0.4705
6.051	0.9061	0.9046	0.4705
6.050	0.9061	0.9046	0.4705
6.049	0.9061	0.9046	0.4705
6.048	0.9061	0.9045	0.4705
6.047	0.906	0.9045	0.4705
6.046	0.906	0.9045	0.4704
6.045	0.906	0.9045	0.4704
6.044	0.906	0.9045	0.4704
6.043	0.906	0.9045	0.4704
6.042	0.9059	0.9045	0.4704
6.041	0.9059	0.9044	0.4704
6.040	0.9059	0.9044	0.4704
6.039	0.9059	0.9044	0.4703
6.038	0.9059	0.9044	0.4703
6.037	0.9058	0.9044	0.4703
6.036	0.9058	0.9044	0.4703
6.035	0.9058	0.9043	0.4703
6.034	0.9058	0.9043	0.4703
6.033	0.9058	0.9043	0.4702
6.032	0.9058	0.9043	0.4702
6.031	0.9057	0.9043	0.4702
6.030	0.9057	0.9042	0.4702
6.029	0.9057	0.9042	0.4702
6.028	0.9057	0.9042	0.4702
6.027	0.9056	0.9042	0.4702
6.026	0.9056	0.9042	0.4702
6.025	0.9056	0.9042	0.4701
6.024	0.9056	0.9041	0.4701
6.023	0.9056	0.9041	0.4701
6.022	0.9055	0.9041	0.4701
6.021	0.9055	0.9041	0.4701
6.020	0.9055	0.9041	0.47
6.019	0.9055	0.904	0.47
6.018	0.9055	0.904	0.47
6.017	0.9054	0.904	0.47
6.016	0.9054	0.904	0.47
6.015	0.9054	0.904	0.47
6.014	0.9054	0.9039	0.47
6.013	0.9054	0.9039	0.4699
6.012	0.9054	0.9039	0.4699
6.011	0.9053	0.9039	0.4699
6.010	0.9053	0.9039	0.4699
6.009	0.9053	0.9039	0.4699
6.008	0.9053	0.9039	0.4699
6.007	0.9052	0.9039	0.4699
6.006	0.9052	0.9038	0.4698
6.005	0.9052	0.9038	0.4698
6.004	0.9052	0.9038	0.4698
6.003	0.9052	0.9038	0.4698
6.002	0.9052	0.9037	0.4698
6.001	0.9051	0.9037	0.4698
6.000	0.9051	0.9037	0.4698
5.999	0.9051	0.9037	0.4697
5.998	0.9051	0.9037	0.4697
5.997	0.9051	0.9036	0.4697
5.996	0.905	0.9036	0.4697
5.995	0.905	0.9036	0.4697
5.994	0.905	0.9036	0.4697
5.993	0.905	0.9036	0.4696
5.992	0.905	0.9035	0.4696
5.991	0.905	0.9035	0.4696
5.990	0.9049	0.9035	0.4696
5.989	0.9049	0.9035	0.4696
5.988	0.9049	0.9035	0.4696
5.987	0.9049	0.9035	0.4696
5.986	0.9049	0.9035	0.4695
5.985	0.9049	0.9034	0.4695
5.984	0.9048	0.9034	0.4695
5.983	0.9048	0.9034	0.4695
5.982	0.9048	0.9034	0.4695
5.981	0.9048	0.9034	0.4695
5.980	0.9048	0.9033	0.4695
5.979	0.9048	0.9033	0.4694
5.978	0.9047	0.9033	0.4694
5.977	0.9047	0.9033	0.4694
5.976	0.9047	0.9033	0.4694
5.975	0.9047	0.9032	0.4694
5.974	0.9047	0.9032	0.4694
5.973	0.9046	0.9032	0.4693
5.972	0.9046	0.9032	0.4693
5.971	0.9046	0.9032	0.4693
5.970	0.9046	0.9032	0.4693
5.969	0.9046	0.9031	0.4693
5.968	0.9045	0.9031	0.4692
5.967	0.9045	0.9031	0.4692
5.966	0.9045	0.9031	0.4692
5.965	0.9045	0.903	0.4692
5.964	0.9044	0.903	0.4692
5.963	0.9044	0.903	0.4692
5.962	0.9044	0.903	0.4692
5.961	0.9044	0.903	0.4691
5.960	0.9044	0.9029	0.4691
5.959	0.9044	0.9029	0.4691
5.958	0.9043	0.9029	0.4691
5.957	0.9043	0.9029	0.4691
5.956	0.9043	0.9029	0.469
5.955	0.9043	0.9029	0.469
5.954	0.9043	0.9028	0.469
5.953	0.9043	0.9028	0.469
5.952	0.9043	0.9028	0.469
5.951	0.9042	0.9028	0.4689
5.950	0.9042	0.9028	0.4689
5.949	0.9042	0.9028	0.4689
5.948	0.9042	0.9028	0.4689
5.947	0.9041	0.9027	0.4689
5.946	0.9041	0.9027	0.4689
5.945	0.9041	0.9027	0.4689
5.944	0.9041	0.9027	0.4689
5.943	0.904	0.9027	0.4689
5.942	0.904	0.9026	0.4688
5.941	0.904	0.9026	0.4688
5.940	0.904	0.9026	0.4688
5.939	0.904	0.9026	0.4688
5.938	0.904	0.9026	0.4688
5.937	0.9039	0.9025	0.4688
5.936	0.9039	0.9025	0.4687
5.935	0.9039	0.9025	0.4687
5.934	0.9039	0.9025	0.4687
5.933	0.9039	0.9024	0.4687
5.932	0.9039	0.9024	0.4687
5.931	0.9038	0.9024	0.4687
5.930	0.9038	0.9024	0.4687
5.929	0.9038	0.9024	0.4686
5.928	0.9038	0.9023	0.4686
5.927	0.9038	0.9023	0.4686
5.926	0.9038	0.9023	0.4686
5.925	0.9037	0.9023	0.4686
5.924	0.9037	0.9023	0.4685
5.923	0.9037	0.9022	0.4685
5.922	0.9037	0.9022	0.4685
5.921	0.9037	0.9022	0.4685
5.920	0.9036	0.9022	0.4685
5.919	0.9036	0.9021	0.4685
5.918	0.9036	0.9021	0.4684
5.917	0.9036	0.9021	0.4684
5.916	0.9036	0.9021	0.4684
5.915	0.9035	0.9021	0.4684
5.914	0.9035	0.902	0.4684
5.913	0.9035	0.902	0.4684
5.912	0.9035	0.902	0.4683
5.911	0.9035	0.902	0.4683
5.910	0.9035	0.902	0.4683
5.909	0.9034	0.9019	0.4683
5.908	0.9034	0.9019	0.4683
5.907	0.9034	0.9019	0.4683
5.906	0.9034	0.9019	0.4683
5.905	0.9033	0.9019	0.4682
5.904	0.9033	0.9018	0.4682
5.903	0.9033	0.9018	0.4682
5.902	0.9033	0.9018	0.4682
5.901	0.9033	0.9018	0.4682
5.900	0.9033	0.9017	0.4682
5.899	0.9033	0.9017	0.4681
5.898	0.9032	0.9017	0.4681
5.897	0.9032	0.9017	0.4681
5.896	0.9032	0.9017	0.4681
5.895	0.9032	0.9017	0.4681
5.894	0.9032	0.9016	0.4681
5.893	0.9032	0.9016	0.468
5.892	0.9031	0.9016	0.468
5.891	0.9031	0.9016	0.468
5.890	0.9031	0.9016	0.468
5.889	0.9031	0.9016	0.468
5.888	0.9031	0.9015	0.4679
5.887	0.9031	0.9015	0.4679
5.886	0.903	0.9015	0.4679
5.885	0.903	0.9015	0.4679
5.884	0.903	0.9014	0.4679
5.883	0.903	0.9014	0.4679
5.882	0.903	0.9014	0.4678
5.881	0.9029	0.9014	0.4678
5.880	0.9029	0.9014	0.4678
5.879	0.9029	0.9014	0.4678
5.878	0.9029	0.9013	0.4678
5.877	0.9028	0.9013	0.4678
5.876	0.9028	0.9013	0.4678
5.875	0.9028	0.9012	0.4677
5.874	0.9028	0.9012	0.4677
5.873	0.9028	0.9012	0.4677
5.872	0.9027	0.9012	0.4677
5.871	0.9027	0.9012	0.4677
5.870	0.9027	0.9011	0.4677
5.869	0.9027	0.9011	0.4676
5.868	0.9027	0.9011	0.4676
5.867	0.9026	0.9011	0.4676
5.866	0.9026	0.9011	0.4676
5.865	0.9026	0.9011	0.4676
5.864	0.9026	0.901	0.4676
5.863	0.9026	0.901	0.4675
5.862	0.9026	0.901	0.4675
5.861	0.9025	0.901	0.4675
5.860	0.9025	0.9009	0.4675
5.859	0.9025	0.9009	0.4675
5.858	0.9025	0.9009	0.4675
5.857	0.9025	0.9009	0.4674
5.856	0.9024	0.9009	0.4674
5.855	0.9024	0.9008	0.4674
5.854	0.9024	0.9008	0.4674
5.853	0.9024	0.9008	0.4674
5.852	0.9023	0.9008	0.4674
5.851	0.9023	0.9008	0.4673
5.850	0.9023	0.9007	0.4673
5.849	0.9023	0.9007	0.4673
5.848	0.9023	0.9007	0.4673
5.847	0.9022	0.9007	0.4673
5.846	0.9022	0.9007	0.4673
5.845	0.9022	0.9006	0.4673
5.844	0.9022	0.9006	0.4672
5.843	0.9022	0.9006	0.4672
5.842	0.9021	0.9006	0.4672
5.841	0.9021	0.9006	0.4672
5.840	0.9021	0.9005	0.4672
5.839	0.9021	0.9005	0.4672
5.838	0.902	0.9005	0.4672
5.837	0.902	0.9005	0.4671
5.836	0.902	0.9005	0.4671
5.835	0.902	0.9004	0.4671
5.834	0.902	0.9004	0.4671
5.833	0.9019	0.9004	0.4671
5.832	0.9019	0.9004	0.4671
5.831	0.9019	0.9004	0.467
5.830	0.9019	0.9003	0.467
5.829	0.9019	0.9003	0.467
5.828	0.9018	0.9003	0.467
5.827	0.9018	0.9003	0.467
5.826	0.9018	0.9003	0.4669
5.825	0.9018	0.9003	0.4669
5.824	0.9017	0.9003	0.4669
5.823	0.9017	0.9002	0.4669
5.822	0.9017	0.9002	0.4669
5.821	0.9017	0.9002	0.4668
5.820	0.9017	0.9002	0.4668
5.819	0.9016	0.9001	0.4668
5.818	0.9016	0.9001	0.4668
5.817	0.9016	0.9001	0.4667
5.816	0.9016	0.9001	0.4667
5.815	0.9016	0.9001	0.4667
5.814	0.9015	0.9	0.4667
5.813	0.9015	0.9	0.4667
5.812	0.9015	0.9	0.4666
5.811	0.9015	0.9	0.4666
5.810	0.9014	0.9	0.4666
5.809	0.9014	0.8999	0.4666
5.808	0.9014	0.8999	0.4666
5.807	0.9014	0.8999	0.4666
5.806	0.9014	0.8999	0.4665
5.805	0.9013	0.8999	0.4665
5.804	0.9013	0.8999	0.4665
5.803	0.9013	0.8999	0.4665
5.802	0.9013	0.8999	0.4665
5.801	0.9013	0.8998	0.4665
5.800	0.9012	0.8998	0.4664
5.799	0.9012	0.8998	0.4664
5.798	0.9012	0.8998	0.4664
5.797	0.9012	0.8997	0.4664
5.796	0.9012	0.8997	0.4664
5.795	0.9011	0.8997	0.4663
5.794	0.9011	0.8997	0.4663
5.793	0.9011	0.8996	0.4663
5.792	0.9011	0.8996	0.4663
5.791	0.9011	0.8996	0.4662
5.790	0.901	0.8996	0.4662
5.789	0.901	0.8996	0.4662
5.788	0.901	0.8995	0.4662
5.787	0.901	0.8995	0.4662
5.786	0.901	0.8995	0.4661
5.785	0.9009	0.8995	0.4661
5.784	0.9009	0.8995	0.4661
5.783	0.9009	0.8995	0.4661
5.782	0.9009	0.8994	0.4661
5.781	0.9008	0.8994	0.466
5.780	0.9008	0.8994	0.466
5.779	0.9008	0.8994	0.466
5.778	0.9007	0.8994	0.466
5.777	0.9007	0.8994	0.466
5.776	0.9007	0.8993	0.466
5.775	0.9007	0.8993	0.4659
5.774	0.9007	0.8993	0.4659
5.773	0.9006	0.8993	0.4659
5.772	0.9006	0.8993	0.4659
5.771	0.9006	0.8992	0.4659
5.770	0.9006	0.8992	0.4658
5.769	0.9006	0.8992	0.4658
5.768	0.9006	0.8992	0.4658
5.767	0.9005	0.8992	0.4658
5.766	0.9005	0.8991	0.4658
5.765	0.9005	0.8991	0.4658
5.764	0.9005	0.8991	0.4657
5.763	0.9005	0.8991	0.4657
5.762	0.9004	0.8991	0.4657
5.761	0.9004	0.899	0.4657
5.760	0.9004	0.899	0.4657
5.759	0.9004	0.899	0.4657
5.758	0.9004	0.899	0.4656
5.757	0.9003	0.8989	0.4656
5.756	0.9003	0.8989	0.4656
5.755	0.9003	0.8989	0.4656
5.754	0.9003	0.8988	0.4656
5.753	0.9002	0.8988	0.4655
5.752	0.9002	0.8988	0.4655
5.751	0.9002	0.8988	0.4655
5.750	0.9002	0.8988	0.4655
5.749	0.9002	0.8987	0.4655
5.748	0.9001	0.8987	0.4654
5.747	0.9001	0.8987	0.4654
5.746	0.9001	0.8987	0.4654
5.745	0.9001	0.8987	0.4654
5.744	0.9001	0.8987	0.4654
5.743	0.9	0.8986	0.4654
5.742	0.9	0.8986	0.4654
5.741	0.9	0.8986	0.4653
5.740	0.9	0.8986	0.4653
5.739	0.8999	0.8985	0.4653
5.738	0.8999	0.8985	0.4653
5.737	0.8999	0.8985	0.4653
5.736	0.8999	0.8985	0.4652
5.735	0.8999	0.8985	0.4652
5.734	0.8998	0.8984	0.4652
5.733	0.8998	0.8984	0.4652
5.732	0.8998	0.8984	0.4652
5.731	0.8998	0.8984	0.4652
5.730	0.8997	0.8984	0.4652
5.729	0.8997	0.8984	0.4651
5.728	0.8997	0.8983	0.4651
5.727	0.8997	0.8983	0.4651
5.726	0.8996	0.8983	0.4651
5.725	0.8996	0.8983	0.4651
5.724	0.8996	0.8983	0.465
5.723	0.8996	0.8983	0.465
5.722	0.8995	0.8982	0.465
5.721	0.8995	0.8982	0.465
5.720	0.8995	0.8982	0.465
5.719	0.8995	0.8982	0.465
5.718	0.8994	0.8982	0.465
5.717	0.8994	0.8981	0.4649
5.716	0.8994	0.8981	0.4649
5.715	0.8994	0.8981	0.4649
5.714	0.8994	0.8981	0.4649
5.713	0.8993	0.8981	0.4649
5.712	0.8993	0.898	0.4649
5.711	0.8993	0.898	0.4649
5.710	0.8993	0.898	0.4648
5.709	0.8992	0.898	0.4648
5.708	0.8992	0.898	0.4648
5.707	0.8992	0.8979	0.4648
5.706	0.8992	0.8979	0.4648
5.705	0.8992	0.8979	0.4648
5.704	0.8991	0.8978	0.4648
5.703	0.8991	0.8978	0.4647
5.702	0.8991	0.8978	0.4647
5.701	0.8991	0.8978	0.4647
5.700	0.899	0.8978	0.4647
5.699	0.899	0.8978	0.4647
5.698	0.899	0.8977	0.4647
5.697	0.899	0.8977	0.4646
5.696	0.8989	0.8977	0.4646
5.695	0.8989	0.8976	0.4646
5.694	0.8989	0.8976	0.4646
5.693	0.8989	0.8976	0.4646
5.692	0.8989	0.8976	0.4646
5.691	0.8988	0.8975	0.4645
5.690	0.8988	0.8975	0.4645
5.689	0.8988	0.8975	0.4645
5.688	0.8988	0.8975	0.4645
5.687	0.8987	0.8975	0.4645
5.686	0.8987	0.8974	0.4644
5.685	0.8987	0.8974	0.4644
5.684	0.8987	0.8974	0.4644
5.683	0.8987	0.8974	0.4644
5.682	0.8986	0.8973	0.4644
5.681	0.8986	0.8973	0.4643
5.680	0.8986	0.8973	0.4643
5.679	0.8986	0.8973	0.4643
5.678	0.8985	0.8973	0.4643
5.677	0.8985	0.8972	0.4643
5.676	0.8985	0.8972	0.4643
5.675	0.8985	0.8972	0.4642
5.674	0.8985	0.8971	0.4642
5.673	0.8984	0.8971	0.4642
5.672	0.8984	0.8971	0.4642
5.671	0.8984	0.8971	0.4641
5.670	0.8984	0.897	0.4641
5.669	0.8984	0.897	0.4641
5.668	0.8984	0.897	0.4641
5.667	0.8983	0.897	0.4641
5.666	0.8983	0.8969	0.4641
5.665	0.8983	0.8969	0.464
5.664	0.8983	0.8969	0.464
5.663	0.8983	0.8969	0.464
5.662	0.8982	0.8969	0.464
5.661	0.8982	0.8968	0.464
5.660	0.8982	0.8968	0.464
5.659	0.8982	0.8968	0.464
5.658	0.8982	0.8967	0.4639
5.657	0.8981	0.8967	0.4639
5.656	0.8981	0.8967	0.4639
5.655	0.8981	0.8967	0.4639
5.654	0.898	0.8967	0.4639
5.653	0.898	0.8966	0.4639
5.652	0.898	0.8966	0.4639
5.651	0.898	0.8966	0.4639
5.650	0.8979	0.8966	0.4638
5.649	0.8979	0.8966	0.4638
5.648	0.8979	0.8965	0.4638
5.647	0.8979	0.8965	0.4638
5.646	0.8979	0.8965	0.4638
5.645	0.8978	0.8965	0.4638
5.644	0.8978	0.8964	0.4637
5.643	0.8978	0.8964	0.4637
5.642	0.8978	0.8964	0.4637
5.641	0.8977	0.8964	0.4637
5.640	0.8977	0.8964	0.4637
5.639	0.8977	0.8963	0.4636
5.638	0.8976	0.8963	0.4636
5.637	0.8976	0.8963	0.4636
5.636	0.8976	0.8963	0.4636
5.635	0.8976	0.8962	0.4636
5.634	0.8975	0.8962	0.4636
5.633	0.8975	0.8962	0.4636
5.632	0.8975	0.8961	0.4635
5.631	0.8975	0.8961	0.4635
5.630	0.8974	0.8961	0.4635
5.629	0.8974	0.8961	0.4635
5.628	0.8974	0.896	0.4635
5.627	0.8974	0.896	0.4635
5.626	0.8973	0.896	0.4635
5.625	0.8973	0.896	0.4635
5.624	0.8973	0.896	0.4634
5.623	0.8973	0.896	0.4634
5.622	0.8972	0.8959	0.4634
5.621	0.8972	0.8959	0.4634
5.620	0.8972	0.8959	0.4634
5.619	0.8972	0.8959	0.4633
5.618	0.8972	0.8958	0.4633
5.617	0.8972	0.8958	0.4633
5.616	0.8971	0.8958	0.4633
5.615	0.8971	0.8957	0.4633
5.614	0.8971	0.8957	0.4633
5.613	0.8971	0.8957	0.4632
5.612	0.8971	0.8957	0.4632
5.611	0.897	0.8957	0.4632
5.610	0.897	0.8956	0.4632
5.609	0.897	0.8956	0.4632
5.608	0.8969	0.8956	0.4632
5.607	0.8969	0.8956	0.4631
5.606	0.8969	0.8956	0.4631
5.605	0.8968	0.8955	0.4631
5.604	0.8968	0.8955	0.4631
5.603	0.8968	0.8955	0.4631
5.602	0.8968	0.8955	0.4631
5.601	0.8967	0.8955	0.463
5.600	0.8967	0.8954	0.463
5.599	0.8967	0.8954	0.463
5.598	0.8967	0.8954	0.463
5.597	0.8966	0.8954	0.463
5.596	0.8966	0.8953	0.463
5.595	0.8966	0.8953	0.4629
5.594	0.8966	0.8953	0.4629
5.593	0.8966	0.8953	0.4629
5.592	0.8965	0.8952	0.4629
5.591	0.8965	0.8952	0.4629
5.590	0.8965	0.8952	0.4629
5.589	0.8964	0.8952	0.4628
5.588	0.8964	0.8952	0.4628
5.587	0.8964	0.8952	0.4628
5.586	0.8964	0.8951	0.4628
5.585	0.8964	0.8951	0.4628
5.584	0.8963	0.8951	0.4627
5.583	0.8963	0.8951	0.4627
5.582	0.8963	0.8951	0.4627
5.581	0.8963	0.895	0.4627
5.580	0.8963	0.895	0.4627
5.579	0.8962	0.895	0.4627
5.578	0.8962	0.895	0.4627
5.577	0.8962	0.895	0.4626
5.576	0.8962	0.895	0.4626
5.575	0.8962	0.8949	0.4626
5.574	0.8962	0.8949	0.4626
5.573	0.8961	0.8949	0.4626
5.572	0.8961	0.8948	0.4625
5.571	0.8961	0.8948	0.4625
5.570	0.8961	0.8948	0.4625
5.569	0.896	0.8948	0.4625
5.568	0.896	0.8947	0.4625
5.567	0.896	0.8947	0.4624
5.566	0.8959	0.8947	0.4624
5.565	0.8959	0.8947	0.4624
5.564	0.8959	0.8946	0.4624
5.563	0.8959	0.8946	0.4624
5.562	0.8958	0.8946	0.4623
5.561	0.8958	0.8946	0.4623
5.560	0.8958	0.8946	0.4623
5.559	0.8957	0.8945	0.4623
5.558	0.8957	0.8945	0.4623
5.557	0.8957	0.8945	0.4623
5.556	0.8957	0.8945	0.4622
5.555	0.8957	0.8944	0.4622
5.554	0.8956	0.8944	0.4622
5.553	0.8956	0.8944	0.4621
5.552	0.8956	0.8944	0.4621
5.551	0.8956	0.8944	0.4621
5.550	0.8955	0.8943	0.4621
5.549	0.8955	0.8943	0.4621
5.548	0.8955	0.8943	0.4621
5.547	0.8955	0.8943	0.462
5.546	0.8954	0.8942	0.462
5.545	0.8954	0.8942	0.462
5.544	0.8954	0.8942	0.462
5.543	0.8954	0.8942	0.462
5.542	0.8953	0.8942	0.462
5.541	0.8953	0.8941	0.4619
5.540	0.8953	0.8941	0.4619
5.539	0.8953	0.8941	0.4619
5.538	0.8952	0.8941	0.4619
5.537	0.8952	0.8941	0.4619
5.536	0.8952	0.894	0.4619
5.535	0.8951	0.894	0.4619
5.534	0.8951	0.894	0.4618
5.533	0.8951	0.8939	0.4618
5.532	0.895	0.8939	0.4618
5.531	0.895	0.8939	0.4618
5.530	0.895	0.8939	0.4618
5.529	0.895	0.8938	0.4617
5.528	0.895	0.8938	0.4617
5.527	0.8949	0.8938	0.4617
5.526	0.8949	0.8937	0.4617
5.525	0.8949	0.8937	0.4617
5.524	0.8949	0.8937	0.4617
5.523	0.8948	0.8936	0.4617
5.522	0.8948	0.8936	0.4617
5.521	0.8948	0.8936	0.4617
5.520	0.8948	0.8936	0.4616
5.519	0.8948	0.8936	0.4616
5.518	0.8947	0.8936	0.4616
5.517	0.8947	0.8935	0.4616
5.516	0.8947	0.8935	0.4616
5.515	0.8947	0.8935	0.4616
5.514	0.8947	0.8935	0.4615
5.513	0.8946	0.8934	0.4615
5.512	0.8946	0.8934	0.4615
5.511	0.8946	0.8934	0.4615
5.510	0.8945	0.8934	0.4615
5.509	0.8945	0.8934	0.4614
5.508	0.8945	0.8933	0.4614
5.507	0.8945	0.8933	0.4614
5.506	0.8945	0.8933	0.4614
5.505	0.8944	0.8932	0.4614
5.504	0.8944	0.8932	0.4614
5.503	0.8944	0.8932	0.4614
5.502	0.8944	0.8932	0.4613
5.501	0.8944	0.8932	0.4613
5.500	0.8944	0.8931	0.4613
5.499	0.8943	0.8931	0.4613
5.498	0.8943	0.893	0.4613
5.497	0.8943	0.893	0.4612
5.496	0.8943	0.893	0.4612
5.495	0.8942	0.893	0.4612
5.494	0.8942	0.8929	0.4612
5.493	0.8942	0.8929	0.4612
5.492	0.8942	0.8929	0.4612
5.491	0.8941	0.8929	0.4611
5.490	0.8941	0.8928	0.4611
5.489	0.8941	0.8928	0.4611
5.488	0.894	0.8928	0.4611
5.487	0.894	0.8927	0.4611
5.486	0.894	0.8927	0.4611
5.485	0.894	0.8927	0.461
5.484	0.8939	0.8927	0.461
5.483	0.8939	0.8926	0.461
5.482	0.8939	0.8926	0.461
5.481	0.8938	0.8926	0.4609
5.480	0.8938	0.8926	0.4609
5.479	0.8938	0.8925	0.4609
5.478	0.8938	0.8925	0.4609
5.477	0.8937	0.8925	0.4609
5.476	0.8937	0.8925	0.4609
5.475	0.8937	0.8924	0.4609
5.474	0.8937	0.8924	0.4608
5.473	0.8937	0.8923	0.4608
5.472	0.8936	0.8923	0.4608
5.471	0.8936	0.8923	0.4608
5.470	0.8936	0.8923	0.4608
5.469	0.8936	0.8923	0.4608
5.468	0.8935	0.8922	0.4607
5.467	0.8935	0.8922	0.4607
5.466	0.8935	0.8921	0.4607
5.465	0.8935	0.8921	0.4607
5.464	0.8935	0.8921	0.4607
5.463	0.8934	0.8921	0.4607
5.462	0.8934	0.892	0.4607
5.461	0.8934	0.892	0.4607
5.460	0.8934	0.892	0.4607
5.459	0.8933	0.8919	0.4606
5.458	0.8933	0.8919	0.4606
5.457	0.8933	0.8919	0.4606
5.456	0.8932	0.8919	0.4606
5.455	0.8932	0.8918	0.4606
5.454	0.8932	0.8918	0.4606
5.453	0.8931	0.8918	0.4605
5.452	0.8931	0.8918	0.4605
5.451	0.8931	0.8917	0.4605
5.450	0.893	0.8917	0.4605
5.449	0.893	0.8917	0.4605
5.448	0.893	0.8917	0.4605
5.447	0.893	0.8916	0.4604
5.446	0.8929	0.8916	0.4604
5.445	0.8929	0.8916	0.4604
5.444	0.8929	0.8916	0.4604
5.443	0.8929	0.8915	0.4604
5.442	0.8928	0.8915	0.4603
5.441	0.8928	0.8915	0.4603
5.440	0.8928	0.8915	0.4603
5.439	0.8927	0.8915	0.4603
5.438	0.8927	0.8914	0.4603
5.437	0.8927	0.8914	0.4603
5.436	0.8926	0.8914	0.4602
5.435	0.8926	0.8913	0.4602
5.434	0.8926	0.8913	0.4602
5.433	0.8926	0.8913	0.4602
5.432	0.8925	0.8913	0.4602
5.431	0.8925	0.8912	0.4601
5.430	0.8925	0.8912	0.4601
5.429	0.8924	0.8912	0.4601
5.428	0.8924	0.8912	0.4601
5.427	0.8924	0.8911	0.46
5.426	0.8924	0.8911	0.46
5.425	0.8923	0.8911	0.46
5.424	0.8923	0.8911	0.46
5.423	0.8923	0.891	0.46
5.422	0.8923	0.891	0.46
5.421	0.8923	0.891	0.46
5.420	0.8922	0.8909	0.4599
5.419	0.8922	0.8909	0.4599
5.418	0.8921	0.8909	0.4599
5.417	0.8921	0.8908	0.4599
5.416	0.8921	0.8908	0.4599
5.415	0.8921	0.8908	0.4598
5.414	0.892	0.8908	0.4598
5.413	0.892	0.8907	0.4598
5.412	0.892	0.8907	0.4598
5.411	0.892	0.8907	0.4598
5.410	0.8919	0.8907	0.4597
5.409	0.8919	0.8906	0.4597
5.408	0.8919	0.8906	0.4597
5.407	0.8918	0.8906	0.4597
5.406	0.8918	0.8906	0.4597
5.405	0.8918	0.8906	0.4596
5.404	0.8917	0.8905	0.4596
5.403	0.8917	0.8905	0.4596
5.402	0.8917	0.8905	0.4596
5.401	0.8917	0.8905	0.4596
5.400	0.8916	0.8904	0.4596
5.399	0.8916	0.8904	0.4595
5.398	0.8916	0.8904	0.4595
5.397	0.8915	0.8903	0.4595
5.396	0.8915	0.8903	0.4595
5.395	0.8915	0.8903	0.4595
5.394	0.8914	0.8902	0.4595
5.393	0.8914	0.8902	0.4595
5.392	0.8914	0.8902	0.4594
5.391	0.8914	0.8902	0.4594
5.390	0.8913	0.8901	0.4594
5.389	0.8913	0.8901	0.4593
5.388	0.8913	0.8901	0.4593
5.387	0.8913	0.89	0.4593
5.386	0.8912	0.89	0.4593
5.385	0.8912	0.89	0.4593
5.384	0.8912	0.89	0.4593
5.383	0.8911	0.8899	0.4593
5.382	0.8911	0.8899	0.4593
5.381	0.8911	0.8899	0.4592
5.380	0.891	0.8899	0.4592
5.379	0.891	0.8899	0.4592
5.378	0.891	0.8898	0.4592
5.377	0.891	0.8898	0.4592
5.376	0.891	0.8898	0.4592
5.375	0.8909	0.8898	0.4591
5.374	0.8909	0.8897	0.4591
5.373	0.8909	0.8897	0.4591
5.372	0.8909	0.8897	0.4591
5.371	0.8908	0.8896	0.4591
5.370	0.8908	0.8896	0.4591
5.369	0.8908	0.8896	0.4591
5.368	0.8908	0.8895	0.459
5.367	0.8907	0.8895	0.459
5.366	0.8907	0.8895	0.459
5.365	0.8906	0.8894	0.459
5.364	0.8906	0.8894	0.459
5.363	0.8906	0.8894	0.4589
5.362	0.8906	0.8893	0.4589
5.361	0.8906	0.8893	0.4589
5.360	0.8905	0.8893	0.4589
5.359	0.8905	0.8892	0.4589
5.358	0.8905	0.8892	0.4589
5.357	0.8905	0.8892	0.4589
5.356	0.8904	0.8892	0.4588
5.355	0.8904	0.8891	0.4588
5.354	0.8904	0.8891	0.4588
5.353	0.8904	0.8891	0.4588
5.352	0.8903	0.889	0.4587
5.351	0.8903	0.889	0.4587
5.350	0.8903	0.889	0.4587
5.349	0.8902	0.8889	0.4587
5.348	0.8902	0.8889	0.4587
5.347	0.8902	0.8889	0.4587
5.346	0.8901	0.8889	0.4586
5.345	0.8901	0.8888	0.4586
5.344	0.8901	0.8888	0.4586
5.343	0.8901	0.8888	0.4586
5.342	0.8901	0.8887	0.4586
5.341	0.89	0.8887	0.4585
5.340	0.89	0.8887	0.4585
5.339	0.89	0.8887	0.4585
5.338	0.8899	0.8886	0.4585
5.337	0.8899	0.8886	0.4585
5.336	0.8899	0.8886	0.4585
5.335	0.8899	0.8885	0.4584
5.334	0.8898	0.8885	0.4584
5.333	0.8898	0.8885	0.4584
5.332	0.8897	0.8884	0.4584
5.331	0.8897	0.8884	0.4583
5.330	0.8897	0.8884	0.4583
5.329	0.8896	0.8884	0.4583
5.328	0.8896	0.8883	0.4583
5.327	0.8896	0.8883	0.4583
5.326	0.8895	0.8883	0.4583
5.325	0.8895	0.8883	0.4583
5.324	0.8895	0.8882	0.4582
5.323	0.8894	0.8882	0.4582
5.322	0.8894	0.8882	0.4582
5.321	0.8894	0.8882	0.4582
5.320	0.8893	0.8881	0.4581
5.319	0.8893	0.8881	0.4581
5.318	0.8893	0.8881	0.4581
5.317	0.8892	0.8881	0.4581
5.316	0.8892	0.8881	0.4581
5.315	0.8892	0.888	0.4581
5.314	0.8892	0.888	0.458
5.313	0.8891	0.8879	0.458
5.312	0.8891	0.8879	0.458
5.311	0.8891	0.8878	0.458
5.310	0.889	0.8878	0.458
5.309	0.889	0.8878	0.458
5.308	0.889	0.8877	0.4579
5.307	0.889	0.8877	0.4579
5.306	0.8889	0.8877	0.4579
5.305	0.8889	0.8876	0.4579
5.304	0.8889	0.8876	0.4579
5.303	0.8889	0.8875	0.4578
5.302	0.8888	0.8875	0.4578
5.301	0.8888	0.8875	0.4578
5.300	0.8888	0.8874	0.4578
5.299	0.8887	0.8874	0.4578
5.298	0.8887	0.8873	0.4578
5.297	0.8887	0.8873	0.4577
5.296	0.8886	0.8873	0.4577
5.295	0.8886	0.8872	0.4577
5.294	0.8886	0.8872	0.4577
5.293	0.8886	0.8872	0.4577
5.292	0.8885	0.8872	0.4576
5.291	0.8885	0.8871	0.4576
5.290	0.8885	0.8871	0.4576
5.289	0.8885	0.8871	0.4576
5.288	0.8884	0.887	0.4576
5.287	0.8884	0.887	0.4576
5.286	0.8883	0.887	0.4576
5.285	0.8883	0.887	0.4575
5.284	0.8883	0.8869	0.4575
5.283	0.8883	0.8869	0.4575
5.282	0.8883	0.8869	0.4575
5.281	0.8882	0.8868	0.4575
5.280	0.8882	0.8868	0.4575
5.279	0.8882	0.8868	0.4574
5.278	0.8881	0.8867	0.4574
5.277	0.8881	0.8867	0.4574
5.276	0.888	0.8867	0.4574
5.275	0.888	0.8866	0.4574
5.274	0.888	0.8866	0.4574
5.273	0.888	0.8866	0.4573
5.272	0.8879	0.8865	0.4573
5.271	0.8879	0.8865	0.4573
5.270	0.8878	0.8865	0.4573
5.269	0.8878	0.8864	0.4573
5.268	0.8878	0.8864	0.4572
5.267	0.8878	0.8864	0.4572
5.266	0.8877	0.8863	0.4572
5.265	0.8877	0.8863	0.4572
5.264	0.8877	0.8863	0.4572
5.263	0.8876	0.8862	0.4572
5.262	0.8876	0.8862	0.4572
5.261	0.8875	0.8862	0.4571
5.260	0.8875	0.8862	0.4571
5.259	0.8875	0.8861	0.4571
5.258	0.8875	0.8861	0.4571
5.257	0.8874	0.8861	0.4571
5.256	0.8874	0.8861	0.457
5.255	0.8873	0.886	0.457
5.254	0.8873	0.886	0.457
5.253	0.8872	0.886	0.457
5.252	0.8872	0.8859	0.457
5.251	0.8872	0.8859	0.457
5.250	0.8871	0.8859	0.457
5.249	0.8871	0.8859	0.4569
5.248	0.887	0.8858	0.4569
5.247	0.887	0.8857	0.4569
5.246	0.8869	0.8857	0.4569
5.245	0.8869	0.8857	0.4569
5.244	0.8869	0.8857	0.4569
5.243	0.8868	0.8856	0.4568
5.242	0.8868	0.8856	0.4568
5.241	0.8867	0.8856	0.4568
5.240	0.8867	0.8855	0.4568
5.239	0.8867	0.8855	0.4568
5.238	0.8867	0.8855	0.4567
5.237	0.8866	0.8854	0.4567
5.236	0.8866	0.8854	0.4567
5.235	0.8866	0.8854	0.4566
5.234	0.8865	0.8853	0.4566
5.233	0.8865	0.8853	0.4566
5.232	0.8865	0.8852	0.4566
5.231	0.8865	0.8852	0.4566
5.230	0.8864	0.8852	0.4566
5.229	0.8864	0.8851	0.4565
5.228	0.8863	0.8851	0.4565
5.227	0.8863	0.885	0.4565
5.226	0.8863	0.885	0.4565
5.225	0.8862	0.885	0.4565
5.224	0.8862	0.8849	0.4565
5.223	0.8861	0.8849	0.4564
5.222	0.8861	0.8849	0.4564
5.221	0.8861	0.8848	0.4564
5.220	0.8861	0.8848	0.4564
5.219	0.8861	0.8848	0.4564
5.218	0.886	0.8847	0.4563
5.217	0.886	0.8847	0.4563
5.216	0.886	0.8847	0.4563
5.215	0.8859	0.8847	0.4563
5.214	0.8859	0.8846	0.4563
5.213	0.8859	0.8846	0.4562
5.212	0.8859	0.8846	0.4562
5.211	0.8858	0.8845	0.4562
5.210	0.8858	0.8845	0.4562
5.209	0.8857	0.8845	0.4562
5.208	0.8857	0.8844	0.4562
5.207	0.8857	0.8844	0.4561
5.206	0.8856	0.8844	0.4561
5.205	0.8856	0.8843	0.4561
5.204	0.8856	0.8843	0.4561
5.203	0.8855	0.8843	0.4561
5.202	0.8855	0.8843	0.456
5.201	0.8855	0.8842	0.456
5.200	0.8854	0.8842	0.456
5.199	0.8854	0.8842	0.456
5.198	0.8854	0.8842	0.456
5.197	0.8853	0.8841	0.456
5.196	0.8853	0.8841	0.456
5.195	0.8852	0.8841	0.4559
5.194	0.8852	0.884	0.4559
5.193	0.8852	0.884	0.4559
5.192	0.8851	0.884	0.4559
5.191	0.8851	0.8839	0.4559
5.190	0.8851	0.8839	0.4559
5.189	0.885	0.8839	0.4558
5.188	0.885	0.8838	0.4558
5.187	0.885	0.8838	0.4558
5.186	0.8849	0.8838	0.4558
5.185	0.8849	0.8837	0.4557
5.184	0.8849	0.8837	0.4557
5.183	0.8848	0.8837	0.4557
5.182	0.8848	0.8836	0.4557
5.181	0.8848	0.8836	0.4557
5.180	0.8848	0.8835	0.4557
5.179	0.8847	0.8835	0.4557
5.178	0.8847	0.8835	0.4556
5.177	0.8847	0.8834	0.4556
5.176	0.8847	0.8834	0.4556
5.175	0.8847	0.8834	0.4556
5.174	0.8846	0.8833	0.4556
5.173	0.8846	0.8833	0.4556
5.172	0.8846	0.8832	0.4555
5.171	0.8845	0.8832	0.4555
5.170	0.8845	0.8832	0.4555
5.169	0.8845	0.8831	0.4555
5.168	0.8844	0.8831	0.4555
5.167	0.8844	0.8831	0.4555
5.166	0.8844	0.883	0.4554
5.165	0.8843	0.883	0.4554
5.164	0.8843	0.883	0.4554
5.163	0.8842	0.883	0.4554
5.162	0.8842	0.8829	0.4554
5.161	0.8842	0.8829	0.4554
5.160	0.8841	0.8829	0.4554
5.159	0.8841	0.8829	0.4554
5.158	0.8841	0.8828	0.4553
5.157	0.884	0.8828	0.4553
5.156	0.884	0.8828	0.4553
5.155	0.884	0.8828	0.4553
5.154	0.884	0.8827	0.4552
5.153	0.8839	0.8827	0.4552
5.152	0.8839	0.8826	0.4552
5.151	0.8839	0.8826	0.4552
5.150	0.8838	0.8826	0.4552
5.149	0.8838	0.8826	0.4552
5.148	0.8837	0.8825	0.4551
5.147	0.8837	0.8825	0.4551
5.146	0.8837	0.8825	0.4551
5.145	0.8836	0.8824	0.4551
5.144	0.8836	0.8824	0.4551
5.143	0.8836	0.8824	0.4551
5.142	0.8835	0.8824	0.455
5.141	0.8835	0.8823	0.455
5.140	0.8835	0.8823	0.455
5.139	0.8835	0.8823	0.455
5.138	0.8834	0.8823	0.455
5.137	0.8834	0.8823	0.455
5.136	0.8834	0.8822	0.455
5.135	0.8833	0.8822	0.4549
5.134	0.8833	0.8822	0.4549
5.133	0.8833	0.8821	0.4549
5.132	0.8832	0.8821	0.4549
5.131	0.8832	0.882	0.4549
5.130	0.8831	0.882	0.4548
5.129	0.8831	0.882	0.4548
5.128	0.8831	0.8819	0.4548
5.127	0.8831	0.8819	0.4548
5.126	0.883	0.8819	0.4548
5.125	0.883	0.8819	0.4547
5.124	0.883	0.8818	0.4547
5.123	0.8829	0.8818	0.4547
5.122	0.8829	0.8818	0.4547
5.121	0.8829	0.8817	0.4547
5.120	0.8828	0.8817	0.4546
5.119	0.8828	0.8817	0.4546
5.118	0.8828	0.8817	0.4546
5.117	0.8827	0.8816	0.4546
5.116	0.8827	0.8816	0.4546
5.115	0.8826	0.8815	0.4545
5.114	0.8826	0.8815	0.4545
5.113	0.8825	0.8814	0.4545
5.112	0.8825	0.8814	0.4545
5.111	0.8825	0.8814	0.4544
5.110	0.8824	0.8813	0.4544
5.109	0.8824	0.8813	0.4544
5.108	0.8824	0.8813	0.4544
5.107	0.8824	0.8812	0.4544
5.106	0.8823	0.8812	0.4544
5.105	0.8823	0.8812	0.4543
5.104	0.8823	0.8812	0.4543
5.103	0.8823	0.8811	0.4543
5.102	0.8822	0.8811	0.4543
5.101	0.8822	0.881	0.4542
5.100	0.8821	0.881	0.4542
5.099	0.8821	0.881	0.4542
5.098	0.8821	0.8809	0.4542
5.097	0.882	0.8809	0.4542
5.096	0.882	0.8809	0.4542
5.095	0.882	0.8809	0.4541
5.094	0.8819	0.8808	0.4541
5.093	0.8819	0.8808	0.4541
5.092	0.8819	0.8807	0.4541
5.091	0.8818	0.8807	0.4541
5.090	0.8817	0.8807	0.4541
5.089	0.8817	0.8807	0.4541
5.088	0.8816	0.8806	0.454
5.087	0.8816	0.8806	0.454
5.086	0.8816	0.8806	0.454
5.085	0.8815	0.8806	0.454
5.084	0.8815	0.8805	0.4539
5.083	0.8815	0.8805	0.4539
5.082	0.8815	0.8804	0.4539
5.081	0.8814	0.8804	0.4539
5.080	0.8814	0.8804	0.4539
5.079	0.8814	0.8803	0.4539
5.078	0.8813	0.8803	0.4538
5.077	0.8813	0.8803	0.4538
5.076	0.8813	0.8803	0.4538
5.075	0.8812	0.8802	0.4538
5.074	0.8812	0.8802	0.4537
5.073	0.8812	0.8801	0.4537
5.072	0.8811	0.8801	0.4537
5.071	0.8811	0.8801	0.4537
5.070	0.8811	0.88	0.4537
5.069	0.881	0.88	0.4537
5.068	0.881	0.88	0.4536
5.067	0.8809	0.8799	0.4536
5.066	0.8809	0.8799	0.4536
5.065	0.8809	0.8799	0.4536
5.064	0.8808	0.8798	0.4536
5.063	0.8808	0.8798	0.4535
5.062	0.8808	0.8798	0.4535
5.061	0.8807	0.8797	0.4535
5.060	0.8807	0.8797	0.4535
5.059	0.8807	0.8797	0.4535
5.058	0.8807	0.8796	0.4534
5.057	0.8806	0.8796	0.4534
5.056	0.8806	0.8796	0.4534
5.055	0.8806	0.8796	0.4534
5.054	0.8805	0.8796	0.4534
5.053	0.8805	0.8795	0.4534
5.052	0.8804	0.8795	0.4533
5.051	0.8804	0.8795	0.4533
5.050	0.8804	0.8795	0.4533
5.049	0.8803	0.8794	0.4533
5.048	0.8803	0.8794	0.4532
5.047	0.8803	0.8794	0.4532
5.046	0.8802	0.8793	0.4532
5.045	0.8801	0.8793	0.4532
5.044	0.8801	0.8792	0.4532
5.043	0.8801	0.8792	0.4531
5.042	0.88	0.8792	0.4531
5.041	0.88	0.8791	0.4531
5.040	0.88	0.8791	0.4531
5.039	0.8799	0.8791	0.4531
5.038	0.8799	0.879	0.4531
5.037	0.8799	0.879	0.453
5.036	0.8798	0.879	0.453
5.035	0.8798	0.879	0.453
5.034	0.8798	0.8789	0.453
5.033	0.8797	0.8789	0.453
5.032	0.8797	0.8788	0.453
5.031	0.8796	0.8788	0.4529
5.030	0.8796	0.8787	0.4529
5.029	0.8796	0.8787	0.4529
5.028	0.8795	0.8787	0.4529
5.027	0.8795	0.8787	0.4529
5.026	0.8795	0.8786	0.4529
5.025	0.8795	0.8786	0.4528
5.024	0.8794	0.8786	0.4528
5.023	0.8794	0.8785	0.4528
5.022	0.8793	0.8785	0.4528
5.021	0.8793	0.8785	0.4528
5.020	0.8793	0.8784	0.4528
5.019	0.8793	0.8783	0.4527
5.018	0.8792	0.8783	0.4527
5.017	0.8792	0.8783	0.4527
5.016	0.8791	0.8782	0.4527
5.015	0.8791	0.8782	0.4526
5.014	0.8791	0.8781	0.4526
5.013	0.8791	0.8781	0.4526
5.012	0.879	0.8781	0.4526
5.011	0.879	0.878	0.4526
5.010	0.8789	0.878	0.4526
5.009	0.8789	0.878	0.4525
5.008	0.8789	0.8779	0.4525
5.007	0.8788	0.8779	0.4525
5.006	0.8788	0.8779	0.4525
5.005	0.8787	0.8778	0.4525
5.004	0.8787	0.8778	0.4525
5.003	0.8787	0.8777	0.4525
5.002	0.8786	0.8777	0.4524
5.001	0.8786	0.8777	0.4524
5.000	0.8785	0.8776	0.4524
4.999	0.8785	0.8776	0.4524
4.998	0.8784	0.8776	0.4524
4.997	0.8784	0.8776	0.4524
4.996	0.8783	0.8775	0.4524
4.995	0.8783	0.8775	0.4523
4.994	0.8782	0.8774	0.4523
4.993	0.8782	0.8774	0.4523
4.992	0.8781	0.8774	0.4523
4.991	0.8781	0.8773	0.4523
4.990	0.8781	0.8773	0.4523
4.989	0.878	0.8773	0.4522
4.988	0.878	0.8772	0.4522
4.987	0.8779	0.8772	0.4522
4.986	0.8779	0.8771	0.4522
4.985	0.8779	0.8771	0.4522
4.984	0.8778	0.877	0.4522
4.983	0.8778	0.877	0.4521
4.982	0.8778	0.877	0.4521
4.981	0.8777	0.877	0.4521
4.980	0.8777	0.8769	0.4521
4.979	0.8776	0.8769	0.4521
4.978	0.8776	0.8769	0.452
4.977	0.8776	0.8768	0.452
4.976	0.8775	0.8768	0.452
4.975	0.8775	0.8768	0.452
4.974	0.8775	0.8767	0.4519
4.973	0.8775	0.8767	0.4519
4.972	0.8774	0.8767	0.4519
4.971	0.8774	0.8766	0.4519
4.970	0.8773	0.8766	0.4519
4.969	0.8773	0.8765	0.4519
4.968	0.8772	0.8765	0.4518
4.967	0.8772	0.8764	0.4518
4.966	0.8771	0.8764	0.4518
4.965	0.8771	0.8764	0.4518
4.964	0.877	0.8763	0.4518
4.963	0.877	0.8763	0.4518
4.962	0.8769	0.8763	0.4517
4.961	0.8769	0.8762	0.4517
4.960	0.8768	0.8762	0.4517
4.959	0.8768	0.8761	0.4517
4.958	0.8768	0.8761	0.4517
4.957	0.8767	0.8761	0.4517
4.956	0.8767	0.876	0.4516
4.955	0.8767	0.876	0.4516
4.954	0.8767	0.8759	0.4516
4.953	0.8766	0.8759	0.4516
4.952	0.8766	0.8759	0.4515
4.951	0.8766	0.8758	0.4515
4.950	0.8765	0.8758	0.4515
4.949	0.8765	0.8757	0.4515
4.948	0.8765	0.8757	0.4515
4.947	0.8764	0.8756	0.4514
4.946	0.8764	0.8756	0.4514
4.945	0.8764	0.8755	0.4514
4.944	0.8763	0.8755	0.4514
4.943	0.8763	0.8755	0.4514
4.942	0.8763	0.8755	0.4513
4.941	0.8762	0.8754	0.4513
4.940	0.8762	0.8754	0.4513
4.939	0.8761	0.8753	0.4513
4.938	0.876	0.8753	0.4513
4.937	0.876	0.8753	0.4513
4.936	0.876	0.8752	0.4512
4.935	0.876	0.8752	0.4512
4.934	0.8759	0.8751	0.4512
4.933	0.8759	0.8751	0.4512
4.932	0.8758	0.875	0.4512
4.931	0.8758	0.875	0.4511
4.930	0.8758	0.8749	0.4511
4.929	0.8757	0.8749	0.4511
4.928	0.8757	0.8749	0.4511
4.927	0.8756	0.8748	0.4511
4.926	0.8756	0.8748	0.4511
4.925	0.8756	0.8747	0.451
4.924	0.8755	0.8747	0.451
4.923	0.8755	0.8746	0.451
4.922	0.8755	0.8746	0.451
4.921	0.8755	0.8746	0.451
4.920	0.8754	0.8746	0.4509
4.919	0.8754	0.8745	0.4509
4.918	0.8753	0.8745	0.4509
4.917	0.8753	0.8744	0.4509
4.916	0.8752	0.8744	0.4509
4.915	0.8752	0.8744	0.4508
4.914	0.8752	0.8743	0.4508
4.913	0.8751	0.8743	0.4508
4.912	0.8751	0.8743	0.4508
4.911	0.8751	0.8742	0.4508
4.910	0.8751	0.8742	0.4508
4.909	0.875	0.8741	0.4507
4.908	0.875	0.8741	0.4507
4.907	0.875	0.8741	0.4507
4.906	0.8749	0.874	0.4507
4.905	0.8749	0.874	0.4507
4.904	0.8748	0.874	0.4507
4.903	0.8748	0.8739	0.4506
4.902	0.8748	0.8739	0.4506
4.901	0.8747	0.8739	0.4506
4.900	0.8747	0.8738	0.4505
4.899	0.8746	0.8738	0.4505
4.898	0.8746	0.8738	0.4505
4.897	0.8745	0.8737	0.4505
4.896	0.8745	0.8737	0.4505
4.895	0.8744	0.8736	0.4505
4.894	0.8744	0.8736	0.4504
4.893	0.8743	0.8736	0.4504
4.892	0.8743	0.8735	0.4504
4.891	0.8742	0.8735	0.4504
4.890	0.8742	0.8734	0.4504
4.889	0.8742	0.8734	0.4504
4.888	0.8741	0.8734	0.4503
4.887	0.8741	0.8734	0.4503
4.886	0.874	0.8733	0.4503
4.885	0.874	0.8733	0.4503
4.884	0.874	0.8732	0.4502
4.883	0.8739	0.8732	0.4502
4.882	0.8739	0.8732	0.4502
4.881	0.8738	0.8731	0.4502
4.880	0.8738	0.8731	0.4502
4.879	0.8738	0.8731	0.4501
4.878	0.8737	0.873	0.4501
4.877	0.8736	0.873	0.4501
4.876	0.8736	0.8729	0.4501
4.875	0.8736	0.8729	0.4501
4.874	0.8735	0.8728	0.4501
4.873	0.8735	0.8728	0.45
4.872	0.8734	0.8728	0.45
4.871	0.8734	0.8727	0.45
4.870	0.8733	0.8727	0.45
4.869	0.8732	0.8727	0.45
4.868	0.8732	0.8727	0.45
4.867	0.8732	0.8726	0.4499
4.866	0.8731	0.8726	0.4499
4.865	0.8731	0.8726	0.4499
4.864	0.873	0.8725	0.4499
4.863	0.873	0.8725	0.4499
4.862	0.8729	0.8725	0.4499
4.861	0.8729	0.8724	0.4498
4.860	0.8728	0.8724	0.4498
4.859	0.8728	0.8724	0.4498
4.858	0.8727	0.8723	0.4498
4.857	0.8727	0.8722	0.4498
4.856	0.8727	0.8722	0.4497
4.855	0.8726	0.8722	0.4497
4.854	0.8726	0.8722	0.4497
4.853	0.8726	0.8721	0.4497
4.852	0.8726	0.8721	0.4496
4.851	0.8725	0.872	0.4496
4.850	0.8725	0.872	0.4496
4.849	0.8725	0.8719	0.4495
4.848	0.8724	0.8718	0.4495
4.847	0.8724	0.8718	0.4495
4.846	0.8724	0.8718	0.4495
4.845	0.8723	0.8717	0.4495
4.844	0.8723	0.8717	0.4494
4.843	0.8723	0.8716	0.4494
4.842	0.8723	0.8716	0.4494
4.841	0.8722	0.8715	0.4494
4.840	0.8722	0.8715	0.4493
4.839	0.8722	0.8715	0.4493
4.838	0.8721	0.8715	0.4493
4.837	0.8721	0.8714	0.4493
4.836	0.8721	0.8713	0.4493
4.835	0.872	0.8713	0.4493
4.834	0.872	0.8713	0.4492
4.833	0.8719	0.8712	0.4492
4.832	0.8719	0.8712	0.4492
4.831	0.8719	0.8711	0.4492
4.830	0.8718	0.8711	0.4492
4.829	0.8718	0.871	0.4491
4.828	0.8717	0.871	0.4491
4.827	0.8717	0.8709	0.4491
4.826	0.8717	0.8709	0.4491
4.825	0.8716	0.8708	0.4491
4.824	0.8716	0.8708	0.4491
4.823	0.8715	0.8707	0.449
4.822	0.8715	0.8707	0.449
4.821	0.8714	0.8706	0.449
4.820	0.8714	0.8706	0.449
4.819	0.8713	0.8706	0.449
4.818	0.8713	0.8705	0.4489
4.817	0.8713	0.8705	0.4489
4.816	0.8712	0.8705	0.4489
4.815	0.8711	0.8705	0.4489
4.814	0.8711	0.8704	0.4489
4.813	0.8711	0.8704	0.4489
4.812	0.871	0.8703	0.4488
4.811	0.871	0.8702	0.4488
4.810	0.8709	0.8702	0.4488
4.809	0.8709	0.8702	0.4488
4.808	0.8709	0.8701	0.4488
4.807	0.8708	0.8701	0.4487
4.806	0.8708	0.87	0.4487
4.805	0.8707	0.8699	0.4487
4.804	0.8707	0.8699	0.4486
4.803	0.8707	0.8698	0.4486
4.802	0.8706	0.8698	0.4486
4.801	0.8706	0.8698	0.4486
4.800	0.8705	0.8697	0.4486
4.799	0.8705	0.8697	0.4485
4.798	0.8704	0.8696	0.4485
4.797	0.8704	0.8696	0.4485
4.796	0.8703	0.8695	0.4484
4.795	0.8702	0.8695	0.4484
4.794	0.8702	0.8694	0.4484
4.793	0.8702	0.8694	0.4484
4.792	0.8701	0.8693	0.4484
4.791	0.8701	0.8693	0.4483
4.790	0.8701	0.8693	0.4483
4.789	0.87	0.8692	0.4483
4.788	0.87	0.8692	0.4483
4.787	0.87	0.8692	0.4482
4.786	0.87	0.8692	0.4482
4.785	0.8699	0.8691	0.4482
4.784	0.8698	0.8691	0.4482
4.783	0.8698	0.869	0.4481
4.782	0.8697	0.869	0.4481
4.781	0.8697	0.8689	0.4481
4.780	0.8697	0.8689	0.4481
4.779	0.8697	0.8688	0.4481
4.778	0.8696	0.8688	0.448
4.777	0.8695	0.8687	0.448
4.776	0.8695	0.8687	0.448
4.775	0.8694	0.8686	0.448
4.774	0.8694	0.8686	0.448
4.773	0.8693	0.8685	0.4479
4.772	0.8693	0.8685	0.4479
4.771	0.8692	0.8685	0.4479
4.770	0.8692	0.8684	0.4479
4.769	0.8691	0.8684	0.4479
4.768	0.8691	0.8683	0.4478
4.767	0.869	0.8683	0.4478
4.766	0.869	0.8683	0.4478
4.765	0.869	0.8682	0.4478
4.764	0.8689	0.8682	0.4478
4.763	0.8689	0.8681	0.4477
4.762	0.8688	0.8681	0.4477
4.761	0.8688	0.8681	0.4477
4.760	0.8688	0.868	0.4477
4.759	0.8687	0.868	0.4477
4.758	0.8687	0.868	0.4477
4.757	0.8686	0.8679	0.4476
4.756	0.8686	0.8679	0.4476
4.755	0.8685	0.8678	0.4476
4.754	0.8685	0.8678	0.4476
4.753	0.8685	0.8677	0.4476
4.752	0.8684	0.8677	0.4476
4.751	0.8684	0.8677	0.4475
4.750	0.8684	0.8676	0.4475
4.749	0.8683	0.8675	0.4475
4.748	0.8683	0.8675	0.4475
4.747	0.8682	0.8674	0.4475
4.746	0.8682	0.8674	0.4474
4.745	0.8681	0.8674	0.4474
4.744	0.8681	0.8673	0.4474
4.743	0.868	0.8673	0.4474
4.742	0.868	0.8672	0.4474
4.741	0.868	0.8672	0.4473
4.740	0.8679	0.8671	0.4473
4.739	0.8679	0.8671	0.4473
4.738	0.8678	0.867	0.4473
4.737	0.8678	0.867	0.4473
4.736	0.8677	0.867	0.4472
4.735	0.8677	0.8669	0.4472
4.734	0.8676	0.8669	0.4472
4.733	0.8676	0.8669	0.4472
4.732	0.8676	0.8668	0.4472
4.731	0.8675	0.8668	0.4472
4.730	0.8675	0.8667	0.4471
4.729	0.8674	0.8667	0.4471
4.728	0.8674	0.8666	0.4471
4.727	0.8673	0.8665	0.4471
4.726	0.8673	0.8665	0.4471
4.725	0.8672	0.8664	0.4471
4.724	0.8672	0.8664	0.447
4.723	0.8672	0.8663	0.447
4.722	0.8671	0.8663	0.447
4.721	0.8671	0.8662	0.447
4.720	0.8671	0.8662	0.447
4.719	0.867	0.8661	0.4469
4.718	0.867	0.866	0.4469
4.717	0.867	0.866	0.4469
4.716	0.8669	0.866	0.4469
4.715	0.8669	0.8659	0.4469
4.714	0.8668	0.8659	0.4468
4.713	0.8667	0.8658	0.4468
4.712	0.8667	0.8658	0.4468
4.711	0.8667	0.8658	0.4468
4.710	0.8666	0.8657	0.4468
4.709	0.8665	0.8656	0.4468
4.708	0.8665	0.8656	0.4467
4.707	0.8665	0.8655	0.4467
4.706	0.8664	0.8655	0.4467
4.705	0.8664	0.8655	0.4467
4.704	0.8664	0.8654	0.4466
4.703	0.8663	0.8654	0.4466
4.702	0.8663	0.8653	0.4466
4.701	0.8662	0.8653	0.4466
4.700	0.8661	0.8652	0.4465
4.699	0.866	0.8652	0.4465
4.698	0.866	0.8651	0.4465
4.697	0.8659	0.865	0.4465
4.696	0.8659	0.865	0.4465
4.695	0.8659	0.865	0.4465
4.694	0.8658	0.8649	0.4464
4.693	0.8658	0.8648	0.4464
4.692	0.8657	0.8648	0.4464
4.691	0.8657	0.8648	0.4464
4.690	0.8656	0.8647	0.4464
4.689	0.8655	0.8647	0.4464
4.688	0.8655	0.8647	0.4463
4.687	0.8654	0.8646	0.4463
4.686	0.8654	0.8646	0.4463
4.685	0.8654	0.8646	0.4463
4.684	0.8653	0.8645	0.4463
4.683	0.8653	0.8645	0.4462
4.682	0.8652	0.8644	0.4462
4.681	0.8652	0.8644	0.4462
4.680	0.8652	0.8643	0.4462
4.679	0.8651	0.8643	0.4462
4.678	0.8651	0.8642	0.4462
4.677	0.8651	0.8642	0.4461
4.676	0.865	0.8642	0.4461
4.675	0.865	0.8641	0.4461
4.674	0.8649	0.8641	0.4461
4.673	0.8649	0.864	0.4461
4.672	0.8648	0.864	0.446
4.671	0.8648	0.864	0.446
4.670	0.8647	0.8639	0.446
4.669	0.8647	0.8639	0.446
4.668	0.8646	0.8638	0.446
4.667	0.8646	0.8638	0.446
4.666	0.8645	0.8638	0.4459
4.665	0.8645	0.8637	0.4459
4.664	0.8644	0.8636	0.4459
4.663	0.8644	0.8636	0.4459
4.662	0.8643	0.8635	0.4459
4.661	0.8643	0.8635	0.4458
4.660	0.8643	0.8635	0.4458
4.659	0.8642	0.8634	0.4458
4.658	0.8642	0.8634	0.4458
4.657	0.8641	0.8633	0.4458
4.656	0.864	0.8633	0.4457
4.655	0.864	0.8632	0.4457
4.654	0.864	0.8632	0.4457
4.653	0.8639	0.8632	0.4457
4.652	0.8639	0.8631	0.4456
4.651	0.8638	0.8631	0.4456
4.650	0.8638	0.8631	0.4456
4.649	0.8638	0.863	0.4456
4.648	0.8637	0.8629	0.4456
4.647	0.8637	0.8629	0.4455
4.646	0.8637	0.8628	0.4455
4.645	0.8636	0.8628	0.4455
4.644	0.8636	0.8627	0.4455
4.643	0.8635	0.8627	0.4454
4.642	0.8635	0.8627	0.4454
4.641	0.8634	0.8626	0.4454
4.640	0.8633	0.8626	0.4454
4.639	0.8633	0.8625	0.4454
4.638	0.8632	0.8625	0.4454
4.637	0.8632	0.8624	0.4453
4.636	0.8631	0.8624	0.4453
4.635	0.8631	0.8624	0.4453
4.634	0.863	0.8623	0.4453
4.633	0.863	0.8623	0.4453
4.632	0.8629	0.8623	0.4452
4.631	0.8629	0.8622	0.4452
4.630	0.8628	0.8622	0.4452
4.629	0.8628	0.8621	0.4452
4.628	0.8627	0.8621	0.4452
4.627	0.8627	0.8621	0.4451
4.626	0.8627	0.862	0.4451
4.625	0.8626	0.862	0.4451
4.624	0.8626	0.8619	0.4451
4.623	0.8625	0.8619	0.4451
4.622	0.8625	0.8618	0.445
4.621	0.8624	0.8617	0.445
4.620	0.8624	0.8617	0.445
4.619	0.8623	0.8616	0.445
4.618	0.8623	0.8616	0.445
4.617	0.8622	0.8616	0.4449
4.616	0.8622	0.8615	0.4449
4.615	0.8621	0.8615	0.4449
4.614	0.8621	0.8614	0.4449
4.613	0.862	0.8614	0.4449
4.612	0.8619	0.8613	0.4448
4.611	0.8619	0.8613	0.4448
4.610	0.8619	0.8613	0.4448
4.609	0.8618	0.8612	0.4448
4.608	0.8618	0.8612	0.4448
4.607	0.8617	0.8611	0.4448
4.606	0.8617	0.8611	0.4447
4.605	0.8616	0.861	0.4447
4.604	0.8616	0.861	0.4447
4.603	0.8615	0.861	0.4447
4.602	0.8615	0.8609	0.4446
4.601	0.8615	0.8609	0.4446
4.600	0.8614	0.8608	0.4446
4.599	0.8613	0.8608	0.4446
4.598	0.8613	0.8607	0.4446
4.597	0.8613	0.8607	0.4446
4.596	0.8612	0.8606	0.4445
4.595	0.8612	0.8606	0.4445
4.594	0.8611	0.8606	0.4445
4.593	0.861	0.8605	0.4445
4.592	0.8609	0.8605	0.4444
4.591	0.8609	0.8604	0.4444
4.590	0.8609	0.8604	0.4444
4.589	0.8608	0.8603	0.4444
4.588	0.8607	0.8603	0.4444
4.587	0.8607	0.8602	0.4444
4.586	0.8606	0.8602	0.4443
4.585	0.8606	0.8601	0.4443
4.584	0.8605	0.86	0.4443
4.583	0.8605	0.86	0.4443
4.582	0.8604	0.8599	0.4443
4.581	0.8604	0.8599	0.4442
4.580	0.8603	0.8598	0.4442
4.579	0.8602	0.8598	0.4442
4.578	0.8602	0.8597	0.4442
4.577	0.8601	0.8597	0.4442
4.576	0.8601	0.8596	0.4442
4.575	0.86	0.8596	0.4441
4.574	0.86	0.8595	0.4441
4.573	0.8599	0.8595	0.4441
4.572	0.8599	0.8594	0.4441
4.571	0.8598	0.8594	0.4441
4.570	0.8598	0.8594	0.444
4.569	0.8598	0.8593	0.444
4.568	0.8597	0.8593	0.444
4.567	0.8596	0.8592	0.444
4.566	0.8596	0.8592	0.444
4.565	0.8596	0.8591	0.444
4.564	0.8595	0.8591	0.4439
4.563	0.8594	0.859	0.4439
4.562	0.8594	0.859	0.4439
4.561	0.8594	0.8589	0.4439
4.560	0.8593	0.8589	0.4438
4.559	0.8593	0.8588	0.4438
4.558	0.8592	0.8588	0.4438
4.557	0.8592	0.8587	0.4438
4.556	0.8591	0.8587	0.4438
4.555	0.8591	0.8586	0.4437
4.554	0.859	0.8586	0.4437
4.553	0.8589	0.8585	0.4437
4.552	0.8589	0.8585	0.4437
4.551	0.8588	0.8584	0.4436
4.550	0.8588	0.8584	0.4436
4.549	0.8587	0.8583	0.4436
4.548	0.8587	0.8583	0.4436
4.547	0.8586	0.8583	0.4436
4.546	0.8586	0.8582	0.4435
4.545	0.8585	0.8581	0.4435
4.544	0.8585	0.8581	0.4435
4.543	0.8584	0.858	0.4435
4.542	0.8584	0.858	0.4435
4.541	0.8584	0.858	0.4434
4.540	0.8583	0.8579	0.4434
4.539	0.8583	0.8579	0.4434
4.538	0.8582	0.8579	0.4434
4.537	0.8582	0.8578	0.4434
4.536	0.8581	0.8578	0.4434
4.535	0.8581	0.8578	0.4433
4.534	0.8581	0.8577	0.4433
4.533	0.858	0.8576	0.4433
4.532	0.8579	0.8576	0.4433
4.531	0.8579	0.8575	0.4433
4.530	0.8579	0.8575	0.4433
4.529	0.8578	0.8575	0.4432
4.528	0.8578	0.8574	0.4432
4.527	0.8577	0.8574	0.4432
4.526	0.8577	0.8573	0.4432
4.525	0.8576	0.8573	0.4432
4.524	0.8576	0.8572	0.4432
4.523	0.8575	0.8572	0.4431
4.522	0.8574	0.8571	0.4431
4.521	0.8574	0.8571	0.4431
4.520	0.8573	0.857	0.4431
4.519	0.8572	0.857	0.4431
4.518	0.8572	0.8569	0.443
4.517	0.8572	0.8568	0.443
4.516	0.8571	0.8567	0.443
4.515	0.8571	0.8567	0.443
4.514	0.8571	0.8566	0.443
4.513	0.857	0.8566	0.443
4.512	0.8569	0.8565	0.443
4.511	0.8569	0.8565	0.4429
4.510	0.8568	0.8564	0.4429
4.509	0.8568	0.8564	0.4429
4.508	0.8567	0.8563	0.4429
4.507	0.8567	0.8563	0.4429
4.506	0.8566	0.8563	0.4428
4.505	0.8566	0.8563	0.4428
4.504	0.8565	0.8561	0.4428
4.503	0.8565	0.8561	0.4428
4.502	0.8564	0.856	0.4428
4.501	0.8564	0.8559	0.4427
4.500	0.8563	0.8559	0.4427
4.499	0.8563	0.8559	0.4427
4.498	0.8562	0.8558	0.4427
4.497	0.8562	0.8558	0.4426
4.496	0.8561	0.8557	0.4426
4.495	0.8561	0.8557	0.4426
4.494	0.856	0.8556	0.4426
4.493	0.856	0.8556	0.4426
4.492	0.8559	0.8555	0.4425
4.491	0.8558	0.8555	0.4425
4.490	0.8558	0.8554	0.4425
4.489	0.8558	0.8554	0.4425
4.488	0.8557	0.8553	0.4425
4.487	0.8556	0.8553	0.4425
4.486	0.8556	0.8552	0.4424
4.485	0.8556	0.8551	0.4424
4.484	0.8555	0.8551	0.4424
4.483	0.8555	0.855	0.4424
4.482	0.8554	0.855	0.4424
4.481	0.8554	0.8549	0.4424
4.480	0.8553	0.8548	0.4423
4.479	0.8553	0.8548	0.4423
4.478	0.8552	0.8547	0.4423
4.477	0.8552	0.8547	0.4423
4.476	0.8551	0.8546	0.4423
4.475	0.855	0.8545	0.4422
4.474	0.855	0.8544	0.4422
4.473	0.855	0.8544	0.4422
4.472	0.8549	0.8543	0.4422
4.471	0.8548	0.8542	0.4421
4.470	0.8548	0.8542	0.4421
4.469	0.8548	0.8542	0.4421
4.468	0.8547	0.8541	0.4421
4.467	0.8546	0.8541	0.4421
4.466	0.8546	0.854	0.442
4.465	0.8545	0.854	0.442
4.464	0.8545	0.8539	0.442
4.463	0.8544	0.8539	0.442
4.462	0.8544	0.8538	0.4419
4.461	0.8543	0.8538	0.4419
4.460	0.8543	0.8538	0.4419
4.459	0.8543	0.8537	0.4419
4.458	0.8542	0.8537	0.4419
4.457	0.8542	0.8536	0.4418
4.456	0.8541	0.8536	0.4418
4.455	0.8541	0.8535	0.4418
4.454	0.854	0.8535	0.4418
4.453	0.8539	0.8534	0.4418
4.452	0.8539	0.8533	0.4417
4.451	0.8538	0.8533	0.4417
4.450	0.8538	0.8532	0.4417
4.449	0.8537	0.8532	0.4417
4.448	0.8537	0.8531	0.4417
4.447	0.8536	0.8531	0.4417
4.446	0.8536	0.8531	0.4416
4.445	0.8535	0.853	0.4416
4.444	0.8535	0.853	0.4416
4.443	0.8534	0.8529	0.4416
4.442	0.8534	0.8528	0.4416
4.441	0.8533	0.8528	0.4415
4.440	0.8533	0.8527	0.4415
4.439	0.8533	0.8527	0.4415
4.438	0.8532	0.8526	0.4415
4.437	0.8531	0.8526	0.4415
4.436	0.853	0.8525	0.4415
4.435	0.853	0.8525	0.4414
4.434	0.8529	0.8525	0.4414
4.433	0.8528	0.8524	0.4414
4.432	0.8528	0.8524	0.4414
4.431	0.8528	0.8523	0.4414
4.430	0.8527	0.8523	0.4413
4.429	0.8527	0.8522	0.4413
4.428	0.8526	0.8521	0.4413
4.427	0.8526	0.8521	0.4413
4.426	0.8525	0.852	0.4413
4.425	0.8525	0.852	0.4412
4.424	0.8524	0.8519	0.4412
4.423	0.8524	0.8519	0.4412
4.422	0.8523	0.8518	0.4412
4.421	0.8523	0.8518	0.4412
4.420	0.8523	0.8518	0.4411
4.419	0.8522	0.8517	0.4411
4.418	0.8522	0.8517	0.4411
4.417	0.8521	0.8516	0.4411
4.416	0.852	0.8515	0.4411
4.415	0.852	0.8515	0.4411
4.414	0.8519	0.8514	0.441
4.413	0.8518	0.8514	0.441
4.412	0.8517	0.8513	0.441
4.411	0.8517	0.8513	0.441
4.410	0.8516	0.8512	0.4409
4.409	0.8516	0.8511	0.4409
4.408	0.8515	0.8511	0.4409
4.407	0.8515	0.851	0.4409
4.406	0.8514	0.851	0.4408
4.405	0.8513	0.8509	0.4408
4.404	0.8513	0.8509	0.4408
4.403	0.8512	0.8508	0.4408
4.402	0.8512	0.8507	0.4408
4.401	0.8512	0.8507	0.4407
4.400	0.8511	0.8506	0.4407
4.399	0.8511	0.8505	0.4407
4.398	0.851	0.8505	0.4407
4.397	0.8509	0.8504	0.4407
4.396	0.8509	0.8503	0.4406
4.395	0.8508	0.8503	0.4406
4.394	0.8508	0.8502	0.4406
4.393	0.8507	0.8502	0.4406
4.392	0.8507	0.8501	0.4406
4.391	0.8507	0.8501	0.4405
4.390	0.8506	0.85	0.4405
4.389	0.8505	0.85	0.4405
4.388	0.8505	0.85	0.4405
4.387	0.8504	0.85	0.4405
4.386	0.8504	0.8499	0.4404
4.385	0.8503	0.8499	0.4404
4.384	0.8502	0.8498	0.4404
4.383	0.8501	0.8497	0.4404
4.382	0.8501	0.8497	0.4404
4.381	0.85	0.8496	0.4403
4.380	0.85	0.8496	0.4403
4.379	0.8499	0.8495	0.4403
4.378	0.8499	0.8495	0.4403
4.377	0.8499	0.8494	0.4403
4.376	0.8498	0.8494	0.4403
4.375	0.8498	0.8493	0.4402
4.374	0.8497	0.8493	0.4402
4.373	0.8497	0.8492	0.4402
4.372	0.8496	0.8492	0.4402
4.371	0.8496	0.8491	0.4402
4.370	0.8495	0.8491	0.4401
4.369	0.8494	0.849	0.4401
4.368	0.8494	0.849	0.4401
4.367	0.8493	0.8489	0.4401
4.366	0.8493	0.8489	0.44
4.365	0.8492	0.8488	0.44
4.364	0.8491	0.8488	0.44
4.363	0.8491	0.8488	0.44
4.362	0.849	0.8487	0.44
4.361	0.849	0.8487	0.4399
4.360	0.8489	0.8486	0.4399
4.359	0.8488	0.8485	0.4399
4.358	0.8488	0.8485	0.4399
4.357	0.8488	0.8484	0.4399
4.356	0.8487	0.8483	0.4398
4.355	0.8487	0.8482	0.4398
4.354	0.8486	0.8482	0.4398
4.353	0.8486	0.8481	0.4398
4.352	0.8485	0.8481	0.4398
4.351	0.8485	0.848	0.4398
4.350	0.8485	0.848	0.4397
4.349	0.8484	0.8479	0.4397
4.348	0.8483	0.8479	0.4397
4.347	0.8483	0.8478	0.4397
4.346	0.8482	0.8478	0.4396
4.345	0.8481	0.8478	0.4396
4.344	0.8481	0.8477	0.4396
4.343	0.848	0.8477	0.4396
4.342	0.8479	0.8476	0.4396
4.341	0.8479	0.8476	0.4396
4.340	0.8478	0.8476	0.4395
4.339	0.8478	0.8475	0.4395
4.338	0.8477	0.8475	0.4395
4.337	0.8477	0.8474	0.4395
4.336	0.8476	0.8473	0.4395
4.335	0.8476	0.8473	0.4394
4.334	0.8475	0.8472	0.4394
4.333	0.8475	0.8471	0.4394
4.332	0.8474	0.8471	0.4394
4.331	0.8473	0.8471	0.4394
4.330	0.8472	0.847	0.4393
4.329	0.8471	0.847	0.4393
4.328	0.8471	0.8469	0.4393
4.327	0.8471	0.8469	0.4393
4.326	0.847	0.8468	0.4393
4.325	0.8469	0.8468	0.4392
4.324	0.8469	0.8467	0.4392
4.323	0.8469	0.8467	0.4392
4.322	0.8468	0.8466	0.4392
4.321	0.8467	0.8466	0.4392
4.320	0.8466	0.8465	0.4391
4.319	0.8466	0.8464	0.4391
4.318	0.8465	0.8464	0.4391
4.317	0.8465	0.8463	0.4391
4.316	0.8464	0.8463	0.4391
4.315	0.8463	0.8462	0.439
4.314	0.8463	0.8462	0.439
4.313	0.8462	0.8461	0.439
4.312	0.8462	0.846	0.439
4.311	0.8461	0.8459	0.4389
4.310	0.8461	0.8458	0.4389
4.309	0.846	0.8458	0.4389
4.308	0.846	0.8457	0.4389
4.307	0.8459	0.8457	0.4389
4.306	0.8458	0.8456	0.4389
4.305	0.8458	0.8456	0.4388
4.304	0.8457	0.8455	0.4388
4.303	0.8457	0.8454	0.4388
4.302	0.8456	0.8454	0.4388
4.301	0.8456	0.8453	0.4388
4.300	0.8456	0.8453	0.4388
4.299	0.8455	0.8452	0.4387
4.298	0.8455	0.8452	0.4387
4.297	0.8454	0.8451	0.4387
4.296	0.8454	0.845	0.4387
4.295	0.8453	0.845	0.4387
4.294	0.8452	0.8449	0.4386
4.293	0.8451	0.8449	0.4386
4.292	0.8451	0.8448	0.4386
4.291	0.845	0.8448	0.4386
4.290	0.845	0.8447	0.4386
4.289	0.8449	0.8447	0.4385
4.288	0.8449	0.8446	0.4385
4.287	0.8448	0.8445	0.4385
4.286	0.8447	0.8445	0.4385
4.285	0.8447	0.8445	0.4385
4.284	0.8446	0.8444	0.4385
4.283	0.8445	0.8444	0.4385
4.282	0.8444	0.8443	0.4384
4.281	0.8444	0.8443	0.4384
4.280	0.8443	0.8442	0.4384
4.279	0.8443	0.8442	0.4384
4.278	0.8442	0.8441	0.4384
4.277	0.8442	0.844	0.4384
4.276	0.8441	0.844	0.4383
4.275	0.8441	0.8439	0.4383
4.274	0.8441	0.8438	0.4383
4.273	0.844	0.8438	0.4383
4.272	0.8439	0.8438	0.4383
4.271	0.8439	0.8437	0.4382
4.270	0.8438	0.8437	0.4382
4.269	0.8437	0.8436	0.4382
4.268	0.8436	0.8436	0.4382
4.267	0.8436	0.8435	0.4382
4.266	0.8435	0.8435	0.4381
4.265	0.8435	0.8434	0.4381
4.264	0.8434	0.8433	0.4381
4.263	0.8434	0.8433	0.4381
4.262	0.8433	0.8432	0.4381
4.261	0.8433	0.8431	0.438
4.260	0.8432	0.8431	0.438
4.259	0.8431	0.843	0.438
4.258	0.8431	0.8429	0.438
4.257	0.843	0.8429	0.438
4.256	0.843	0.8428	0.4379
4.255	0.843	0.8428	0.4379
4.254	0.8429	0.8426	0.4379
4.253	0.8429	0.8426	0.4379
4.252	0.8428	0.8425	0.4379
4.251	0.8428	0.8425	0.4378
4.250	0.8427	0.8424	0.4378
4.249	0.8427	0.8424	0.4378
4.248	0.8426	0.8423	0.4378
4.247	0.8425	0.8423	0.4378
4.246	0.8425	0.8422	0.4377
4.245	0.8424	0.8422	0.4377
4.244	0.8423	0.8421	0.4377
4.243	0.8423	0.8421	0.4377
4.242	0.8422	0.842	0.4377
4.241	0.8422	0.842	0.4376
4.240	0.8421	0.8419	0.4376
4.239	0.8421	0.8418	0.4376
4.238	0.842	0.8417	0.4376
4.237	0.8419	0.8416	0.4376
4.236	0.8419	0.8416	0.4375
4.235	0.8418	0.8415	0.4375
4.234	0.8417	0.8414	0.4375
4.233	0.8417	0.8414	0.4375
4.232	0.8416	0.8413	0.4375
4.231	0.8415	0.8413	0.4375
4.230	0.8415	0.8412	0.4374
4.229	0.8414	0.8412	0.4374
4.228	0.8414	0.8411	0.4374
4.227	0.8413	0.8411	0.4374
4.226	0.8413	0.8411	0.4374
4.225	0.8412	0.841	0.4374
4.224	0.8412	0.841	0.4373
4.223	0.8411	0.8409	0.4373
4.222	0.8411	0.8408	0.4373
4.221	0.841	0.8408	0.4373
4.220	0.841	0.8407	0.4373
4.219	0.8409	0.8406	0.4373
4.218	0.8409	0.8405	0.4372
4.217	0.8408	0.8404	0.4372
4.216	0.8408	0.8404	0.4372
4.215	0.8407	0.8403	0.4372
4.214	0.8407	0.8403	0.4371
4.213	0.8405	0.8402	0.4371
4.212	0.8405	0.8402	0.4371
4.211	0.8404	0.8401	0.4371
4.210	0.8404	0.8401	0.4371
4.209	0.8403	0.84	0.4371
4.208	0.8403	0.84	0.437
4.207	0.8402	0.8399	0.437
4.206	0.8401	0.8399	0.437
4.205	0.84	0.8398	0.437
4.204	0.84	0.8398	0.437
4.203	0.84	0.8397	0.4369
4.202	0.8399	0.8397	0.4369
4.201	0.8399	0.8396	0.4369
4.200	0.8398	0.8395	0.4369
4.199	0.8397	0.8395	0.4369
4.198	0.8397	0.8394	0.4369
4.197	0.8396	0.8393	0.4369
4.196	0.8395	0.8393	0.4368
4.195	0.8395	0.8393	0.4368
4.194	0.8395	0.8391	0.4368
4.193	0.8394	0.8391	0.4368
4.192	0.8393	0.839	0.4368
4.191	0.8393	0.839	0.4367
4.190	0.8392	0.8389	0.4367
4.189	0.8391	0.8388	0.4367
4.188	0.839	0.8388	0.4367
4.187	0.839	0.8387	0.4367
4.186	0.8389	0.8387	0.4366
4.185	0.8389	0.8386	0.4366
4.184	0.8388	0.8385	0.4366
4.183	0.8387	0.8385	0.4366
4.182	0.8387	0.8384	0.4365
4.181	0.8386	0.8383	0.4365
4.180	0.8385	0.8383	0.4365
4.179	0.8385	0.8382	0.4365
4.178	0.8384	0.8381	0.4365
4.177	0.8384	0.8381	0.4365
4.176	0.8383	0.8381	0.4364
4.175	0.8383	0.838	0.4364
4.174	0.8382	0.838	0.4364
4.173	0.8381	0.8379	0.4364
4.172	0.838	0.8379	0.4363
4.171	0.838	0.8378	0.4363
4.170	0.8379	0.8377	0.4363
4.169	0.8379	0.8377	0.4363
4.168	0.8378	0.8377	0.4363
4.167	0.8377	0.8376	0.4362
4.166	0.8377	0.8376	0.4362
4.165	0.8376	0.8375	0.4362
4.164	0.8375	0.8375	0.4362
4.163	0.8374	0.8374	0.4362
4.162	0.8374	0.8373	0.4362
4.161	0.8373	0.8373	0.4361
4.160	0.8372	0.8372	0.4361
4.159	0.8372	0.8372	0.4361
4.158	0.8371	0.8372	0.4361
4.157	0.8371	0.8371	0.436
4.156	0.837	0.8371	0.436
4.155	0.837	0.837	0.436
4.154	0.8369	0.837	0.436
4.153	0.8369	0.8369	0.436
4.152	0.8368	0.8369	0.4359
4.151	0.8368	0.8368	0.4359
4.150	0.8367	0.8367	0.4359
4.149	0.8366	0.8367	0.4359
4.148	0.8366	0.8366	0.4359
4.147	0.8365	0.8365	0.4358
4.146	0.8365	0.8365	0.4358
4.145	0.8364	0.8364	0.4358
4.144	0.8364	0.8364	0.4358
4.143	0.8362	0.8363	0.4358
4.142	0.8362	0.8363	0.4358
4.141	0.8361	0.8362	0.4357
4.140	0.8361	0.8361	0.4357
4.139	0.836	0.8361	0.4357
4.138	0.8359	0.836	0.4357
4.137	0.8359	0.836	0.4356
4.136	0.8358	0.8359	0.4356
4.135	0.8358	0.8358	0.4356
4.134	0.8357	0.8357	0.4356
4.133	0.8357	0.8357	0.4356
4.132	0.8356	0.8356	0.4355
4.131	0.8356	0.8356	0.4355
4.130	0.8355	0.8355	0.4355
4.129	0.8354	0.8355	0.4355
4.128	0.8354	0.8354	0.4354
4.127	0.8353	0.8354	0.4354
4.126	0.8352	0.8353	0.4354
4.125	0.8352	0.8352	0.4354
4.124	0.8352	0.8352	0.4354
4.123	0.8351	0.8351	0.4354
4.122	0.835	0.8351	0.4353
4.121	0.8349	0.835	0.4353
4.120	0.8349	0.835	0.4353
4.119	0.8348	0.8349	0.4353
4.118	0.8348	0.8349	0.4353
4.117	0.8347	0.8349	0.4352
4.116	0.8347	0.8348	0.4352
4.115	0.8346	0.8347	0.4352
4.114	0.8345	0.8347	0.4352
4.113	0.8345	0.8346	0.4352
4.112	0.8344	0.8346	0.4351
4.111	0.8343	0.8345	0.4351
4.110	0.8343	0.8344	0.4351
4.109	0.8342	0.8344	0.4351
4.108	0.8341	0.8343	0.4351
4.107	0.8341	0.8342	0.435
4.106	0.834	0.8342	0.435
4.105	0.8339	0.8341	0.435
4.104	0.8338	0.834	0.435
4.103	0.8338	0.8339	0.435
4.102	0.8337	0.8339	0.4349
4.101	0.8336	0.8339	0.4349
4.100	0.8335	0.8338	0.4349
4.099	0.8335	0.8338	0.4349
4.098	0.8334	0.8337	0.4349
4.097	0.8333	0.8337	0.4348
4.096	0.8332	0.8336	0.4348
4.095	0.8332	0.8335	0.4348
4.094	0.8331	0.8335	0.4348
4.093	0.833	0.8334	0.4348
4.092	0.833	0.8334	0.4348
4.091	0.833	0.8333	0.4347
4.090	0.8329	0.8333	0.4347
4.089	0.8329	0.8332	0.4347
4.088	0.8328	0.8331	0.4347
4.087	0.8327	0.833	0.4347
4.086	0.8326	0.8329	0.4346
4.085	0.8326	0.8328	0.4346
4.084	0.8325	0.8328	0.4346
4.083	0.8325	0.8327	0.4346
4.082	0.8324	0.8326	0.4346
4.081	0.8324	0.8326	0.4345
4.080	0.8323	0.8325	0.4345
4.079	0.8322	0.8325	0.4345
4.078	0.8321	0.8324	0.4345
4.077	0.832	0.8323	0.4344
4.076	0.832	0.8323	0.4344
4.075	0.8319	0.8322	0.4344
4.074	0.8319	0.8322	0.4344
4.073	0.8318	0.8322	0.4343
4.072	0.8318	0.8321	0.4343
4.071	0.8317	0.832	0.4343
4.070	0.8316	0.832	0.4343
4.069	0.8316	0.832	0.4342
4.068	0.8315	0.8319	0.4342
4.067	0.8315	0.8318	0.4342
4.066	0.8314	0.8318	0.4342
4.065	0.8313	0.8318	0.4342
4.064	0.8313	0.8317	0.4342
4.063	0.8312	0.8316	0.4341
4.062	0.8312	0.8316	0.4341
4.061	0.8311	0.8315	0.4341
4.060	0.831	0.8314	0.4341
4.059	0.831	0.8314	0.4341
4.058	0.8309	0.8313	0.4341
4.057	0.8309	0.8313	0.434
4.056	0.8308	0.8312	0.434
4.055	0.8308	0.8312	0.434
4.054	0.8307	0.8311	0.434
4.053	0.8306	0.8311	0.434
4.052	0.8306	0.831	0.4339
4.051	0.8305	0.8309	0.4339
4.050	0.8304	0.8309	0.4339
4.049	0.8304	0.8308	0.4339
4.048	0.8303	0.8308	0.4338
4.047	0.8303	0.8307	0.4338
4.046	0.8302	0.8306	0.4338
4.045	0.8302	0.8306	0.4338
4.044	0.8302	0.8306	0.4337
4.043	0.8301	0.8305	0.4337
4.042	0.83	0.8304	0.4337
4.041	0.83	0.8304	0.4337
4.040	0.8299	0.8303	0.4336
4.039	0.8298	0.8303	0.4336
4.038	0.8298	0.8302	0.4336
4.037	0.8297	0.8302	0.4336
4.036	0.8296	0.8301	0.4336
4.035	0.8295	0.8301	0.4335
4.034	0.8294	0.8301	0.4335
4.033	0.8294	0.83	0.4335
4.032	0.8294	0.83	0.4335
4.031	0.8293	0.8299	0.4335
4.030	0.8292	0.8298	0.4335
4.029	0.8292	0.8297	0.4334
4.028	0.8291	0.8297	0.4334
4.027	0.829	0.8296	0.4334
4.026	0.8289	0.8296	0.4334
4.025	0.8289	0.8295	0.4333
4.024	0.8288	0.8294	0.4333
4.023	0.8288	0.8294	0.4333
4.022	0.8287	0.8293	0.4333
4.021	0.8287	0.8293	0.4333
4.020	0.8286	0.8292	0.4333
4.019	0.8285	0.8292	0.4332
4.018	0.8285	0.8291	0.4332
4.017	0.8284	0.8291	0.4332
4.016	0.8283	0.829	0.4332
4.015	0.8283	0.8289	0.4331
4.014	0.8282	0.8288	0.4331
4.013	0.8281	0.8288	0.4331
4.012	0.828	0.8287	0.4331
4.011	0.828	0.8286	0.4331
4.010	0.8279	0.8285	0.433
4.009	0.8278	0.8285	0.433
4.008	0.8277	0.8284	0.433
4.007	0.8277	0.8284	0.433
4.006	0.8276	0.8283	0.433
4.005	0.8275	0.8282	0.433
4.004	0.8275	0.8281	0.433
4.003	0.8274	0.8281	0.4329
4.002	0.8273	0.828	0.4329
4.001	0.8273	0.8279	0.4329
4.000	0.8272	0.8279	0.4329
3.999	0.8272	0.8278	0.4328
3.998	0.8271	0.8278	0.4328
3.997	0.827	0.8277	0.4328
3.996	0.827	0.8276	0.4328
3.995	0.8269	0.8276	0.4327
3.994	0.8268	0.8275	0.4327
3.993	0.8268	0.8274	0.4327
3.992	0.8267	0.8274	0.4327
3.991	0.8267	0.8273	0.4327
3.990	0.8266	0.8272	0.4326
3.989	0.8265	0.8271	0.4326
3.988	0.8265	0.8271	0.4326
3.987	0.8264	0.827	0.4326
3.986	0.8263	0.8269	0.4325
3.985	0.8262	0.8269	0.4325
3.984	0.8262	0.8268	0.4325
3.983	0.8261	0.8268	0.4325
3.982	0.826	0.8267	0.4325
3.981	0.826	0.8267	0.4324
3.980	0.8259	0.8266	0.4324
3.979	0.8258	0.8266	0.4324
3.978	0.8258	0.8265	0.4324
3.977	0.8257	0.8264	0.4324
3.976	0.8257	0.8263	0.4323
3.975	0.8256	0.8263	0.4323
3.974	0.8256	0.8262	0.4323
3.973	0.8255	0.8262	0.4323
3.972	0.8255	0.8261	0.4323
3.971	0.8254	0.826	0.4323
3.970	0.8254	0.8259	0.4322
3.969	0.8253	0.8259	0.4322
3.968	0.8253	0.8258	0.4322
3.967	0.8252	0.8258	0.4322
3.966	0.8252	0.8257	0.4322
3.965	0.8251	0.8256	0.4321
3.964	0.825	0.8256	0.4321
3.963	0.825	0.8255	0.4321
3.962	0.8249	0.8254	0.4321
3.961	0.8249	0.8253	0.4321
3.960	0.8248	0.8253	0.4321
3.959	0.8247	0.8252	0.432
3.958	0.8246	0.8251	0.432
3.957	0.8245	0.8251	0.432
3.956	0.8244	0.825	0.432
3.955	0.8243	0.8249	0.432
3.954	0.8243	0.8249	0.432
3.953	0.8242	0.8248	0.4319
3.952	0.8241	0.8248	0.4319
3.951	0.8241	0.8247	0.4319
3.950	0.824	0.8246	0.4319
3.949	0.824	0.8246	0.4319
3.948	0.8239	0.8245	0.4318
3.947	0.8239	0.8245	0.4318
3.946	0.8238	0.8245	0.4318
3.945	0.8237	0.8243	0.4318
3.944	0.8236	0.8243	0.4317
3.943	0.8236	0.8242	0.4317
3.942	0.8235	0.8242	0.4317
3.941	0.8235	0.8241	0.4317
3.940	0.8234	0.824	0.4316
3.939	0.8233	0.824	0.4316
3.938	0.8232	0.8239	0.4316
3.937	0.8231	0.8238	0.4316
3.936	0.8231	0.8237	0.4316
3.935	0.823	0.8237	0.4315
3.934	0.823	0.8236	0.4315
3.933	0.8229	0.8236	0.4315
3.932	0.8227	0.8235	0.4315
3.931	0.8227	0.8234	0.4315
3.930	0.8226	0.8233	0.4314
3.929	0.8225	0.8233	0.4314
3.928	0.8225	0.8232	0.4314
3.927	0.8224	0.8232	0.4314
3.926	0.8223	0.8231	0.4313
3.925	0.8223	0.823	0.4313
3.924	0.8222	0.823	0.4313
3.923	0.8222	0.8229	0.4313
3.922	0.8221	0.8229	0.4313
3.921	0.822	0.8228	0.4312
3.920	0.8219	0.8227	0.4312
3.919	0.8219	0.8226	0.4312
3.918	0.8218	0.8226	0.4312
3.917	0.8217	0.8225	0.4312
3.916	0.8216	0.8225	0.4311
3.915	0.8216	0.8224	0.4311
3.914	0.8215	0.8223	0.4311
3.913	0.8215	0.8222	0.4311
3.912	0.8214	0.8222	0.4311
3.911	0.8214	0.8221	0.431
3.910	0.8213	0.822	0.431
3.909	0.8212	0.822	0.431
3.908	0.8212	0.822	0.431
3.907	0.8211	0.8219	0.431
3.906	0.8211	0.8218	0.4309
3.905	0.821	0.8218	0.4309
3.904	0.8209	0.8216	0.4309
3.903	0.8208	0.8216	0.4309
3.902	0.8208	0.8215	0.4308
3.901	0.8207	0.8215	0.4308
3.900	0.8206	0.8214	0.4308
3.899	0.8206	0.8214	0.4308
3.898	0.8205	0.8213	0.4307
3.897	0.8205	0.8213	0.4307
3.896	0.8204	0.8212	0.4307
3.895	0.8204	0.8211	0.4307
3.894	0.8203	0.821	0.4306
3.893	0.8202	0.821	0.4306
3.892	0.8201	0.8209	0.4306
3.891	0.8201	0.8209	0.4306
3.890	0.82	0.8208	0.4306
3.889	0.8199	0.8207	0.4306
3.888	0.8199	0.8207	0.4305
3.887	0.8198	0.8206	0.4305
3.886	0.8197	0.8205	0.4305
3.885	0.8197	0.8205	0.4304
3.884	0.8196	0.8204	0.4304
3.883	0.8196	0.8203	0.4304
3.882	0.8195	0.8203	0.4304
3.881	0.8195	0.8202	0.4304
3.880	0.8194	0.8201	0.4304
3.879	0.8193	0.8201	0.4303
3.878	0.8192	0.82	0.4303
3.877	0.8192	0.8199	0.4303
3.876	0.8191	0.8198	0.4303
3.875	0.8191	0.8197	0.4302
3.874	0.819	0.8196	0.4302
3.873	0.819	0.8195	0.4302
3.872	0.8189	0.8195	0.4302
3.871	0.8188	0.8194	0.4301
3.870	0.8188	0.8193	0.4301
3.869	0.8187	0.8193	0.4301
3.868	0.8187	0.8192	0.4301
3.867	0.8186	0.8191	0.43
3.866	0.8185	0.8191	0.43
3.865	0.8184	0.819	0.43
3.864	0.8183	0.8189	0.43
3.863	0.8183	0.8189	0.43
3.862	0.8182	0.8188	0.43
3.861	0.8182	0.8188	0.4299
3.860	0.8181	0.8187	0.4299
3.859	0.818	0.8187	0.4299
3.858	0.818	0.8186	0.4299
3.857	0.8178	0.8185	0.4299
3.856	0.8178	0.8185	0.4299
3.855	0.8177	0.8185	0.4298
3.854	0.8176	0.8184	0.4298
3.853	0.8176	0.8183	0.4298
3.852	0.8175	0.8183	0.4298
3.851	0.8175	0.8182	0.4297
3.850	0.8174	0.8181	0.4297
3.849	0.8173	0.8181	0.4297
3.848	0.8172	0.818	0.4297
3.847	0.8171	0.8179	0.4297
3.846	0.8171	0.8178	0.4297
3.845	0.817	0.8178	0.4296
3.844	0.8169	0.8177	0.4296
3.843	0.8168	0.8177	0.4296
3.842	0.8168	0.8176	0.4296
3.841	0.8167	0.8176	0.4295
3.840	0.8166	0.8175	0.4295
3.839	0.8165	0.8174	0.4295
3.838	0.8164	0.8174	0.4295
3.837	0.8164	0.8173	0.4295
3.836	0.8163	0.8172	0.4294
3.835	0.8162	0.8171	0.4294
3.834	0.8162	0.817	0.4294
3.833	0.8161	0.817	0.4294
3.832	0.816	0.8169	0.4294
3.831	0.816	0.8168	0.4293
3.830	0.8159	0.8167	0.4293
3.829	0.8159	0.8167	0.4293
3.828	0.8158	0.8167	0.4293
3.827	0.8158	0.8166	0.4293
3.826	0.8157	0.8165	0.4293
3.825	0.8156	0.8164	0.4292
3.824	0.8156	0.8164	0.4292
3.823	0.8155	0.8163	0.4292
3.822	0.8154	0.8163	0.4291
3.821	0.8153	0.8162	0.4291
3.820	0.8153	0.8161	0.4291
3.819	0.8152	0.8161	0.4291
3.818	0.8151	0.816	0.4291
3.817	0.8151	0.8159	0.4291
3.816	0.815	0.8159	0.429
3.815	0.815	0.8158	0.429
3.814	0.8149	0.8157	0.429
3.813	0.8149	0.8156	0.429
3.812	0.8148	0.8156	0.429
3.811	0.8148	0.8155	0.4289
3.810	0.8147	0.8154	0.4289
3.809	0.8146	0.8153	0.4289
3.808	0.8145	0.8153	0.4289
3.807	0.8145	0.8152	0.4289
3.806	0.8144	0.8152	0.4289
3.805	0.8144	0.8151	0.4288
3.804	0.8143	0.8151	0.4288
3.803	0.8142	0.8151	0.4288
3.802	0.8141	0.815	0.4288
3.801	0.8141	0.8149	0.4288
3.800	0.814	0.8149	0.4287
3.799	0.8139	0.8148	0.4287
3.798	0.8138	0.8148	0.4287
3.797	0.8137	0.8147	0.4287
3.796	0.8137	0.8146	0.4286
3.795	0.8136	0.8145	0.4286
3.794	0.8135	0.8145	0.4286
3.793	0.8134	0.8144	0.4286
3.792	0.8133	0.8143	0.4286
3.791	0.8133	0.8143	0.4286
3.790	0.8132	0.8142	0.4285
3.789	0.8131	0.8141	0.4285
3.788	0.8131	0.8141	0.4285
3.787	0.813	0.814	0.4285
3.786	0.8129	0.814	0.4284
3.785	0.8129	0.8139	0.4284
3.784	0.8128	0.8139	0.4284
3.783	0.8127	0.8138	0.4283
3.782	0.8126	0.8137	0.4283
3.781	0.8125	0.8137	0.4283
3.780	0.8125	0.8137	0.4283
3.779	0.8124	0.8136	0.4282
3.778	0.8123	0.8136	0.4282
3.777	0.8122	0.8134	0.4282
3.776	0.8122	0.8133	0.4282
3.775	0.812	0.8132	0.4281
3.774	0.812	0.8132	0.4281
3.773	0.8119	0.8131	0.4281
3.772	0.8119	0.813	0.4281
3.771	0.8118	0.8129	0.4281
3.770	0.8117	0.8129	0.428
3.769	0.8116	0.8128	0.428
3.768	0.8115	0.8128	0.428
3.767	0.8115	0.8127	0.428
3.766	0.8114	0.8126	0.4279
3.765	0.8113	0.8125	0.4279
3.764	0.8112	0.8125	0.4279
3.763	0.8112	0.8124	0.4279
3.762	0.8111	0.8123	0.4279
3.761	0.811	0.8122	0.4279
3.760	0.811	0.8122	0.4278
3.759	0.8109	0.8121	0.4278
3.758	0.8109	0.8121	0.4278
3.757	0.8108	0.812	0.4278
3.756	0.8107	0.8119	0.4277
3.755	0.8106	0.8119	0.4277
3.754	0.8106	0.8118	0.4277
3.753	0.8105	0.8118	0.4277
3.752	0.8104	0.8117	0.4276
3.751	0.8104	0.8117	0.4276
3.750	0.8103	0.8116	0.4276
3.749	0.8102	0.8115	0.4276
3.748	0.8102	0.8115	0.4276
3.747	0.8101	0.8113	0.4275
3.746	0.81	0.8113	0.4275
3.745	0.8099	0.8112	0.4275
3.744	0.8098	0.8111	0.4275
3.743	0.8098	0.811	0.4275
3.742	0.8097	0.811	0.4274
3.741	0.8096	0.8109	0.4274
3.740	0.8095	0.8108	0.4274
3.739	0.8094	0.8107	0.4274
3.738	0.8093	0.8106	0.4273
3.737	0.8092	0.8106	0.4273
3.736	0.8092	0.8105	0.4273
3.735	0.8091	0.8104	0.4273
3.734	0.809	0.8104	0.4273
3.733	0.809	0.8103	0.4273
3.732	0.8089	0.8102	0.4272
3.731	0.8089	0.8102	0.4272
3.730	0.8088	0.8101	0.4272
3.729	0.8088	0.8101	0.4272
3.728	0.8087	0.81	0.4272
3.727	0.8086	0.8099	0.4271
3.726	0.8086	0.8098	0.4271
3.725	0.8085	0.8098	0.4271
3.724	0.8084	0.8096	0.4271
3.723	0.8083	0.8095	0.427
3.722	0.8082	0.8094	0.427
3.721	0.8082	0.8094	0.427
3.720	0.8081	0.8093	0.427
3.719	0.808	0.8093	0.4269
3.718	0.808	0.8092	0.4269
3.717	0.8079	0.8091	0.4269
3.716	0.8079	0.809	0.4269
3.715	0.8078	0.809	0.4269
3.714	0.8077	0.8089	0.4268
3.713	0.8076	0.8088	0.4268
3.712	0.8075	0.8087	0.4268
3.711	0.8075	0.8086	0.4268
3.710	0.8073	0.8085	0.4268
3.709	0.8073	0.8085	0.4267
3.708	0.8072	0.8084	0.4267
3.707	0.8072	0.8083	0.4267
3.706	0.8071	0.8083	0.4267
3.705	0.807	0.8082	0.4267
3.704	0.8069	0.8081	0.4266
3.703	0.8069	0.808	0.4266
3.702	0.8068	0.808	0.4266
3.701	0.8067	0.8079	0.4266
3.700	0.8067	0.8078	0.4266
3.699	0.8066	0.8078	0.4265
3.698	0.8065	0.8077	0.4265
3.697	0.8065	0.8076	0.4265
3.696	0.8064	0.8076	0.4265
3.695	0.8063	0.8075	0.4264
3.694	0.8063	0.8075	0.4264
3.693	0.8062	0.8074	0.4264
3.692	0.8061	0.8074	0.4264
3.691	0.806	0.8073	0.4264
3.690	0.806	0.8072	0.4263
3.689	0.8059	0.8072	0.4263
3.688	0.8058	0.8071	0.4263
3.687	0.8057	0.8071	0.4263
3.686	0.8056	0.807	0.4263
3.685	0.8055	0.8069	0.4262
3.684	0.8054	0.8068	0.4262
3.683	0.8054	0.8068	0.4262
3.682	0.8053	0.8067	0.4262
3.681	0.8051	0.8066	0.4261
3.680	0.805	0.8066	0.4261
3.679	0.8049	0.8065	0.4261
3.678	0.8048	0.8064	0.4261
3.677	0.8048	0.8063	0.426
3.676	0.8047	0.8063	0.426
3.675	0.8047	0.8062	0.426
3.674	0.8046	0.8061	0.426
3.673	0.8045	0.8061	0.426
3.672	0.8044	0.806	0.426
3.671	0.8043	0.8059	0.4259
3.670	0.8042	0.8058	0.4259
3.669	0.804	0.8058	0.4259
3.668	0.8039	0.8057	0.4259
3.667	0.8038	0.8057	0.4259
3.666	0.8038	0.8056	0.4258
3.665	0.8037	0.8055	0.4258
3.664	0.8036	0.8055	0.4258
3.663	0.8035	0.8054	0.4258
3.662	0.8035	0.8053	0.4258
3.661	0.8034	0.8053	0.4257
3.660	0.8033	0.8052	0.4257
3.659	0.8033	0.8051	0.4257
3.658	0.8032	0.8051	0.4257
3.657	0.8031	0.805	0.4257
3.656	0.8031	0.8049	0.4256
3.655	0.803	0.8049	0.4256
3.654	0.8029	0.8048	0.4256
3.653	0.8029	0.8048	0.4256
3.652	0.8028	0.8047	0.4255
3.651	0.8028	0.8046	0.4255
3.650	0.8027	0.8045	0.4255
3.649	0.8026	0.8044	0.4255
3.648	0.8026	0.8043	0.4255
3.647	0.8024	0.8042	0.4254
3.646	0.8024	0.8042	0.4254
3.645	0.8023	0.8041	0.4254
3.644	0.8022	0.804	0.4253
3.643	0.8021	0.8039	0.4253
3.642	0.8021	0.8038	0.4253
3.641	0.802	0.8037	0.4253
3.640	0.8019	0.8037	0.4253
3.639	0.8018	0.8036	0.4253
3.638	0.8017	0.8035	0.4252
3.637	0.8017	0.8034	0.4252
3.636	0.8016	0.8034	0.4252
3.635	0.8015	0.8033	0.4252
3.634	0.8015	0.8032	0.4252
3.633	0.8014	0.8031	0.4251
3.632	0.8013	0.8031	0.4251
3.631	0.8012	0.803	0.4251
3.630	0.8012	0.8029	0.425
3.629	0.8011	0.8028	0.425
3.628	0.801	0.8027	0.425
3.627	0.8009	0.8027	0.425
3.626	0.8008	0.8026	0.4249
3.625	0.8008	0.8025	0.4249
3.624	0.8007	0.8024	0.4249
3.623	0.8006	0.8023	0.4249
3.622	0.8005	0.8022	0.4248
3.621	0.8005	0.8022	0.4248
3.620	0.8004	0.802	0.4248
3.619	0.8003	0.802	0.4248
3.618	0.8003	0.8019	0.4248
3.617	0.8002	0.8018	0.4247
3.616	0.8001	0.8018	0.4247
3.615	0.8001	0.8016	0.4247
3.614	0.8	0.8016	0.4247
3.613	0.7999	0.8015	0.4246
3.612	0.7999	0.8014	0.4246
3.611	0.7998	0.8013	0.4246
3.610	0.7997	0.8013	0.4246
3.609	0.7997	0.8012	0.4246
3.608	0.7996	0.8011	0.4245
3.607	0.7995	0.8011	0.4245
3.606	0.7994	0.801	0.4245
3.605	0.7993	0.8009	0.4245
3.604	0.7992	0.8009	0.4245
3.603	0.7991	0.8008	0.4244
3.602	0.7991	0.8008	0.4244
3.601	0.799	0.8007	0.4244
3.600	0.7989	0.8006	0.4244
3.599	0.7988	0.8005	0.4243
3.598	0.7987	0.8004	0.4243
3.597	0.7986	0.8003	0.4243
3.596	0.7986	0.8003	0.4243
3.595	0.7985	0.8002	0.4242
3.594	0.7984	0.8001	0.4242
3.593	0.7982	0.8	0.4242
3.592	0.7982	0.8	0.4242
3.591	0.7981	0.7999	0.4241
3.590	0.798	0.7998	0.4241
3.589	0.7979	0.7997	0.4241
3.588	0.7978	0.7996	0.4241
3.587	0.7978	0.7996	0.424
3.586	0.7977	0.7995	0.424
3.585	0.7977	0.7994	0.424
3.584	0.7976	0.7993	0.424
3.583	0.7975	0.7992	0.4239
3.582	0.7975	0.799	0.4239
3.581	0.7974	0.7989	0.4239
3.580	0.7973	0.7989	0.4239
3.579	0.7972	0.7988	0.4238
3.578	0.7971	0.7988	0.4238
3.577	0.7971	0.7987	0.4238
3.576	0.797	0.7985	0.4238
3.575	0.797	0.7985	0.4238
3.574	0.7969	0.7984	0.4237
3.573	0.7968	0.7983	0.4237
3.572	0.7967	0.7983	0.4237
3.571	0.7967	0.7982	0.4237
3.570	0.7966	0.7981	0.4237
3.569	0.7965	0.798	0.4236
3.568	0.7964	0.7979	0.4236
3.567	0.7964	0.7978	0.4236
3.566	0.7963	0.7978	0.4236
3.565	0.7962	0.7977	0.4236
3.564	0.7962	0.7976	0.4235
3.563	0.7961	0.7974	0.4235
3.562	0.796	0.7973	0.4235
3.561	0.7959	0.7973	0.4235
3.560	0.7957	0.7972	0.4234
3.559	0.7956	0.7972	0.4234
3.558	0.7955	0.7971	0.4234
3.557	0.7955	0.797	0.4234
3.556	0.7954	0.7969	0.4234
3.555	0.7953	0.7968	0.4233
3.554	0.7952	0.7968	0.4233
3.553	0.7952	0.7967	0.4233
3.552	0.7951	0.7966	0.4233
3.551	0.7951	0.7966	0.4232
3.550	0.795	0.7964	0.4232
3.549	0.7949	0.7964	0.4232
3.548	0.7948	0.7963	0.4232
3.547	0.7947	0.7963	0.4232
3.546	0.7946	0.7962	0.4231
3.545	0.7945	0.7961	0.4231
3.544	0.7944	0.796	0.4231
3.543	0.7944	0.796	0.4231
3.542	0.7943	0.7959	0.4231
3.541	0.7942	0.7959	0.423
3.540	0.7942	0.7957	0.423
3.539	0.7941	0.7957	0.423
3.538	0.794	0.7956	0.423
3.537	0.7939	0.7955	0.4229
3.536	0.7938	0.7954	0.4229
3.535	0.7937	0.7953	0.4229
3.534	0.7936	0.7952	0.4229
3.533	0.7935	0.7951	0.4228
3.532	0.7934	0.7951	0.4228
3.531	0.7933	0.795	0.4228
3.530	0.7932	0.7949	0.4228
3.529	0.7931	0.7949	0.4227
3.528	0.793	0.7948	0.4227
3.527	0.7929	0.7947	0.4227
3.526	0.7929	0.7946	0.4227
3.525	0.7928	0.7946	0.4226
3.524	0.7927	0.7945	0.4226
3.523	0.7926	0.7944	0.4226
3.522	0.7925	0.7944	0.4226
3.521	0.7925	0.7943	0.4225
3.520	0.7924	0.7942	0.4225
3.519	0.7923	0.7942	0.4225
3.518	0.7922	0.7941	0.4225
3.517	0.7921	0.794	0.4225
3.516	0.7921	0.7939	0.4224
3.515	0.7919	0.7938	0.4224
3.514	0.7919	0.7937	0.4224
3.513	0.7918	0.7937	0.4224
3.512	0.7917	0.7935	0.4223
3.511	0.7916	0.7935	0.4223
3.510	0.7916	0.7934	0.4223
3.509	0.7915	0.7933	0.4223
3.508	0.7914	0.7932	0.4222
3.507	0.7913	0.7932	0.4222
3.506	0.7912	0.7931	0.4222
3.505	0.7911	0.793	0.4222
3.504	0.7911	0.793	0.4222
3.503	0.791	0.7929	0.4221
3.502	0.7909	0.7929	0.4221
3.501	0.7908	0.7928	0.4221
3.500	0.7908	0.7927	0.4221
3.499	0.7907	0.7926	0.4221
3.498	0.7905	0.7925	0.422
3.497	0.7904	0.7924	0.422
3.496	0.7903	0.7924	0.422
3.495	0.7902	0.7923	0.422
3.494	0.7901	0.7922	0.422
3.493	0.79	0.7921	0.4219
3.492	0.7899	0.792	0.4219
3.491	0.7899	0.7919	0.4219
3.490	0.7898	0.7919	0.4219
3.489	0.7897	0.7918	0.4218
3.488	0.7896	0.7916	0.4218
3.487	0.7895	0.7916	0.4218
3.486	0.7895	0.7915	0.4218
3.485	0.7894	0.7914	0.4218
3.484	0.7893	0.7913	0.4218
3.483	0.7892	0.7912	0.4217
3.482	0.7891	0.7911	0.4217
3.481	0.7891	0.791	0.4217
3.480	0.789	0.7909	0.4216
3.479	0.7889	0.7908	0.4216
3.478	0.7888	0.7907	0.4216
3.477	0.7888	0.7907	0.4216
3.476	0.7887	0.7906	0.4216
3.475	0.7886	0.7905	0.4215
3.474	0.7885	0.7905	0.4215
3.473	0.7884	0.7904	0.4215
3.472	0.7883	0.7904	0.4215
3.471	0.7882	0.7903	0.4214
3.470	0.7881	0.7902	0.4214
3.469	0.788	0.7902	0.4214
3.468	0.788	0.7901	0.4214
3.467	0.7878	0.79	0.4213
3.466	0.7878	0.7899	0.4213
3.465	0.7877	0.7899	0.4213
3.464	0.7875	0.7898	0.4213
3.463	0.7874	0.7897	0.4212
3.462	0.7873	0.7897	0.4212
3.461	0.7872	0.7896	0.4212
3.460	0.7872	0.7895	0.4212
3.459	0.7871	0.7894	0.4211
3.458	0.787	0.7893	0.4211
3.457	0.7869	0.7892	0.4211
3.456	0.7869	0.7891	0.4211
3.455	0.7868	0.789	0.4211
3.454	0.7867	0.7889	0.421
3.453	0.7866	0.7888	0.421
3.452	0.7865	0.7887	0.421
3.451	0.7864	0.7886	0.421
3.450	0.7863	0.7885	0.421
3.449	0.7862	0.7884	0.4209
3.448	0.7861	0.7883	0.4209
3.447	0.7861	0.7882	0.4209
3.446	0.786	0.7882	0.4209
3.445	0.7859	0.7882	0.4208
3.444	0.7858	0.788	0.4208
3.443	0.7857	0.788	0.4208
3.442	0.7857	0.7879	0.4208
3.441	0.7855	0.7877	0.4207
3.440	0.7855	0.7876	0.4207
3.439	0.7854	0.7875	0.4207
3.438	0.7853	0.7875	0.4207
3.437	0.7852	0.7874	0.4207
3.436	0.7851	0.7873	0.4206
3.435	0.785	0.7873	0.4206
3.434	0.7849	0.7872	0.4206
3.433	0.7849	0.7871	0.4205
3.432	0.7848	0.787	0.4205
3.431	0.7846	0.787	0.4205
3.430	0.7846	0.7869	0.4205
3.429	0.7845	0.7868	0.4205
3.428	0.7844	0.7867	0.4204
3.427	0.7843	0.7866	0.4204
3.426	0.7841	0.7866	0.4204
3.425	0.7841	0.7865	0.4204
3.424	0.784	0.7864	0.4203
3.423	0.7838	0.7864	0.4203
3.422	0.7838	0.7862	0.4203
3.421	0.7837	0.7861	0.4203
3.420	0.7836	0.7861	0.4202
3.419	0.7835	0.786	0.4202
3.418	0.7834	0.7858	0.4202
3.417	0.7833	0.7857	0.4202
3.416	0.7832	0.7857	0.4201
3.415	0.7831	0.7856	0.4201
3.414	0.7831	0.7855	0.4201
3.413	0.783	0.7854	0.4201
3.412	0.7829	0.7853	0.42
3.411	0.7828	0.7852	0.42
3.410	0.7828	0.7851	0.42
3.409	0.7827	0.785	0.42
3.408	0.7827	0.7849	0.4199
3.407	0.7826	0.7848	0.4199
3.406	0.7825	0.7848	0.4199
3.405	0.7824	0.7847	0.4199
3.404	0.7823	0.7846	0.4199
3.403	0.7822	0.7845	0.4198
3.402	0.7821	0.7844	0.4198
3.401	0.782	0.7843	0.4198
3.400	0.782	0.7842	0.4198
3.399	0.7819	0.7842	0.4198
3.398	0.7819	0.7841	0.4197
3.397	0.7818	0.784	0.4197
3.396	0.7816	0.784	0.4197
3.395	0.7816	0.7839	0.4197
3.394	0.7815	0.7839	0.4197
3.393	0.7814	0.7838	0.4196
3.392	0.7813	0.7837	0.4196
3.391	0.7812	0.7836	0.4196
3.390	0.7811	0.7835	0.4196
3.389	0.781	0.7835	0.4196
3.388	0.7809	0.7834	0.4195
3.387	0.7808	0.7833	0.4195
3.386	0.7807	0.7832	0.4195
3.385	0.7806	0.7831	0.4195
3.384	0.7805	0.783	0.4194
3.383	0.7804	0.783	0.4194
3.382	0.7803	0.7829	0.4194
3.381	0.7802	0.7828	0.4194
3.380	0.7801	0.7827	0.4193
3.379	0.78	0.7827	0.4193
3.378	0.7799	0.7825	0.4193
3.377	0.7798	0.7825	0.4193
3.376	0.7797	0.7824	0.4192
3.375	0.7796	0.7823	0.4192
3.374	0.7796	0.7822	0.4192
3.373	0.7795	0.7821	0.4192
3.372	0.7795	0.7821	0.4191
3.371	0.7794	0.782	0.4191
3.370	0.7793	0.7819	0.4191
3.369	0.7792	0.7818	0.419
3.368	0.779	0.7817	0.419
3.367	0.779	0.7816	0.419
3.366	0.7789	0.7816	0.4189
3.365	0.7788	0.7815	0.4189
3.364	0.7788	0.7815	0.4189
3.363	0.7787	0.7814	0.4189
3.362	0.7787	0.7813	0.4188
3.361	0.7786	0.7812	0.4188
3.360	0.7785	0.7811	0.4188
3.359	0.7784	0.781	0.4188
3.358	0.7783	0.7809	0.4187
3.357	0.7783	0.7808	0.4187
3.356	0.7782	0.7808	0.4187
3.355	0.7781	0.7806	0.4187
3.354	0.778	0.7806	0.4187
3.353	0.7779	0.7805	0.4186
3.352	0.7778	0.7804	0.4186
3.351	0.7777	0.7803	0.4186
3.350	0.7776	0.7802	0.4186
3.349	0.7776	0.7801	0.4185
3.348	0.7775	0.78	0.4185
3.347	0.7774	0.78	0.4185
3.346	0.7773	0.7799	0.4185
3.345	0.7772	0.7798	0.4185
3.344	0.7772	0.7797	0.4184
3.343	0.7771	0.7796	0.4184
3.342	0.777	0.7795	0.4184
3.341	0.7769	0.7795	0.4184
3.340	0.7768	0.7794	0.4183
3.339	0.7768	0.7793	0.4183
3.338	0.7767	0.7792	0.4183
3.337	0.7766	0.7791	0.4183
3.336	0.7765	0.779	0.4182
3.335	0.7765	0.7789	0.4182
3.334	0.7764	0.7788	0.4182
3.333	0.7763	0.7787	0.4182
3.332	0.7762	0.7786	0.4182
3.331	0.7761	0.7785	0.4181
3.330	0.776	0.7784	0.4181
3.329	0.7759	0.7784	0.4181
3.328	0.7759	0.7783	0.4181
3.327	0.7758	0.7782	0.418
3.326	0.7758	0.7781	0.418
3.325	0.7757	0.778	0.418
3.324	0.7756	0.778	0.418
3.323	0.7755	0.7779	0.4179
3.322	0.7754	0.7777	0.4179
3.321	0.7753	0.7776	0.4179
3.320	0.7753	0.7776	0.4179
3.319	0.7752	0.7774	0.4179
3.318	0.7751	0.7773	0.4178
3.317	0.775	0.7773	0.4178
3.316	0.7749	0.7772	0.4178
3.315	0.7748	0.7771	0.4178
3.314	0.7747	0.7771	0.4177
3.313	0.7747	0.777	0.4177
3.312	0.7746	0.7769	0.4177
3.311	0.7744	0.7768	0.4177
3.310	0.7744	0.7768	0.4176
3.309	0.7743	0.7767	0.4176
3.308	0.7742	0.7766	0.4176
3.307	0.7741	0.7765	0.4176
3.306	0.774	0.7764	0.4175
3.305	0.774	0.7763	0.4175
3.304	0.7739	0.7763	0.4175
3.303	0.7738	0.7762	0.4174
3.302	0.7738	0.776	0.4174
3.301	0.7737	0.7759	0.4174
3.300	0.7736	0.7759	0.4174
3.299	0.7735	0.7757	0.4173
3.298	0.7733	0.7757	0.4173
3.297	0.7732	0.7756	0.4173
3.296	0.7731	0.7755	0.4173
3.295	0.7731	0.7754	0.4173
3.294	0.773	0.7753	0.4172
3.293	0.7729	0.7752	0.4172
3.292	0.7729	0.7751	0.4172
3.291	0.7728	0.775	0.4172
3.290	0.7727	0.7749	0.4171
3.289	0.7726	0.7749	0.4171
3.288	0.7725	0.7748	0.4171
3.287	0.7724	0.7747	0.417
3.286	0.7723	0.7746	0.417
3.285	0.7722	0.7745	0.417
3.284	0.772	0.7744	0.417
3.283	0.7719	0.7743	0.417
3.282	0.7719	0.7743	0.4169
3.281	0.7718	0.7742	0.4169
3.280	0.7717	0.7741	0.4169
3.279	0.7716	0.774	0.4169
3.278	0.7715	0.7739	0.4168
3.277	0.7714	0.7738	0.4168
3.276	0.7713	0.7736	0.4168
3.275	0.7712	0.7735	0.4168
3.274	0.7712	0.7734	0.4168
3.273	0.7711	0.7733	0.4167
3.272	0.771	0.7732	0.4167
3.271	0.771	0.7731	0.4167
3.270	0.7709	0.773	0.4167
3.269	0.7708	0.7729	0.4166
3.268	0.7707	0.7729	0.4166
3.267	0.7707	0.7728	0.4166
3.266	0.7706	0.7727	0.4166
3.265	0.7705	0.7727	0.4165
3.264	0.7705	0.7726	0.4165
3.263	0.7704	0.7725	0.4165
3.262	0.7702	0.7724	0.4165
3.261	0.7701	0.7723	0.4165
3.260	0.77	0.7722	0.4164
3.259	0.77	0.7721	0.4164
3.258	0.7699	0.772	0.4164
3.257	0.7697	0.7719	0.4164
3.256	0.7697	0.7717	0.4164
3.255	0.7696	0.7716	0.4163
3.254	0.7695	0.7715	0.4163
3.253	0.7695	0.7714	0.4163
3.252	0.7694	0.7714	0.4163
3.251	0.7692	0.7713	0.4162
3.250	0.7692	0.7711	0.4162
3.249	0.7691	0.7711	0.4162
3.248	0.769	0.771	0.4162
3.247	0.7689	0.7709	0.4162
3.246	0.7688	0.7708	0.4161
3.245	0.7687	0.7707	0.4161
3.244	0.7686	0.7706	0.4161
3.243	0.7685	0.7705	0.4161
3.242	0.7684	0.7704	0.416
3.241	0.7682	0.7703	0.416
3.240	0.7681	0.7703	0.416
3.239	0.768	0.7702	0.416
3.238	0.7679	0.7701	0.4159
3.237	0.7678	0.77	0.4159
3.236	0.7677	0.7699	0.4159
3.235	0.7676	0.7698	0.4159
3.234	0.7675	0.7697	0.4158
3.233	0.7675	0.7696	0.4158
3.232	0.7674	0.7696	0.4158
3.231	0.7673	0.7695	0.4158
3.230	0.7672	0.7694	0.4157
3.229	0.7671	0.7693	0.4157
3.228	0.767	0.7693	0.4157
3.227	0.7669	0.7692	0.4157
3.226	0.7667	0.7691	0.4156
3.225	0.7667	0.769	0.4156
3.224	0.7666	0.7688	0.4156
3.223	0.7665	0.7688	0.4156
3.222	0.7664	0.7686	0.4156
3.221	0.7663	0.7686	0.4155
3.220	0.7662	0.7685	0.4155
3.219	0.7661	0.7685	0.4155
3.218	0.766	0.7684	0.4155
3.217	0.766	0.7683	0.4154
3.216	0.7659	0.7682	0.4154
3.215	0.7658	0.7681	0.4154
3.214	0.7656	0.768	0.4154
3.213	0.7655	0.7679	0.4153
3.212	0.7655	0.7678	0.4153
3.211	0.7654	0.7678	0.4153
3.210	0.7653	0.7676	0.4153
3.209	0.7652	0.7675	0.4152
3.208	0.7652	0.7674	0.4152
3.207	0.765	0.7673	0.4152
3.206	0.7649	0.7672	0.4152
3.205	0.7649	0.7671	0.4151
3.204	0.7647	0.7671	0.4151
3.203	0.7647	0.767	0.4151
3.202	0.7645	0.7669	0.4151
3.201	0.7644	0.7668	0.415
3.200	0.7643	0.7668	0.415
3.199	0.7641	0.7667	0.415
3.198	0.764	0.7666	0.415
3.197	0.7639	0.7666	0.4149
3.196	0.7639	0.7665	0.4149
3.195	0.7637	0.7664	0.4149
3.194	0.7636	0.7663	0.4149
3.193	0.7635	0.7662	0.4148
3.192	0.7634	0.7662	0.4148
3.191	0.7634	0.7661	0.4148
3.190	0.7632	0.766	0.4148
3.189	0.7632	0.7659	0.4148
3.188	0.7631	0.7658	0.4147
3.187	0.763	0.7657	0.4147
3.186	0.7629	0.7656	0.4147
3.185	0.7628	0.7655	0.4147
3.184	0.7628	0.7654	0.4146
3.183	0.7627	0.7653	0.4146
3.182	0.7626	0.7652	0.4146
3.181	0.7625	0.7652	0.4146
3.180	0.7624	0.765	0.4145
3.179	0.7623	0.7649	0.4145
3.178	0.7622	0.7648	0.4145
3.177	0.7622	0.7648	0.4145
3.176	0.7621	0.7646	0.4144
3.175	0.762	0.7646	0.4144
3.174	0.7619	0.7645	0.4144
3.173	0.7618	0.7644	0.4144
3.172	0.7617	0.7642	0.4143
3.171	0.7617	0.7642	0.4143
3.170	0.7616	0.7641	0.4143
3.169	0.7615	0.764	0.4142
3.168	0.7615	0.7639	0.4142
3.167	0.7614	0.7638	0.4142
3.166	0.7613	0.7637	0.4142
3.165	0.7612	0.7636	0.4141
3.164	0.7611	0.7635	0.4141
3.163	0.761	0.7634	0.4141
3.162	0.7609	0.7634	0.4141
3.161	0.7609	0.7633	0.4141
3.160	0.7608	0.7632	0.414
3.159	0.7606	0.7631	0.414
3.158	0.7605	0.763	0.414
3.157	0.7604	0.763	0.4139
3.156	0.7603	0.7629	0.4139
3.155	0.7602	0.7628	0.4139
3.154	0.7601	0.7627	0.4139
3.153	0.7601	0.7626	0.4139
3.152	0.76	0.7625	0.4138
3.151	0.7599	0.7624	0.4138
3.150	0.7598	0.7624	0.4138
3.149	0.7597	0.7622	0.4138
3.148	0.7596	0.7621	0.4138
3.147	0.7595	0.762	0.4138
3.146	0.7594	0.7619	0.4137
3.145	0.7593	0.7618	0.4137
3.144	0.7592	0.7617	0.4137
3.143	0.7591	0.7616	0.4137
3.142	0.7589	0.7616	0.4137
3.141	0.7588	0.7615	0.4136
3.140	0.7587	0.7614	0.4136
3.139	0.7586	0.7613	0.4136
3.138	0.7585	0.7612	0.4136
3.137	0.7585	0.7611	0.4135
3.136	0.7583	0.761	0.4135
3.135	0.7582	0.7609	0.4135
3.134	0.7581	0.7608	0.4135
3.133	0.758	0.7607	0.4134
3.132	0.758	0.7606	0.4134
3.131	0.7578	0.7605	0.4134
3.130	0.7577	0.7604	0.4134
3.129	0.7576	0.7603	0.4134
3.128	0.7575	0.7602	0.4133
3.127	0.7574	0.7601	0.4133
3.126	0.7573	0.7601	0.4133
3.125	0.7572	0.76	0.4133
3.124	0.7571	0.7599	0.4132
3.123	0.7571	0.7598	0.4132
3.122	0.757	0.7597	0.4132
3.121	0.7568	0.7596	0.4132
3.120	0.7567	0.7595	0.4131
3.119	0.7567	0.7594	0.4131
3.118	0.7566	0.7593	0.4131
3.117	0.7565	0.7593	0.4131
3.116	0.7563	0.7592	0.413
3.115	0.7563	0.7591	0.413
3.114	0.7562	0.759	0.413
3.113	0.7561	0.759	0.413
3.112	0.756	0.7589	0.413
3.111	0.756	0.7587	0.4129
3.110	0.7558	0.7586	0.4129
3.109	0.7557	0.7585	0.4129
3.108	0.7556	0.7584	0.4129
3.107	0.7555	0.7584	0.4129
3.106	0.7555	0.7583	0.4128
3.105	0.7553	0.7581	0.4128
3.104	0.7553	0.758	0.4128
3.103	0.7551	0.7579	0.4127
3.102	0.7551	0.7578	0.4127
3.101	0.7549	0.7577	0.4127
3.100	0.7548	0.7576	0.4127
3.099	0.7547	0.7575	0.4126
3.098	0.7546	0.7574	0.4126
3.097	0.7545	0.7573	0.4126
3.096	0.7544	0.7573	0.4126
3.095	0.7543	0.7572	0.4126
3.094	0.7542	0.7571	0.4125
3.093	0.7541	0.757	0.4125
3.092	0.754	0.7569	0.4125
3.091	0.7539	0.7568	0.4124
3.090	0.7538	0.7567	0.4124
3.089	0.7538	0.7566	0.4124
3.088	0.7537	0.7565	0.4124
3.087	0.7536	0.7564	0.4124
3.086	0.7535	0.7563	0.4123
3.085	0.7534	0.7562	0.4123
3.084	0.7533	0.7561	0.4123
3.083	0.7532	0.756	0.4123
3.082	0.7531	0.7559	0.4122
3.081	0.753	0.7558	0.4122
3.080	0.7529	0.7557	0.4122
3.079	0.7528	0.7556	0.4122
3.078	0.7528	0.7555	0.4122
3.077	0.7527	0.7554	0.4121
3.076	0.7526	0.7553	0.4121
3.075	0.7525	0.7552	0.4121
3.074	0.7524	0.7551	0.4121
3.073	0.7523	0.755	0.412
3.072	0.7522	0.7549	0.412
3.071	0.7521	0.7549	0.412
3.070	0.752	0.7548	0.412
3.069	0.7519	0.7547	0.4119
3.068	0.7518	0.7546	0.4119
3.067	0.7518	0.7545	0.4119
3.066	0.7517	0.7544	0.4119
3.065	0.7516	0.7543	0.4119
3.064	0.7515	0.7543	0.4118
3.063	0.7514	0.7542	0.4118
3.062	0.7513	0.754	0.4118
3.061	0.7511	0.7539	0.4118
3.060	0.751	0.7539	0.4118
3.059	0.7509	0.7537	0.4117
3.058	0.7508	0.7536	0.4117
3.057	0.7507	0.7535	0.4117
3.056	0.7507	0.7534	0.4117
3.055	0.7505	0.7533	0.4117
3.054	0.7504	0.7532	0.4116
3.053	0.7503	0.753	0.4116
3.052	0.7502	0.753	0.4116
3.051	0.7501	0.7529	0.4116
3.050	0.75	0.7528	0.4116
3.049	0.7498	0.7527	0.4115
3.048	0.7497	0.7526	0.4115
3.047	0.7496	0.7525	0.4115
3.046	0.7495	0.7523	0.4114
3.045	0.7494	0.7522	0.4114
3.044	0.7493	0.7521	0.4114
3.043	0.7492	0.752	0.4113
3.042	0.7492	0.752	0.4113
3.041	0.749	0.7518	0.4113
3.040	0.7489	0.7517	0.4113
3.039	0.7488	0.7516	0.4113
3.038	0.7488	0.7516	0.4112
3.037	0.7486	0.7515	0.4112
3.036	0.7485	0.7514	0.4112
3.035	0.7485	0.7513	0.4112
3.034	0.7484	0.7511	0.4112
3.033	0.7482	0.751	0.4111
3.032	0.7482	0.7509	0.4111
3.031	0.7481	0.7509	0.4111
3.030	0.748	0.7508	0.4111
3.029	0.748	0.7507	0.411
3.028	0.7478	0.7506	0.411
3.027	0.7477	0.7505	0.411
3.026	0.7477	0.7504	0.411
3.025	0.7476	0.7503	0.4109
3.024	0.7475	0.7502	0.4109
3.023	0.7474	0.7501	0.4109
3.022	0.7472	0.75	0.4109
3.021	0.7472	0.7499	0.4108
3.020	0.7471	0.7498	0.4108
3.019	0.7469	0.7497	0.4108
3.018	0.7469	0.7497	0.4108
3.017	0.7468	0.7496	0.4108
3.016	0.7466	0.7495	0.4107
3.015	0.7465	0.7494	0.4107
3.014	0.7464	0.7493	0.4107
3.013	0.7463	0.7492	0.4107
3.012	0.7462	0.7491	0.4106
3.011	0.7461	0.749	0.4106
3.010	0.746	0.7489	0.4106
3.009	0.7459	0.7488	0.4105
3.008	0.7458	0.7487	0.4105
3.007	0.7458	0.7486	0.4105
3.006	0.7456	0.7484	0.4105
3.005	0.7456	0.7483	0.4105
3.004	0.7455	0.7482	0.4104
3.003	0.7454	0.7481	0.4104
3.002	0.7452	0.748	0.4103
3.001	0.7452	0.748	0.4103
3.000	0.7451	0.7478	0.4103
2.999	0.745	0.7477	0.4103
2.998	0.7449	0.7476	0.4103
2.997	0.7448	0.7475	0.4102
2.996	0.7448	0.7474	0.4102
2.995	0.7447	0.7473	0.4102
2.994	0.7446	0.7472	0.4102
2.993	0.7446	0.7471	0.4102
2.992	0.7445	0.7469	0.4101
2.991	0.7444	0.7468	0.4101
2.990	0.7443	0.7467	0.4101
2.989	0.7442	0.7466	0.4101
2.988	0.7441	0.7466	0.41
2.987	0.744	0.7464	0.41
2.986	0.7439	0.7463	0.41
2.985	0.7438	0.7463	0.4099
2.984	0.7437	0.7462	0.4099
2.983	0.7436	0.7461	0.4099
2.982	0.7435	0.7459	0.4099
2.981	0.7434	0.7459	0.4098
2.980	0.7433	0.7458	0.4098
2.979	0.7432	0.7458	0.4098
2.978	0.7432	0.7456	0.4098
2.977	0.7431	0.7455	0.4097
2.976	0.743	0.7454	0.4097
2.975	0.743	0.7453	0.4097
2.974	0.7429	0.7453	0.4097
2.973	0.7428	0.7452	0.4096
2.972	0.7427	0.7451	0.4096
2.971	0.7426	0.745	0.4096
2.970	0.7425	0.7449	0.4096
2.969	0.7424	0.7449	0.4095
2.968	0.7424	0.7448	0.4095
2.967	0.7422	0.7447	0.4095
2.966	0.7421	0.7446	0.4094
2.965	0.7419	0.7445	0.4094
2.964	0.7418	0.7444	0.4094
2.963	0.7417	0.7443	0.4094
2.962	0.7416	0.7442	0.4093
2.961	0.7415	0.7441	0.4093
2.960	0.7414	0.7441	0.4093
2.959	0.7414	0.744	0.4093
2.958	0.7413	0.7439	0.4092
2.957	0.7412	0.7438	0.4092
2.956	0.7411	0.7436	0.4092
2.955	0.741	0.7435	0.4092
2.954	0.7409	0.7434	0.4091
2.953	0.7407	0.7433	0.4091
2.952	0.7406	0.7432	0.4091
2.951	0.7405	0.7431	0.409
2.950	0.7404	0.743	0.409
2.949	0.7403	0.7429	0.409
2.948	0.7402	0.7428	0.409
2.947	0.7401	0.7428	0.4089
2.946	0.7401	0.7427	0.4089
2.945	0.74	0.7425	0.4089
2.944	0.7398	0.7424	0.4089
2.943	0.7397	0.7423	0.4088
2.942	0.7396	0.7422	0.4088
2.941	0.7396	0.7421	0.4088
2.940	0.7395	0.742	0.4087
2.939	0.7394	0.7419	0.4087
2.938	0.7393	0.7417	0.4087
2.937	0.7392	0.7416	0.4087
2.936	0.7391	0.7415	0.4086
2.935	0.739	0.7415	0.4086
2.934	0.7389	0.7413	0.4086
2.933	0.7388	0.7412	0.4086
2.932	0.7387	0.7412	0.4086
2.931	0.7386	0.741	0.4085
2.930	0.7385	0.741	0.4085
2.929	0.7384	0.7408	0.4085
2.928	0.7383	0.7408	0.4085
2.927	0.7383	0.7406	0.4084
2.926	0.7382	0.7405	0.4084
2.925	0.7381	0.7404	0.4084
2.924	0.738	0.7402	0.4084
2.923	0.7379	0.7401	0.4083
2.922	0.7378	0.74	0.4083
2.921	0.7377	0.7399	0.4083
2.920	0.7376	0.7398	0.4082
2.919	0.7375	0.7397	0.4082
2.918	0.7375	0.7395	0.4082
2.917	0.7373	0.7394	0.4082
2.916	0.7372	0.7393	0.4082
2.915	0.7371	0.7392	0.4081
2.914	0.7371	0.7391	0.4081
2.913	0.7369	0.739	0.4081
2.912	0.7368	0.7389	0.4081
2.911	0.7366	0.7389	0.4081
2.910	0.7366	0.7388	0.408
2.909	0.7364	0.7387	0.408
2.908	0.7363	0.7386	0.408
2.907	0.7361	0.7385	0.4079
2.906	0.736	0.7384	0.4079
2.905	0.736	0.7383	0.4079
2.904	0.7359	0.7383	0.4078
2.903	0.7358	0.7382	0.4078
2.902	0.7356	0.7381	0.4078
2.901	0.7355	0.7379	0.4078
2.900	0.7354	0.7378	0.4078
2.899	0.7354	0.7378	0.4077
2.898	0.7352	0.7377	0.4077
2.897	0.7351	0.7376	0.4077
2.896	0.735	0.7375	0.4077
2.895	0.7349	0.7374	0.4076
2.894	0.7348	0.7373	0.4076
2.893	0.7348	0.7372	0.4076
2.892	0.7347	0.7371	0.4076
2.891	0.7346	0.737	0.4075
2.890	0.7345	0.7368	0.4075
2.889	0.7344	0.7367	0.4075
2.888	0.7343	0.7366	0.4075
2.887	0.7342	0.7366	0.4075
2.886	0.7341	0.7365	0.4074
2.885	0.734	0.7364	0.4074
2.884	0.7339	0.7363	0.4074
2.883	0.7338	0.7361	0.4073
2.882	0.7337	0.736	0.4073
2.881	0.7336	0.7359	0.4073
2.880	0.7335	0.7358	0.4073
2.879	0.7334	0.7357	0.4073
2.878	0.7333	0.7356	0.4072
2.877	0.7332	0.7355	0.4072
2.876	0.7331	0.7353	0.4072
2.875	0.733	0.7352	0.4071
2.874	0.7329	0.7351	0.4071
2.873	0.7328	0.735	0.4071
2.872	0.7328	0.7349	0.4071
2.871	0.7326	0.7348	0.407
2.870	0.7325	0.7348	0.407
2.869	0.7324	0.7347	0.407
2.868	0.7324	0.7346	0.407
2.867	0.7322	0.7345	0.4069
2.866	0.7322	0.7344	0.4069
2.865	0.7321	0.7343	0.4069
2.864	0.732	0.7342	0.4069
2.863	0.7319	0.7341	0.4068
2.862	0.7318	0.734	0.4068
2.861	0.7317	0.7339	0.4068
2.860	0.7316	0.7338	0.4067
2.859	0.7315	0.7337	0.4067
2.858	0.7314	0.7335	0.4067
2.857	0.7313	0.7335	0.4067
2.856	0.7312	0.7334	0.4066
2.855	0.7311	0.7333	0.4066
2.854	0.731	0.7332	0.4066
2.853	0.7309	0.7332	0.4066
2.852	0.7308	0.7331	0.4066
2.851	0.7307	0.733	0.4065
2.850	0.7307	0.7329	0.4065
2.849	0.7306	0.7329	0.4065
2.848	0.7305	0.7328	0.4065
2.847	0.7304	0.7327	0.4064
2.846	0.7303	0.7326	0.4064
2.845	0.7302	0.7325	0.4064
2.844	0.7301	0.7324	0.4064
2.843	0.73	0.7324	0.4063
2.842	0.7299	0.7323	0.4063
2.841	0.7299	0.7322	0.4063
2.840	0.7298	0.7322	0.4063
2.839	0.7296	0.732	0.4062
2.838	0.7295	0.7319	0.4062
2.837	0.7294	0.7319	0.4062
2.836	0.7293	0.7317	0.4062
2.835	0.7292	0.7317	0.4061
2.834	0.7291	0.7316	0.4061
2.833	0.729	0.7315	0.4061
2.832	0.7289	0.7314	0.406
2.831	0.7289	0.7312	0.406
2.830	0.7287	0.7312	0.406
2.829	0.7287	0.7311	0.406
2.828	0.7286	0.731	0.4059
2.827	0.7285	0.7309	0.4059
2.826	0.7284	0.7308	0.4059
2.825	0.7283	0.7307	0.4059
2.824	0.7282	0.7307	0.4058
2.823	0.7281	0.7305	0.4058
2.822	0.728	0.7305	0.4058
2.821	0.7279	0.7303	0.4058
2.820	0.7278	0.7302	0.4057
2.819	0.7277	0.73	0.4057
2.818	0.7276	0.7299	0.4057
2.817	0.7275	0.7298	0.4057
2.816	0.7274	0.7297	0.4057
2.815	0.7273	0.7296	0.4056
2.814	0.7271	0.7295	0.4056
2.813	0.7271	0.7294	0.4056
2.812	0.727	0.7292	0.4056
2.811	0.7268	0.7291	0.4055
2.810	0.7267	0.729	0.4055
2.809	0.7266	0.7289	0.4055
2.808	0.7265	0.7288	0.4054
2.807	0.7264	0.7287	0.4054
2.806	0.7263	0.7286	0.4054
2.805	0.7262	0.7285	0.4054
2.804	0.7261	0.7284	0.4053
2.803	0.7261	0.7282	0.4053
2.802	0.7259	0.7281	0.4053
2.801	0.7258	0.7281	0.4053
2.800	0.7257	0.728	0.4052
2.799	0.7256	0.7278	0.4052
2.798	0.7255	0.7278	0.4052
2.797	0.7254	0.7277	0.4052
2.796	0.7252	0.7276	0.4051
2.795	0.7252	0.7275	0.4051
2.794	0.7251	0.7274	0.4051
2.793	0.725	0.7273	0.405
2.792	0.7248	0.7272	0.405
2.791	0.7247	0.7271	0.405
2.790	0.7246	0.7269	0.4049
2.789	0.7245	0.7268	0.4049
2.788	0.7244	0.7267	0.4049
2.787	0.7242	0.7266	0.4049
2.786	0.7241	0.7266	0.4048
2.785	0.724	0.7264	0.4048
2.784	0.7238	0.7263	0.4048
2.783	0.7237	0.7262	0.4048
2.782	0.7236	0.7261	0.4047
2.781	0.7235	0.726	0.4047
2.780	0.7234	0.7259	0.4047
2.779	0.7233	0.7258	0.4046
2.778	0.7232	0.7257	0.4046
2.777	0.7231	0.7255	0.4046
2.776	0.723	0.7254	0.4046
2.775	0.7229	0.7253	0.4045
2.774	0.7228	0.7252	0.4045
2.773	0.7226	0.725	0.4045
2.772	0.7225	0.7249	0.4045
2.771	0.7224	0.7249	0.4044
2.770	0.7223	0.7248	0.4044
2.769	0.7221	0.7247	0.4044
2.768	0.7221	0.7246	0.4044
2.767	0.7219	0.7246	0.4043
2.766	0.7218	0.7245	0.4043
2.765	0.7217	0.7244	0.4043
2.764	0.7216	0.7243	0.4042
2.763	0.7215	0.7242	0.4042
2.762	0.7214	0.7241	0.4042
2.761	0.7212	0.724	0.4042
2.760	0.7211	0.7239	0.4042
2.759	0.721	0.7238	0.4041
2.758	0.7209	0.7236	0.4041
2.757	0.7208	0.7235	0.4041
2.756	0.7207	0.7234	0.404
2.755	0.7206	0.7233	0.404
2.754	0.7205	0.7232	0.404
2.753	0.7203	0.7231	0.404
2.752	0.7202	0.723	0.4039
2.751	0.7202	0.7229	0.4039
2.750	0.7201	0.7227	0.4039
2.749	0.72	0.7226	0.4039
2.748	0.7198	0.7225	0.4038
2.747	0.7197	0.7224	0.4038
2.746	0.7196	0.7223	0.4038
2.745	0.7195	0.7222	0.4038
2.744	0.7194	0.7221	0.4038
2.743	0.7193	0.722	0.4037
2.742	0.7192	0.7219	0.4037
2.741	0.719	0.7218	0.4037
2.740	0.7189	0.7217	0.4037
2.739	0.7188	0.7215	0.4037
2.738	0.7186	0.7214	0.4036
2.737	0.7186	0.7213	0.4036
2.736	0.7185	0.7212	0.4036
2.735	0.7184	0.7211	0.4036
2.734	0.7183	0.7209	0.4035
2.733	0.7182	0.7208	0.4035
2.732	0.7181	0.7207	0.4035
2.731	0.718	0.7206	0.4035
2.730	0.7179	0.7204	0.4034
2.729	0.7178	0.7203	0.4034
2.728	0.7177	0.7202	0.4034
2.727	0.7176	0.7201	0.4033
2.726	0.7175	0.72	0.4033
2.725	0.7174	0.7199	0.4033
2.724	0.7173	0.7198	0.4032
2.723	0.7172	0.7197	0.4032
2.722	0.7171	0.7195	0.4032
2.721	0.717	0.7195	0.4032
2.720	0.7169	0.7193	0.4031
2.719	0.7168	0.7193	0.4031
2.718	0.7167	0.7192	0.4031
2.717	0.7166	0.7191	0.4031
2.716	0.7165	0.7189	0.4031
2.715	0.7164	0.7188	0.403
2.714	0.7163	0.7186	0.403
2.713	0.7162	0.7185	0.403
2.712	0.7161	0.7184	0.403
2.711	0.716	0.7183	0.4029
2.710	0.716	0.7182	0.4029
2.709	0.7158	0.7181	0.4029
2.708	0.7157	0.7181	0.4029
2.707	0.7156	0.718	0.4028
2.706	0.7155	0.7179	0.4028
2.705	0.7154	0.7178	0.4028
2.704	0.7153	0.7177	0.4028
2.703	0.7152	0.7177	0.4027
2.702	0.7151	0.7175	0.4027
2.701	0.715	0.7175	0.4027
2.700	0.7149	0.7173	0.4027
2.699	0.7148	0.7173	0.4027
2.698	0.7147	0.7172	0.4026
2.697	0.7146	0.7171	0.4026
2.696	0.7145	0.717	0.4026
2.695	0.7143	0.7169	0.4026
2.694	0.7142	0.7169	0.4025
2.693	0.7141	0.7168	0.4025
2.692	0.714	0.7167	0.4025
2.691	0.7139	0.7166	0.4025
2.690	0.7137	0.7165	0.4024
2.689	0.7136	0.7164	0.4024
2.688	0.7136	0.7163	0.4024
2.687	0.7134	0.7162	0.4024
2.686	0.7134	0.7161	0.4023
2.685	0.7133	0.7159	0.4023
2.684	0.7132	0.7159	0.4023
2.683	0.7131	0.7157	0.4022
2.682	0.713	0.7157	0.4022
2.681	0.7128	0.7155	0.4022
2.680	0.7127	0.7154	0.4022
2.679	0.7127	0.7153	0.4021
2.678	0.7126	0.7152	0.4021
2.677	0.7125	0.7151	0.4021
2.676	0.7124	0.715	0.402
2.675	0.7123	0.715	0.402
2.674	0.7122	0.7148	0.402
2.673	0.7121	0.7147	0.4019
2.672	0.712	0.7146	0.4019
2.671	0.7119	0.7145	0.4019
2.670	0.7119	0.7144	0.4019
2.669	0.7117	0.7143	0.4018
2.668	0.7116	0.7141	0.4018
2.667	0.7115	0.714	0.4018
2.666	0.7114	0.7139	0.4018
2.665	0.7113	0.7138	0.4018
2.664	0.7112	0.7136	0.4017
2.663	0.7111	0.7135	0.4017
2.662	0.7109	0.7134	0.4017
2.661	0.7109	0.7133	0.4016
2.660	0.7107	0.7132	0.4016
2.659	0.7106	0.7131	0.4016
2.658	0.7105	0.713	0.4015
2.657	0.7105	0.7129	0.4015
2.656	0.7103	0.7128	0.4015
2.655	0.7102	0.7127	0.4014
2.654	0.7101	0.7126	0.4014
2.653	0.71	0.7125	0.4014
2.652	0.7099	0.7123	0.4014
2.651	0.7098	0.7122	0.4013
2.650	0.7098	0.7122	0.4013
2.649	0.7096	0.712	0.4013
2.648	0.7095	0.712	0.4012
2.647	0.7094	0.7119	0.4012
2.646	0.7093	0.7118	0.4012
2.645	0.7092	0.7116	0.4012
2.644	0.7091	0.7115	0.4012
2.643	0.709	0.7115	0.4011
2.642	0.7089	0.7114	0.4011
2.641	0.7088	0.7113	0.4011
2.640	0.7087	0.7112	0.4011
2.639	0.7086	0.711	0.401
2.638	0.7085	0.711	0.401
2.637	0.7084	0.7109	0.401
2.636	0.7083	0.7107	0.4009
2.635	0.7082	0.7107	0.4009
2.634	0.7082	0.7106	0.4009
2.633	0.7081	0.7105	0.4009
2.632	0.708	0.7104	0.4008
2.631	0.7078	0.7103	0.4008
2.630	0.7077	0.7102	0.4008
2.629	0.7076	0.7101	0.4008
2.628	0.7076	0.71	0.4007
2.627	0.7075	0.7099	0.4007
2.626	0.7074	0.7098	0.4007
2.625	0.7073	0.7097	0.4006
2.624	0.7072	0.7096	0.4006
2.623	0.7071	0.7095	0.4006
2.622	0.707	0.7094	0.4006
2.621	0.7069	0.7092	0.4005
2.620	0.7068	0.7091	0.4005
2.619	0.7067	0.709	0.4005
2.618	0.7066	0.7089	0.4004
2.617	0.7065	0.7088	0.4004
2.616	0.7063	0.7087	0.4004
2.615	0.7063	0.7086	0.4004
2.614	0.7062	0.7085	0.4004
2.613	0.7061	0.7084	0.4003
2.612	0.706	0.7083	0.4003
2.611	0.7059	0.7082	0.4003
2.610	0.7058	0.7081	0.4002
2.609	0.7057	0.708	0.4002
2.608	0.7055	0.7079	0.4002
2.607	0.7055	0.7078	0.4001
2.606	0.7053	0.7077	0.4001
2.605	0.7053	0.7076	0.4001
2.604	0.7052	0.7075	0.4001
2.603	0.7051	0.7074	0.4001
2.602	0.7051	0.7073	0.4
2.601	0.705	0.7072	0.4
2.600	0.7048	0.7071	0.4
2.599	0.7047	0.707	0.4
2.598	0.7047	0.7069	0.4
2.597	0.7046	0.7068	0.3999
2.596	0.7045	0.7066	0.3999
2.595	0.7044	0.7065	0.3999
2.594	0.7044	0.7064	0.3999
2.593	0.7043	0.7063	0.3998
2.592	0.7042	0.7062	0.3998
2.591	0.704	0.7061	0.3998
2.590	0.704	0.7061	0.3997
2.589	0.7039	0.706	0.3997
2.588	0.7038	0.7059	0.3997
2.587	0.7036	0.7058	0.3997
2.586	0.7035	0.7057	0.3996
2.585	0.7034	0.7055	0.3996
2.584	0.7033	0.7054	0.3996
2.583	0.7033	0.7053	0.3995
2.582	0.7031	0.7052	0.3995
2.581	0.7031	0.7051	0.3995
2.580	0.703	0.7051	0.3995
2.579	0.7029	0.705	0.3995
2.578	0.7028	0.7049	0.3994
2.577	0.7027	0.7047	0.3994
2.576	0.7026	0.7046	0.3994
2.575	0.7025	0.7045	0.3993
2.574	0.7024	0.7044	0.3993
2.573	0.7023	0.7043	0.3993
2.572	0.7022	0.7042	0.3992
2.571	0.7021	0.7042	0.3992
2.570	0.702	0.704	0.3992
2.569	0.7019	0.7039	0.3992
2.568	0.7018	0.7039	0.3991
2.567	0.7017	0.7038	0.3991
2.566	0.7016	0.7037	0.3991
2.565	0.7016	0.7036	0.3991
2.564	0.7015	0.7035	0.399
2.563	0.7014	0.7033	0.399
2.562	0.7013	0.7032	0.399
2.561	0.7012	0.7031	0.3989
2.560	0.7011	0.703	0.3989
2.559	0.7009	0.7029	0.3989
2.558	0.7008	0.7029	0.3988
2.557	0.7008	0.7028	0.3988
2.556	0.7007	0.7026	0.3988
2.555	0.7006	0.7025	0.3987
2.554	0.7005	0.7024	0.3987
2.553	0.7004	0.7024	0.3987
2.552	0.7002	0.7023	0.3986
2.551	0.7001	0.7022	0.3986
2.550	0.7	0.702	0.3986
2.549	0.6999	0.7019	0.3986
2.548	0.6997	0.7018	0.3985
2.547	0.6996	0.7017	0.3985
2.546	0.6995	0.7016	0.3985
2.545	0.6994	0.7015	0.3984
2.544	0.6994	0.7013	0.3984
2.543	0.6992	0.7013	0.3984
2.542	0.6991	0.7012	0.3984
2.541	0.699	0.7011	0.3983
2.540	0.699	0.7009	0.3983
2.539	0.6989	0.7007	0.3983
2.538	0.6988	0.7006	0.3982
2.537	0.6987	0.7005	0.3982
2.536	0.6986	0.7005	0.3982
2.535	0.6985	0.7004	0.3981
2.534	0.6984	0.7003	0.3981
2.533	0.6983	0.7002	0.3981
2.532	0.6982	0.7001	0.3981
2.531	0.6982	0.7001	0.398
2.530	0.6981	0.6999	0.398
2.529	0.6979	0.6998	0.3979
2.528	0.6979	0.6997	0.3979
2.527	0.6977	0.6996	0.3979
2.526	0.6977	0.6995	0.3979
2.525	0.6976	0.6994	0.3979
2.524	0.6975	0.6992	0.3978
2.523	0.6973	0.6991	0.3978
2.522	0.6973	0.699	0.3978
2.521	0.6972	0.6989	0.3978
2.520	0.6971	0.6988	0.3977
2.519	0.697	0.6987	0.3977
2.518	0.6969	0.6986	0.3977
2.517	0.6967	0.6985	0.3977
2.516	0.6966	0.6985	0.3976
2.515	0.6966	0.6984	0.3976
2.514	0.6965	0.6983	0.3976
2.513	0.6964	0.6982	0.3975
2.512	0.6963	0.6981	0.3975
2.511	0.6962	0.698	0.3975
2.510	0.6961	0.6979	0.3975
2.509	0.696	0.6978	0.3974
2.508	0.6959	0.6977	0.3974
2.507	0.6958	0.6976	0.3974
2.506	0.6957	0.6975	0.3973
2.505	0.6957	0.6974	0.3973
2.504	0.6956	0.6973	0.3973
2.503	0.6955	0.6972	0.3973
2.502	0.6954	0.697	0.3972
2.501	0.6953	0.6969	0.3972
2.500	0.6952	0.6968	0.3972
2.499	0.6951	0.6967	0.3971
2.498	0.695	0.6966	0.3971
2.497	0.6949	0.6966	0.3971
2.496	0.6949	0.6965	0.397
2.495	0.6948	0.6964	0.397
2.494	0.6946	0.6963	0.397
2.493	0.6946	0.6961	0.397
2.492	0.6945	0.696	0.3969
2.491	0.6944	0.696	0.3969
2.490	0.6942	0.6959	0.3969
2.489	0.6942	0.6958	0.3968
2.488	0.6941	0.6956	0.3968
2.487	0.694	0.6956	0.3968
2.486	0.6939	0.6954	0.3968
2.485	0.6938	0.6953	0.3967
2.484	0.6936	0.6952	0.3967
2.483	0.6936	0.6951	0.3967
2.482	0.6935	0.695	0.3966
2.481	0.6933	0.695	0.3966
2.480	0.6932	0.6948	0.3966
2.479	0.6931	0.6947	0.3965
2.478	0.6931	0.6947	0.3965
2.477	0.693	0.6945	0.3965
2.476	0.6929	0.6944	0.3965
2.475	0.6927	0.6942	0.3964
2.474	0.6926	0.6941	0.3964
2.473	0.6925	0.694	0.3964
2.472	0.6924	0.6939	0.3964
2.471	0.6923	0.6938	0.3963
2.470	0.6922	0.6937	0.3963
2.469	0.6921	0.6935	0.3963
2.468	0.692	0.6935	0.3963
2.467	0.6919	0.6934	0.3962
2.466	0.6918	0.6933	0.3962
2.465	0.6918	0.6932	0.3962
2.464	0.6917	0.693	0.3962
2.463	0.6916	0.6929	0.3961
2.462	0.6915	0.6928	0.3961
2.461	0.6913	0.6928	0.3961
2.460	0.6912	0.6927	0.3961
2.459	0.6911	0.6926	0.396
2.458	0.691	0.6925	0.396
2.457	0.6909	0.6924	0.396
2.456	0.6908	0.6922	0.3959
2.455	0.6907	0.692	0.3959
2.454	0.6906	0.692	0.3959
2.453	0.6905	0.6919	0.3958
2.452	0.6904	0.6918	0.3958
2.451	0.6902	0.6917	0.3958
2.450	0.6902	0.6915	0.3957
2.449	0.6901	0.6913	0.3957
2.448	0.69	0.6912	0.3957
2.447	0.6899	0.6911	0.3957
2.446	0.6898	0.6909	0.3956
2.445	0.6897	0.6908	0.3956
2.444	0.6896	0.6906	0.3956
2.443	0.6895	0.6905	0.3956
2.442	0.6894	0.6903	0.3955
2.441	0.6893	0.6903	0.3955
2.440	0.6892	0.6902	0.3955
2.439	0.6891	0.6901	0.3955
2.438	0.689	0.69	0.3954
2.437	0.6889	0.6899	0.3954
2.436	0.6888	0.6898	0.3954
2.435	0.6887	0.6897	0.3954
2.434	0.6886	0.6895	0.3953
2.433	0.6885	0.6894	0.3953
2.432	0.6884	0.6893	0.3953
2.431	0.6883	0.6892	0.3953
2.430	0.6881	0.6891	0.3952
2.429	0.688	0.6891	0.3952
2.428	0.6879	0.689	0.3952
2.427	0.6879	0.6889	0.3951
2.426	0.6878	0.6888	0.3951
2.425	0.6876	0.6887	0.3951
2.424	0.6875	0.6886	0.395
2.423	0.6874	0.6885	0.395
2.422	0.6874	0.6885	0.395
2.421	0.6872	0.6883	0.395
2.420	0.6871	0.6882	0.3949
2.419	0.687	0.6881	0.3949
2.418	0.6869	0.688	0.3949
2.417	0.6869	0.6879	0.3948
2.416	0.6868	0.6878	0.3948
2.415	0.6867	0.6876	0.3948
2.414	0.6866	0.6875	0.3947
2.413	0.6864	0.6874	0.3947
2.412	0.6863	0.6873	0.3947
2.411	0.6862	0.6872	0.3947
2.410	0.6861	0.6871	0.3946
2.409	0.686	0.687	0.3946
2.408	0.6859	0.6869	0.3946
2.407	0.6858	0.6868	0.3945
2.406	0.6857	0.6867	0.3945
2.405	0.6856	0.6866	0.3945
2.404	0.6855	0.6865	0.3944
2.403	0.6854	0.6864	0.3944
2.402	0.6853	0.6863	0.3944
2.401	0.6853	0.6862	0.3943
2.400	0.6852	0.6861	0.3943
2.399	0.6851	0.686	0.3943
2.398	0.6851	0.686	0.3942
2.397	0.685	0.6859	0.3942
2.396	0.6849	0.6858	0.3942
2.395	0.6848	0.6857	0.3942
2.394	0.6846	0.6856	0.3941
2.393	0.6846	0.6855	0.3941
2.392	0.6844	0.6854	0.3941
2.391	0.6843	0.6853	0.394
2.390	0.6842	0.6852	0.394
2.389	0.6841	0.6852	0.394
2.388	0.684	0.685	0.394
2.387	0.6838	0.6849	0.3939
2.386	0.6837	0.6848	0.3939
2.385	0.6837	0.6848	0.3939
2.384	0.6836	0.6846	0.3939
2.383	0.6835	0.6845	0.3938
2.382	0.6834	0.6844	0.3938
2.381	0.6833	0.6843	0.3938
2.380	0.6832	0.6842	0.3937
2.379	0.6832	0.6841	0.3937
2.378	0.6831	0.684	0.3937
2.377	0.6829	0.6839	0.3936
2.376	0.6828	0.6838	0.3936
2.375	0.6827	0.6837	0.3936
2.374	0.6826	0.6836	0.3935
2.373	0.6825	0.6835	0.3935
2.372	0.6824	0.6835	0.3935
2.371	0.6824	0.6834	0.3934
2.370	0.6823	0.6833	0.3934
2.369	0.6822	0.6832	0.3934
2.368	0.682	0.6831	0.3934
2.367	0.6819	0.683	0.3933
2.366	0.6818	0.6829	0.3933
2.365	0.6818	0.6828	0.3933
2.364	0.6816	0.6828	0.3932
2.363	0.6815	0.6827	0.3932
2.362	0.6814	0.6826	0.3932
2.361	0.6813	0.6825	0.3931
2.360	0.6812	0.6825	0.3931
2.359	0.6811	0.6824	0.3931
2.358	0.6811	0.6823	0.3931
2.357	0.681	0.6822	0.393
2.356	0.6809	0.6821	0.393
2.355	0.6808	0.682	0.3929
2.354	0.6807	0.6819	0.3929
2.353	0.6806	0.6818	0.3929
2.352	0.6805	0.6817	0.3929
2.351	0.6804	0.6816	0.3929
2.350	0.6804	0.6815	0.3928
2.349	0.6803	0.6814	0.3928
2.348	0.6802	0.6813	0.3928
2.347	0.68	0.6812	0.3927
2.346	0.68	0.6811	0.3927
2.345	0.6799	0.681	0.3927
2.344	0.6798	0.6809	0.3927
2.343	0.6796	0.6809	0.3926
2.342	0.6795	0.6808	0.3926
2.341	0.6794	0.6807	0.3926
2.340	0.6793	0.6806	0.3926
2.339	0.6792	0.6804	0.3925
2.338	0.6791	0.6803	0.3925
2.337	0.679	0.6802	0.3925
2.336	0.6789	0.6801	0.3924
2.335	0.6788	0.68	0.3924
2.334	0.6787	0.6799	0.3924
2.333	0.6786	0.6798	0.3923
2.332	0.6785	0.6797	0.3923
2.331	0.6784	0.6796	0.3923
2.330	0.6783	0.6795	0.3923
2.329	0.6782	0.6795	0.3922
2.328	0.6781	0.6794	0.3922
2.327	0.678	0.6793	0.3922
2.326	0.6779	0.6791	0.3921
2.325	0.6778	0.679	0.3921
2.324	0.6777	0.6789	0.3921
2.323	0.6776	0.6788	0.392
2.322	0.6775	0.6787	0.392
2.321	0.6774	0.6786	0.392
2.320	0.6773	0.6785	0.3919
2.319	0.6772	0.6784	0.3919
2.318	0.6771	0.6783	0.3919
2.317	0.677	0.6782	0.3919
2.316	0.6769	0.6781	0.3918
2.315	0.6768	0.678	0.3918
2.314	0.6767	0.678	0.3918
2.313	0.6765	0.6778	0.3917
2.312	0.6765	0.6777	0.3917
2.311	0.6763	0.6776	0.3917
2.310	0.6762	0.6775	0.3917
2.309	0.6761	0.6774	0.3916
2.308	0.6761	0.6773	0.3916
2.307	0.676	0.6771	0.3916
2.306	0.6758	0.677	0.3916
2.305	0.6757	0.677	0.3915
2.304	0.6757	0.6769	0.3915
2.303	0.6756	0.6767	0.3915
2.302	0.6755	0.6766	0.3914
2.301	0.6753	0.6765	0.3914
2.300	0.6752	0.6764	0.3914
2.299	0.6751	0.6763	0.3914
2.298	0.675	0.6761	0.3913
2.297	0.6749	0.676	0.3913
2.296	0.6748	0.6759	0.3913
2.295	0.6747	0.6758	0.3913
2.294	0.6746	0.6757	0.3912
2.293	0.6744	0.6756	0.3912
2.292	0.6744	0.6755	0.3912
2.291	0.6743	0.6754	0.3911
2.290	0.6742	0.6753	0.3911
2.289	0.6741	0.6753	0.3911
2.288	0.674	0.6752	0.391
2.287	0.6739	0.6751	0.391
2.286	0.6738	0.675	0.391
2.285	0.6737	0.6749	0.391
2.284	0.6736	0.6748	0.3909
2.283	0.6736	0.6747	0.3909
2.282	0.6735	0.6746	0.3908
2.281	0.6734	0.6745	0.3908
2.280	0.6733	0.6744	0.3908
2.279	0.6732	0.6743	0.3908
2.278	0.6731	0.6742	0.3907
2.277	0.6731	0.6741	0.3907
2.276	0.673	0.674	0.3907
2.275	0.6729	0.6739	0.3906
2.274	0.6728	0.6739	0.3906
2.273	0.6727	0.6738	0.3906
2.272	0.6725	0.6737	0.3906
2.271	0.6724	0.6736	0.3905
2.270	0.6723	0.6734	0.3905
2.269	0.6722	0.6733	0.3905
2.268	0.6721	0.6732	0.3904
2.267	0.672	0.6731	0.3904
2.266	0.6719	0.673	0.3904
2.265	0.6718	0.6729	0.3904
2.264	0.6717	0.6728	0.3903
2.263	0.6717	0.6728	0.3903
2.262	0.6716	0.6727	0.3903
2.261	0.6714	0.6725	0.3902
2.260	0.6713	0.6724	0.3902
2.259	0.6712	0.6723	0.3902
2.258	0.6711	0.6722	0.3901
2.257	0.6709	0.672	0.3901
2.256	0.6708	0.6719	0.3901
2.255	0.6707	0.6718	0.3901
2.254	0.6706	0.6717	0.39
2.253	0.6705	0.6716	0.39
2.252	0.6704	0.6714	0.39
2.251	0.6703	0.6713	0.39
2.250	0.6702	0.6711	0.3899
2.249	0.67	0.671	0.3899
2.248	0.6699	0.6709	0.3899
2.247	0.6698	0.6708	0.3898
2.246	0.6698	0.6707	0.3898
2.245	0.6697	0.6706	0.3898
2.244	0.6696	0.6705	0.3898
2.243	0.6694	0.6704	0.3897
2.242	0.6693	0.6702	0.3897
2.241	0.6692	0.6701	0.3896
2.240	0.6692	0.6701	0.3896
2.239	0.6691	0.67	0.3896
2.238	0.669	0.6698	0.3895
2.237	0.6688	0.6698	0.3895
2.236	0.6687	0.6696	0.3895
2.235	0.6686	0.6696	0.3894
2.234	0.6686	0.6694	0.3894
2.233	0.6685	0.6693	0.3894
2.232	0.6684	0.6692	0.3893
2.231	0.6683	0.6692	0.3893
2.230	0.6682	0.669	0.3893
2.229	0.6681	0.6689	0.3893
2.228	0.6681	0.6688	0.3892
2.227	0.6679	0.6686	0.3892
2.226	0.6678	0.6685	0.3891
2.225	0.6678	0.6684	0.3891
2.224	0.6676	0.6683	0.3891
2.223	0.6676	0.6682	0.3891
2.222	0.6675	0.6681	0.389
2.221	0.6674	0.668	0.389
2.220	0.6673	0.6679	0.389
2.219	0.6672	0.6678	0.389
2.218	0.6671	0.6677	0.3889
2.217	0.667	0.6676	0.3889
2.216	0.6669	0.6674	0.3889
2.215	0.6668	0.6673	0.3888
2.214	0.6667	0.6672	0.3888
2.213	0.6666	0.6671	0.3888
2.212	0.6665	0.667	0.3888
2.211	0.6663	0.6669	0.3887
2.210	0.6662	0.6669	0.3887
2.209	0.6661	0.6668	0.3887
2.208	0.666	0.6667	0.3887
2.207	0.6659	0.6666	0.3886
2.206	0.6658	0.6666	0.3886
2.205	0.6657	0.6665	0.3886
2.204	0.6655	0.6664	0.3885
2.203	0.6654	0.6663	0.3885
2.202	0.6653	0.6661	0.3885
2.201	0.6652	0.6661	0.3885
2.200	0.6652	0.666	0.3884
2.199	0.6651	0.6658	0.3884
2.198	0.665	0.6657	0.3884
2.197	0.6649	0.6657	0.3883
2.196	0.6648	0.6656	0.3883
2.195	0.6647	0.6655	0.3883
2.194	0.6646	0.6654	0.3882
2.193	0.6646	0.6653	0.3882
2.192	0.6645	0.6652	0.3882
2.191	0.6644	0.6651	0.3882
2.190	0.6643	0.665	0.3881
2.189	0.6642	0.6649	0.3881
2.188	0.6641	0.6648	0.3881
2.187	0.664	0.6647	0.388
2.186	0.6639	0.6646	0.388
2.185	0.6637	0.6645	0.3879
2.184	0.6637	0.6644	0.3879
2.183	0.6636	0.6643	0.3879
2.182	0.6635	0.6642	0.3879
2.181	0.6634	0.6641	0.3878
2.180	0.6633	0.664	0.3878
2.179	0.6632	0.6639	0.3878
2.178	0.6631	0.6638	0.3878
2.177	0.663	0.6637	0.3878
2.176	0.6629	0.6636	0.3877
2.175	0.6629	0.6635	0.3877
2.174	0.6628	0.6634	0.3877
2.173	0.6627	0.6632	0.3876
2.172	0.6626	0.6631	0.3876
2.171	0.6625	0.663	0.3876
2.170	0.6624	0.6629	0.3876
2.169	0.6623	0.6628	0.3875
2.168	0.6622	0.6626	0.3875
2.167	0.6622	0.6625	0.3875
2.166	0.662	0.6625	0.3874
2.165	0.6619	0.6624	0.3874
2.164	0.6618	0.6622	0.3873
2.163	0.6617	0.6621	0.3873
2.162	0.6616	0.662	0.3873
2.161	0.6616	0.6619	0.3872
2.160	0.6614	0.6618	0.3872
2.159	0.6613	0.6617	0.3872
2.158	0.6613	0.6616	0.3872
2.157	0.6612	0.6616	0.3871
2.156	0.6611	0.6614	0.3871
2.155	0.661	0.6614	0.3871
2.154	0.6608	0.6613	0.387
2.153	0.6607	0.6612	0.387
2.152	0.6606	0.6611	0.387
2.151	0.6605	0.661	0.3869
2.150	0.6604	0.6609	0.3869
2.149	0.6603	0.6608	0.3869
2.148	0.6602	0.6607	0.3869
2.147	0.6601	0.6605	0.3868
2.146	0.66	0.6604	0.3868
2.145	0.6599	0.6603	0.3868
2.144	0.6598	0.6602	0.3868
2.143	0.6597	0.6601	0.3867
2.142	0.6596	0.66	0.3867
2.141	0.6595	0.6599	0.3867
2.140	0.6594	0.6597	0.3867
2.139	0.6593	0.6596	0.3866
2.138	0.6592	0.6595	0.3866
2.137	0.6591	0.6594	0.3866
2.136	0.659	0.6593	0.3865
2.135	0.6589	0.6592	0.3865
2.134	0.6588	0.6591	0.3865
2.133	0.6587	0.659	0.3864
2.132	0.6586	0.6589	0.3864
2.131	0.6586	0.6588	0.3864
2.130	0.6585	0.6587	0.3864
2.129	0.6583	0.6586	0.3864
2.128	0.6582	0.6586	0.3863
2.127	0.6581	0.6585	0.3863
2.126	0.6581	0.6584	0.3863
2.125	0.658	0.6583	0.3862
2.124	0.6579	0.6582	0.3862
2.123	0.6578	0.6581	0.3862
2.122	0.6577	0.658	0.3861
2.121	0.6576	0.658	0.3861
2.120	0.6575	0.6579	0.3861
2.119	0.6574	0.6578	0.3861
2.118	0.6573	0.6577	0.3861
2.117	0.6572	0.6576	0.3861
2.116	0.6572	0.6575	0.3861
2.115	0.657	0.6574	0.3861
2.114	0.6568	0.6573	0.3861
2.113	0.6567	0.6572	0.3861
2.112	0.6566	0.6572	0.3861
2.111	0.6565	0.6571	0.3861
2.110	0.6564	0.657	0.3861
2.109	0.6563	0.6569	0.3861
2.108	0.6562	0.6568	0.3861
2.107	0.6561	0.6567	0.3861
2.106	0.656	0.6566	0.3861
2.105	0.656	0.6565	0.3861
2.104	0.6559	0.6564	0.386
2.103	0.6557	0.6563	0.386
2.102	0.6556	0.6562	0.386
2.101	0.6555	0.6561	0.386
2.100	0.6554	0.656	0.3859
2.099	0.6553	0.6559	0.3859
2.098	0.6552	0.6558	0.3859
2.097	0.6551	0.6558	0.3858
2.096	0.655	0.6557	0.3858
2.095	0.6549	0.6555	0.3858
2.094	0.6548	0.6554	0.3858
2.093	0.6546	0.6553	0.3857
2.092	0.6545	0.6552	0.3857
2.091	0.6544	0.6551	0.3857
2.090	0.6543	0.655	0.3857
2.089	0.6542	0.6548	0.3856
2.088	0.6541	0.6547	0.3856
2.087	0.654	0.6546	0.3856
2.086	0.6539	0.6545	0.3855
2.085	0.6538	0.6544	0.3855
2.084	0.6538	0.6543	0.3855
2.083	0.6537	0.6542	0.3854
2.082	0.6536	0.6541	0.3854
2.081	0.6534	0.654	0.3854
2.080	0.6533	0.6538	0.3853
2.079	0.6532	0.6538	0.3853
2.078	0.6532	0.6537	0.3853
2.077	0.6531	0.6535	0.3852
2.076	0.653	0.6534	0.3852
2.075	0.6529	0.6533	0.3852
2.074	0.6528	0.6531	0.3852
2.073	0.6527	0.653	0.3851
2.072	0.6526	0.6529	0.3851
2.071	0.6525	0.6528	0.3851
2.070	0.6523	0.6528	0.385
2.069	0.6523	0.6526	0.385
2.068	0.6522	0.6525	0.385
2.067	0.652	0.6524	0.3849
2.066	0.6519	0.6523	0.3849
2.065	0.6518	0.6523	0.3849
2.064	0.6517	0.6522	0.3849
2.063	0.6516	0.6521	0.3848
2.062	0.6515	0.652	0.3848
2.061	0.6514	0.6519	0.3848
2.060	0.6513	0.6518	0.3847
2.059	0.6512	0.6517	0.3847
2.058	0.6512	0.6516	0.3847
2.057	0.6511	0.6515	0.3847
2.056	0.6509	0.6514	0.3846
2.055	0.6509	0.6512	0.3846
2.054	0.6508	0.6511	0.3846
2.053	0.6507	0.651	0.3845
2.052	0.6506	0.651	0.3845
2.051	0.6505	0.6508	0.3845
2.050	0.6504	0.6508	0.3845
2.049	0.6503	0.6507	0.3844
2.048	0.6502	0.6506	0.3844
2.047	0.65	0.6505	0.3844
2.046	0.6499	0.6504	0.3844
2.045	0.6498	0.6503	0.3843
2.044	0.6497	0.6502	0.3843
2.043	0.6496	0.6501	0.3843
2.042	0.6495	0.65	0.3842
2.041	0.6494	0.6499	0.3842
2.040	0.6494	0.6498	0.3842
2.039	0.6492	0.6497	0.3841
2.038	0.6491	0.6496	0.3841
2.037	0.649	0.6494	0.3841
2.036	0.649	0.6493	0.3841
2.035	0.6489	0.6492	0.3841
2.034	0.6488	0.6492	0.384
2.033	0.6487	0.6491	0.384
2.032	0.6486	0.6489	0.384
2.031	0.6485	0.6489	0.3839
2.030	0.6485	0.6488	0.3839
2.029	0.6484	0.6486	0.3839
2.028	0.6483	0.6485	0.3838
2.027	0.6482	0.6484	0.3838
2.026	0.6481	0.6484	0.3838
2.025	0.648	0.6483	0.3838
2.024	0.6479	0.6482	0.3837
2.023	0.6478	0.6481	0.3837
2.022	0.6477	0.6479	0.3837
2.021	0.6477	0.6478	0.3836
2.020	0.6476	0.6477	0.3836
2.019	0.6475	0.6477	0.3836
2.018	0.6474	0.6476	0.3836
2.017	0.6473	0.6475	0.3835
2.016	0.6472	0.6473	0.3835
2.015	0.6471	0.6473	0.3835
2.014	0.6471	0.6471	0.3835
2.013	0.6469	0.6471	0.3834
2.012	0.6468	0.647	0.3834
2.011	0.6467	0.6469	0.3834
2.010	0.6466	0.6468	0.3834
2.009	0.6465	0.6467	0.3833
2.008	0.6464	0.6466	0.3833
2.007	0.6463	0.6466	0.3833
2.006	0.6462	0.6464	0.3833
2.005	0.6461	0.6464	0.3832
2.004	0.646	0.6463	0.3832
2.003	0.6459	0.6462	0.3832
2.002	0.6457	0.646	0.3831
2.001	0.6456	0.646	0.3831
2.000	0.6455	0.6459	0.3831
1.999	0.6454	0.6458	0.3831
1.998	0.6453	0.6457	0.383
1.997	0.6452	0.6455	0.383
1.996	0.6451	0.6454	0.383
1.995	0.645	0.6453	0.383
1.994	0.6449	0.6452	0.3829
1.993	0.6448	0.6451	0.3829
1.992	0.6447	0.645	0.3829
1.991	0.6446	0.6449	0.3828
1.990	0.6445	0.6447	0.3828
1.989	0.6444	0.6446	0.3828
1.988	0.6443	0.6445	0.3827
1.987	0.6442	0.6444	0.3827
1.986	0.6441	0.6443	0.3827
1.985	0.6441	0.6442	0.3827
1.984	0.644	0.6441	0.3826
1.983	0.6439	0.644	0.3826
1.982	0.6438	0.6439	0.3826
1.981	0.6437	0.6438	0.3826
1.980	0.6436	0.6437	0.3825
1.979	0.6435	0.6437	0.3825
1.978	0.6434	0.6435	0.3825
1.977	0.6433	0.6434	0.3825
1.976	0.6432	0.6433	0.3824
1.975	0.6431	0.6432	0.3824
1.974	0.643	0.6431	0.3824
1.973	0.6428	0.643	0.3823
1.972	0.6428	0.6429	0.3823
1.971	0.6427	0.6428	0.3823
1.970	0.6426	0.6427	0.3822
1.969	0.6425	0.6426	0.3822
1.968	0.6424	0.6426	0.3822
1.967	0.6423	0.6425	0.3821
1.966	0.6422	0.6424	0.3821
1.965	0.6422	0.6422	0.3821
1.964	0.6421	0.6422	0.3821
1.963	0.6419	0.6421	0.382
1.962	0.6418	0.6419	0.382
1.961	0.6417	0.6419	0.382
1.960	0.6416	0.6418	0.382
1.959	0.6415	0.6416	0.3819
1.958	0.6414	0.6414	0.3819
1.957	0.6413	0.6413	0.3819
1.956	0.6412	0.6412	0.3818
1.955	0.6412	0.6411	0.3818
1.954	0.6411	0.641	0.3818
1.953	0.641	0.6409	0.3818
1.952	0.6409	0.6409	0.3817
1.951	0.6408	0.6408	0.3817
1.950	0.6408	0.6407	0.3817
1.949	0.6407	0.6407	0.3816
1.948	0.6406	0.6405	0.3816
1.947	0.6405	0.6405	0.3816
1.946	0.6404	0.6403	0.3816
1.945	0.6403	0.6402	0.3815
1.944	0.6402	0.64	0.3815
1.943	0.6401	0.64	0.3815
1.942	0.64	0.6399	0.3815
1.941	0.6399	0.6397	0.3814
1.940	0.6398	0.6396	0.3814
1.939	0.6397	0.6395	0.3814
1.938	0.6396	0.6394	0.3814
1.937	0.6395	0.6393	0.3813
1.936	0.6394	0.6392	0.3813
1.935	0.6393	0.6391	0.3813
1.934	0.6392	0.6389	0.3813
1.933	0.6392	0.6389	0.3812
1.932	0.6391	0.6388	0.3812
1.931	0.639	0.6387	0.3812
1.930	0.6388	0.6386	0.3812
1.929	0.6387	0.6385	0.3811
1.928	0.6387	0.6384	0.3811
1.927	0.6385	0.6383	0.3811
1.926	0.6385	0.6382	0.3811
1.925	0.6384	0.6381	0.381
1.924	0.6383	0.638	0.381
1.923	0.6382	0.6379	0.381
1.922	0.638	0.6378	0.3809
1.921	0.6379	0.6377	0.3809
1.920	0.6378	0.6376	0.3809
1.919	0.6377	0.6375	0.3808
1.918	0.6376	0.6374	0.3808
1.917	0.6375	0.6373	0.3808
1.916	0.6374	0.6371	0.3808
1.915	0.6373	0.637	0.3807
1.914	0.6372	0.6369	0.3807
1.913	0.6371	0.6368	0.3807
1.912	0.637	0.6367	0.3806
1.911	0.6369	0.6366	0.3806
1.910	0.6368	0.6365	0.3806
1.909	0.6367	0.6364	0.3806
1.908	0.6367	0.6363	0.3805
1.907	0.6366	0.6362	0.3805
1.906	0.6365	0.6361	0.3804
1.905	0.6364	0.6359	0.3804
1.904	0.6363	0.6358	0.3804
1.903	0.6363	0.6357	0.3804
1.902	0.6362	0.6356	0.3803
1.901	0.6361	0.6354	0.3803
1.900	0.636	0.6354	0.3803
1.899	0.6359	0.6352	0.3802
1.898	0.6357	0.6352	0.3802
1.897	0.6356	0.6351	0.3802
1.896	0.6355	0.6349	0.3802
1.895	0.6355	0.6349	0.3802
1.894	0.6353	0.6347	0.3801
1.893	0.6353	0.6346	0.3801
1.892	0.6352	0.6345	0.3801
1.891	0.6351	0.6345	0.3801
1.890	0.635	0.6344	0.38
1.889	0.6349	0.6343	0.38
1.888	0.6347	0.6342	0.38
1.887	0.6347	0.6341	0.38
1.886	0.6345	0.634	0.3799
1.885	0.6344	0.6339	0.3799
1.884	0.6343	0.6338	0.3799
1.883	0.6342	0.6337	0.3799
1.882	0.6341	0.6336	0.3798
1.881	0.634	0.6335	0.3798
1.880	0.6339	0.6334	0.3798
1.879	0.6338	0.6333	0.3798
1.878	0.6337	0.6332	0.3797
1.877	0.6336	0.6331	0.3797
1.876	0.6336	0.633	0.3797
1.875	0.6335	0.6329	0.3796
1.874	0.6334	0.6327	0.3796
1.873	0.6333	0.6326	0.3796
1.872	0.6331	0.6325	0.3795
1.871	0.633	0.6324	0.3795
1.870	0.633	0.6323	0.3795
1.869	0.6329	0.6322	0.3794
1.868	0.6328	0.6321	0.3794
1.867	0.6327	0.632	0.3794
1.866	0.6326	0.632	0.3794
1.865	0.6325	0.6319	0.3794
1.864	0.6325	0.6317	0.3793
1.863	0.6324	0.6316	0.3793
1.862	0.6323	0.6315	0.3793
1.861	0.6322	0.6314	0.3793
1.860	0.6321	0.6313	0.3792
1.859	0.632	0.6312	0.3792
1.858	0.6319	0.631	0.3792
1.857	0.6318	0.631	0.3792
1.856	0.6317	0.6309	0.3791
1.855	0.6317	0.6307	0.3791
1.854	0.6316	0.6306	0.3791
1.853	0.6315	0.6305	0.3791
1.852	0.6314	0.6305	0.379
1.851	0.6313	0.6304	0.379
1.850	0.6312	0.6303	0.379
1.849	0.6311	0.6302	0.3789
1.848	0.631	0.6301	0.3789
1.847	0.6309	0.63	0.3789
1.846	0.6308	0.6298	0.3789
1.845	0.6307	0.6298	0.3788
1.844	0.6306	0.6297	0.3788
1.843	0.6305	0.6296	0.3788
1.842	0.6304	0.6294	0.3788
1.841	0.6303	0.6292	0.3787
1.840	0.6301	0.6291	0.3787
1.839	0.63	0.629	0.3786
1.838	0.6299	0.6289	0.3786
1.837	0.6299	0.6287	0.3786
1.836	0.6298	0.6286	0.3786
1.835	0.6297	0.6285	0.3785
1.834	0.6296	0.6284	0.3785
1.833	0.6295	0.6282	0.3785
1.832	0.6293	0.6281	0.3785
1.831	0.6292	0.628	0.3784
1.830	0.6291	0.6279	0.3784
1.829	0.629	0.6278	0.3784
1.828	0.6289	0.6277	0.3783
1.827	0.6288	0.6276	0.3783
1.826	0.6287	0.6275	0.3783
1.825	0.6286	0.6275	0.3783
1.824	0.6285	0.6274	0.3783
1.823	0.6285	0.6273	0.3782
1.822	0.6284	0.6272	0.3782
1.821	0.6283	0.6272	0.3782
1.820	0.6282	0.627	0.3781
1.819	0.6281	0.6269	0.3781
1.818	0.628	0.6269	0.3781
1.817	0.628	0.6268	0.3781
1.816	0.6278	0.6267	0.378
1.815	0.6277	0.6266	0.378
1.814	0.6276	0.6264	0.378
1.813	0.6275	0.6263	0.3779
1.812	0.6274	0.6261	0.3779
1.811	0.6273	0.626	0.3779
1.810	0.6272	0.626	0.3779
1.809	0.6271	0.6258	0.3778
1.808	0.6271	0.6257	0.3778
1.807	0.627	0.6256	0.3778
1.806	0.6269	0.6255	0.3777
1.805	0.6268	0.6254	0.3777
1.804	0.6267	0.6253	0.3777
1.803	0.6265	0.6252	0.3777
1.802	0.6264	0.6251	0.3776
1.801	0.6263	0.625	0.3776
1.800	0.6262	0.6249	0.3776
1.799	0.6261	0.6248	0.3776
1.798	0.6261	0.6247	0.3775
1.797	0.6259	0.6246	0.3775
1.796	0.6258	0.6245	0.3775
1.795	0.6257	0.6244	0.3775
1.794	0.6256	0.6242	0.3774
1.793	0.6255	0.6242	0.3774
1.792	0.6254	0.6241	0.3774
1.791	0.6253	0.624	0.3773
1.790	0.6252	0.6239	0.3773
1.789	0.6251	0.6238	0.3773
1.788	0.625	0.6237	0.3773
1.787	0.6249	0.6236	0.3772
1.786	0.6248	0.6234	0.3772
1.785	0.6247	0.6233	0.3772
1.784	0.6246	0.6233	0.3772
1.783	0.6244	0.6232	0.3771
1.782	0.6243	0.6231	0.3771
1.781	0.6243	0.623	0.3771
1.780	0.6242	0.6229	0.3771
1.779	0.6241	0.6228	0.3771
1.778	0.624	0.6227	0.377
1.777	0.6239	0.6226	0.377
1.776	0.6238	0.6225	0.377
1.775	0.6237	0.6224	0.377
1.774	0.6237	0.6223	0.3769
1.773	0.6236	0.6222	0.3769
1.772	0.6235	0.6221	0.3769
1.771	0.6234	0.622	0.3768
1.770	0.6233	0.6219	0.3768
1.769	0.6232	0.6218	0.3768
1.768	0.6231	0.6217	0.3768
1.767	0.6231	0.6216	0.3767
1.766	0.623	0.6215	0.3767
1.765	0.6229	0.6214	0.3767
1.764	0.6228	0.6213	0.3766
1.763	0.6227	0.6212	0.3766
1.762	0.6227	0.6211	0.3766
1.761	0.6225	0.621	0.3766
1.760	0.6225	0.6209	0.3765
1.759	0.6224	0.6207	0.3765
1.758	0.6222	0.6206	0.3765
1.757	0.6222	0.6205	0.3765
1.756	0.6221	0.6204	0.3764
1.755	0.622	0.6203	0.3764
1.754	0.622	0.6202	0.3764
1.753	0.6219	0.6201	0.3763
1.752	0.6218	0.62	0.3763
1.751	0.6217	0.62	0.3763
1.750	0.6216	0.6199	0.3762
1.749	0.6215	0.6198	0.3762
1.748	0.6214	0.6197	0.3762
1.747	0.6214	0.6196	0.3761
1.746	0.6213	0.6195	0.3761
1.745	0.6212	0.6195	0.3761
1.744	0.6211	0.6193	0.3761
1.743	0.621	0.6193	0.376
1.742	0.6209	0.6192	0.376
1.741	0.6208	0.6191	0.376
1.740	0.6207	0.619	0.376
1.739	0.6206	0.6189	0.3759
1.738	0.6205	0.6188	0.3759
1.737	0.6204	0.6187	0.3759
1.736	0.6203	0.6186	0.3759
1.735	0.6203	0.6185	0.3758
1.734	0.6202	0.6184	0.3758
1.733	0.6201	0.6182	0.3758
1.732	0.62	0.6181	0.3758
1.731	0.6199	0.618	0.3757
1.730	0.6198	0.618	0.3757
1.729	0.6198	0.6179	0.3757
1.728	0.6197	0.6178	0.3757
1.727	0.6196	0.6176	0.3756
1.726	0.6195	0.6176	0.3756
1.725	0.6194	0.6174	0.3756
1.724	0.6193	0.6174	0.3756
1.723	0.6193	0.6173	0.3755
1.722	0.6192	0.6172	0.3755
1.721	0.6191	0.6171	0.3755
1.720	0.619	0.617	0.3754
1.719	0.6189	0.6169	0.3754
1.718	0.6189	0.6168	0.3754
1.717	0.6188	0.6168	0.3754
1.716	0.6187	0.6166	0.3753
1.715	0.6186	0.6166	0.3753
1.714	0.6185	0.6165	0.3753
1.713	0.6184	0.6164	0.3753
1.712	0.6183	0.6163	0.3752
1.711	0.6183	0.6162	0.3752
1.710	0.6182	0.6161	0.3752
1.709	0.6181	0.616	0.3752
1.708	0.618	0.6159	0.3751
1.707	0.6179	0.6159	0.3751
1.706	0.6178	0.6158	0.3751
1.705	0.6178	0.6157	0.375
1.704	0.6177	0.6155	0.375
1.703	0.6176	0.6154	0.375
1.702	0.6175	0.6153	0.375
1.701	0.6175	0.6152	0.3749
1.700	0.6174	0.6152	0.3749
1.699	0.6173	0.6151	0.3749
1.698	0.6172	0.615	0.3749
1.697	0.6171	0.6149	0.3748
1.696	0.617	0.6148	0.3748
1.695	0.6169	0.6147	0.3748
1.694	0.6168	0.6146	0.3747
1.693	0.6167	0.6145	0.3747
1.692	0.6166	0.6144	0.3747
1.691	0.6165	0.6144	0.3746
1.690	0.6164	0.6142	0.3746
1.689	0.6163	0.6141	0.3746
1.688	0.6162	0.614	0.3746
1.687	0.6161	0.6139	0.3745
1.686	0.616	0.6138	0.3745
1.685	0.6159	0.6138	0.3745
1.684	0.6158	0.6136	0.3744
1.683	0.6157	0.6135	0.3744
1.682	0.6156	0.6134	0.3744
1.681	0.6155	0.6133	0.3744
1.680	0.6154	0.6132	0.3743
1.679	0.6153	0.6131	0.3743
1.678	0.6152	0.613	0.3743
1.677	0.6151	0.6129	0.3742
1.676	0.6151	0.6129	0.3742
1.675	0.615	0.6127	0.3742
1.674	0.6149	0.6126	0.3741
1.673	0.6148	0.6125	0.3741
1.672	0.6147	0.6124	0.3741
1.671	0.6146	0.6124	0.374
1.670	0.6145	0.6123	0.374
1.669	0.6144	0.6122	0.374
1.668	0.6143	0.6121	0.374
1.667	0.6142	0.612	0.3739
1.666	0.6141	0.6119	0.3739
1.665	0.614	0.6118	0.3739
1.664	0.6139	0.6117	0.3738
1.663	0.6138	0.6117	0.3738
1.662	0.6138	0.6116	0.3738
1.661	0.6136	0.6114	0.3738
1.660	0.6136	0.6113	0.3737
1.659	0.6135	0.6112	0.3737
1.658	0.6133	0.6111	0.3737
1.657	0.6132	0.611	0.3736
1.656	0.6131	0.611	0.3736
1.655	0.613	0.6108	0.3736
1.654	0.6129	0.6107	0.3736
1.653	0.6129	0.6106	0.3735
1.652	0.6128	0.6105	0.3735
1.651	0.6127	0.6104	0.3735
1.650	0.6126	0.6103	0.3735
1.649	0.6125	0.6102	0.3734
1.648	0.6124	0.6101	0.3734
1.647	0.6123	0.6101	0.3734
1.646	0.6122	0.61	0.3733
1.645	0.6121	0.6099	0.3733
1.644	0.612	0.6098	0.3733
1.643	0.6119	0.6098	0.3733
1.642	0.6118	0.6097	0.3732
1.641	0.6117	0.6096	0.3732
1.640	0.6117	0.6094	0.3732
1.639	0.6116	0.6094	0.3731
1.638	0.6115	0.6093	0.3731
1.637	0.6114	0.6091	0.3731
1.636	0.6113	0.609	0.3731
1.635	0.6112	0.6089	0.373
1.634	0.6111	0.6089	0.373
1.633	0.6109	0.6088	0.373
1.632	0.6108	0.6087	0.3729
1.631	0.6107	0.6086	0.3729
1.630	0.6106	0.6085	0.3729
1.629	0.6105	0.6084	0.3728
1.628	0.6104	0.6084	0.3728
1.627	0.6102	0.6083	0.3728
1.626	0.6102	0.6082	0.3728
1.625	0.6101	0.6081	0.3727
1.624	0.61	0.608	0.3727
1.623	0.6099	0.6079	0.3727
1.622	0.6097	0.6078	0.3726
1.621	0.6097	0.6077	0.3726
1.620	0.6096	0.6077	0.3725
1.619	0.6094	0.6076	0.3725
1.618	0.6094	0.6075	0.3725
1.617	0.6092	0.6074	0.3724
1.616	0.6091	0.6073	0.3724
1.615	0.609	0.6071	0.3724
1.614	0.6089	0.6071	0.3723
1.613	0.6088	0.607	0.3723
1.612	0.6087	0.6068	0.3723
1.611	0.6086	0.6068	0.3722
1.610	0.6085	0.6067	0.3722
1.609	0.6083	0.6066	0.3722
1.608	0.6083	0.6065	0.3721
1.607	0.6081	0.6065	0.3721
1.606	0.608	0.6064	0.3721
1.605	0.6079	0.6063	0.3721
1.604	0.6078	0.6062	0.372
1.603	0.6076	0.6061	0.372
1.602	0.6076	0.606	0.372
1.601	0.6075	0.6059	0.3719
1.600	0.6074	0.6057	0.3719
1.599	0.6073	0.6057	0.3719
1.598	0.6072	0.6056	0.3718
1.597	0.6071	0.6055	0.3718
1.596	0.607	0.6054	0.3718
1.595	0.6069	0.6053	0.3717
1.594	0.6068	0.6052	0.3717
1.593	0.6067	0.6052	0.3717
1.592	0.6066	0.6051	0.3717
1.591	0.6065	0.605	0.3716
1.590	0.6064	0.6049	0.3716
1.589	0.6063	0.6048	0.3716
1.588	0.6062	0.6047	0.3715
1.587	0.6062	0.6046	0.3715
1.586	0.6061	0.6045	0.3715
1.585	0.606	0.6044	0.3714
1.584	0.6059	0.6044	0.3714
1.583	0.6058	0.6043	0.3714
1.582	0.6057	0.6042	0.3713
1.581	0.6056	0.6041	0.3713
1.580	0.6054	0.604	0.3713
1.579	0.6053	0.6039	0.3712
1.578	0.6053	0.6038	0.3712
1.577	0.6052	0.6037	0.3712
1.576	0.6051	0.6035	0.3712
1.575	0.6049	0.6034	0.3711
1.574	0.6048	0.6033	0.3711
1.573	0.6048	0.6031	0.3711
1.572	0.6047	0.603	0.3711
1.571	0.6046	0.6029	0.371
1.570	0.6045	0.6028	0.371
1.569	0.6044	0.6027	0.371
1.568	0.6043	0.6026	0.3709
1.567	0.6042	0.6025	0.3709
1.566	0.6041	0.6023	0.3709
1.565	0.604	0.6022	0.3708
1.564	0.6039	0.6021	0.3708
1.563	0.6038	0.602	0.3708
1.562	0.6038	0.6019	0.3707
1.561	0.6036	0.6019	0.3707
1.560	0.6036	0.6018	0.3707
1.559	0.6034	0.6017	0.3706
1.558	0.6033	0.6017	0.3706
1.557	0.6032	0.6016	0.3706
1.556	0.6032	0.6014	0.3705
1.555	0.6031	0.6013	0.3705
1.554	0.603	0.6011	0.3704
1.553	0.603	0.6011	0.3704
1.552	0.6029	0.601	0.3704
1.551	0.6027	0.6009	0.3704
1.550	0.6026	0.6007	0.3704
1.549	0.6026	0.6006	0.3703
1.548	0.6025	0.6005	0.3703
1.547	0.6024	0.6004	0.3703
1.546	0.6023	0.6003	0.3702
1.545	0.6022	0.6002	0.3702
1.544	0.6021	0.6002	0.3702
1.543	0.6021	0.6001	0.3701
1.542	0.602	0.6	0.3701
1.541	0.6019	0.5999	0.3701
1.540	0.6018	0.5998	0.3701
1.539	0.6017	0.5997	0.3701
1.538	0.6016	0.5996	0.3701
1.537	0.6015	0.5995	0.3701
1.536	0.6014	0.5994	0.3701
1.535	0.6014	0.5993	0.3701
1.534	0.6013	0.5992	0.3701
1.533	0.6012	0.5991	0.3701
1.532	0.6011	0.599	0.3701
1.531	0.601	0.5989	0.3701
1.530	0.6009	0.5988	0.3701
1.529	0.6008	0.5987	0.37
1.528	0.6008	0.5986	0.37
1.527	0.6007	0.5985	0.37
1.526	0.6006	0.5984	0.3699
1.525	0.6005	0.5983	0.3699
1.524	0.6004	0.5982	0.3699
1.523	0.6003	0.5981	0.3698
1.522	0.6002	0.5981	0.3698
1.521	0.6001	0.598	0.3698
1.520	0.6001	0.5979	0.3697
1.519	0.6	0.5979	0.3697
1.518	0.5999	0.5978	0.3697
1.517	0.5998	0.5977	0.3696
1.516	0.5997	0.5976	0.3696
1.515	0.5996	0.5975	0.3696
1.514	0.5995	0.5973	0.3695
1.513	0.5994	0.5972	0.3695
1.512	0.5993	0.5971	0.3694
1.511	0.5992	0.597	0.3694
1.510	0.5991	0.5969	0.3694
1.509	0.599	0.5968	0.3693
1.508	0.5989	0.5967	0.3693
1.507	0.5988	0.5966	0.3693
1.506	0.5987	0.5965	0.3692
1.505	0.5986	0.5964	0.3692
1.504	0.5985	0.5963	0.3692
1.503	0.5984	0.5962	0.3691
1.502	0.5983	0.5961	0.3691
1.501	0.5982	0.596	0.369
1.500	0.5981	0.5959	0.369
1.499	0.598	0.5958	0.369
1.498	0.5979	0.5957	0.3689
1.497	0.5978	0.5956	0.3689
1.496	0.5977	0.5955	0.3689
1.495	0.5976	0.5954	0.3688
1.494	0.5975	0.5953	0.3688
1.493	0.5974	0.5952	0.3688
1.492	0.5973	0.5951	0.3687
1.491	0.5972	0.595	0.3687
1.490	0.5971	0.5949	0.3687
1.489	0.5971	0.5948	0.3686
1.488	0.597	0.5948	0.3686
1.487	0.5969	0.5946	0.3686
1.486	0.5968	0.5945	0.3685
1.485	0.5968	0.5944	0.3685
1.484	0.5967	0.5943	0.3685
1.483	0.5966	0.5942	0.3685
1.482	0.5965	0.5941	0.3684
1.481	0.5964	0.594	0.3684
1.480	0.5963	0.5939	0.3684
1.479	0.5962	0.5938	0.3683
1.478	0.5961	0.5937	0.3683
1.477	0.596	0.5937	0.3682
1.476	0.5959	0.5936	0.3682
1.475	0.5958	0.5935	0.3682
1.474	0.5957	0.5934	0.3681
1.473	0.5956	0.5933	0.3681
1.472	0.5955	0.5932	0.3681
1.471	0.5954	0.5931	0.368
1.470	0.5953	0.5931	0.368
1.469	0.5952	0.593	0.368
1.468	0.5951	0.5929	0.3679
1.467	0.595	0.5928	0.3679
1.466	0.5949	0.5927	0.3678
1.465	0.5948	0.5926	0.3678
1.464	0.5947	0.5925	0.3678
1.463	0.5946	0.5924	0.3677
1.462	0.5945	0.5923	0.3677
1.461	0.5944	0.5922	0.3677
1.460	0.5943	0.5921	0.3677
1.459	0.5942	0.592	0.3676
1.458	0.5941	0.5919	0.3676
1.457	0.594	0.5919	0.3676
1.456	0.5939	0.5918	0.3676
1.455	0.5938	0.5917	0.3675
1.454	0.5937	0.5916	0.3675
1.453	0.5936	0.5915	0.3675
1.452	0.5936	0.5914	0.3674
1.451	0.5935	0.5913	0.3674
1.450	0.5934	0.5912	0.3674
1.449	0.5933	0.5911	0.3673
1.448	0.5932	0.591	0.3673
1.447	0.5931	0.5909	0.3673
1.446	0.593	0.5908	0.3673
1.445	0.593	0.5907	0.3672
1.444	0.5928	0.5907	0.3672
1.443	0.5928	0.5906	0.3672
1.442	0.5926	0.5904	0.3671
1.441	0.5926	0.5904	0.3671
1.440	0.5925	0.5902	0.3671
1.439	0.5924	0.5901	0.367
1.438	0.5923	0.5901	0.367
1.437	0.5922	0.59	0.367
1.436	0.5921	0.5899	0.367
1.435	0.592	0.5898	0.3669
1.434	0.5919	0.5897	0.3669
1.433	0.5918	0.5897	0.3668
1.432	0.5917	0.5895	0.3668
1.431	0.5916	0.5894	0.3668
1.430	0.5915	0.5893	0.3667
1.429	0.5914	0.5892	0.3667
1.428	0.5913	0.5891	0.3667
1.427	0.5912	0.589	0.3666
1.426	0.5911	0.5889	0.3666
1.425	0.591	0.5889	0.3666
1.424	0.5909	0.5888	0.3665
1.423	0.5908	0.5886	0.3665
1.422	0.5907	0.5885	0.3665
1.421	0.5906	0.5884	0.3664
1.420	0.5905	0.5883	0.3664
1.419	0.5904	0.5883	0.3664
1.418	0.5903	0.5881	0.3663
1.417	0.5902	0.588	0.3663
1.416	0.59	0.5879	0.3662
1.415	0.5899	0.5878	0.3662
1.414	0.5898	0.5877	0.3662
1.413	0.5897	0.5876	0.3661
1.412	0.5897	0.5875	0.3661
1.411	0.5895	0.5874	0.366
1.410	0.5894	0.5873	0.366
1.409	0.5894	0.5872	0.366
1.408	0.5893	0.5871	0.3659
1.407	0.5892	0.587	0.3659
1.406	0.5892	0.5869	0.3659
1.405	0.5891	0.5868	0.3658
1.404	0.589	0.5868	0.3658
1.403	0.5889	0.5867	0.3658
1.402	0.5888	0.5866	0.3657
1.401	0.5887	0.5865	0.3657
1.400	0.5886	0.5864	0.3657
1.399	0.5885	0.5863	0.3656
1.398	0.5884	0.5862	0.3656
1.397	0.5883	0.5861	0.3655
1.396	0.5882	0.586	0.3655
1.395	0.5881	0.5859	0.3655
1.394	0.5879	0.5858	0.3654
1.393	0.5878	0.5858	0.3654
1.392	0.5877	0.5857	0.3654
1.391	0.5877	0.5856	0.3653
1.390	0.5875	0.5855	0.3653
1.389	0.5874	0.5854	0.3653
1.388	0.5874	0.5853	0.3652
1.387	0.5873	0.5853	0.3652
1.386	0.5872	0.5852	0.3652
1.385	0.5871	0.5851	0.3651
1.384	0.5869	0.5849	0.3651
1.383	0.5868	0.5848	0.3651
1.382	0.5867	0.5848	0.365
1.381	0.5866	0.5846	0.365
1.380	0.5865	0.5845	0.365
1.379	0.5864	0.5844	0.3649
1.378	0.5863	0.5843	0.3649
1.377	0.5862	0.5842	0.3648
1.376	0.5861	0.5841	0.3648
1.375	0.586	0.584	0.3648
1.374	0.5859	0.5839	0.3647
1.373	0.5858	0.5838	0.3647
1.372	0.5857	0.5837	0.3647
1.371	0.5856	0.5836	0.3646
1.370	0.5855	0.5835	0.3646
1.369	0.5854	0.5834	0.3645
1.368	0.5853	0.5833	0.3645
1.367	0.5852	0.5832	0.3645
1.366	0.5852	0.5831	0.3644
1.365	0.5851	0.583	0.3644
1.364	0.585	0.5829	0.3644
1.363	0.5849	0.5828	0.3643
1.362	0.5848	0.5827	0.3643
1.361	0.5848	0.5826	0.3642
1.360	0.5847	0.5825	0.3642
1.359	0.5845	0.5825	0.3642
1.358	0.5844	0.5824	0.3641
1.357	0.5843	0.5823	0.3641
1.356	0.5842	0.5822	0.3641
1.355	0.5841	0.5821	0.364
1.354	0.584	0.582	0.364
1.353	0.5839	0.5819	0.364
1.352	0.5838	0.5818	0.3639
1.351	0.5837	0.5817	0.3639
1.350	0.5836	0.5816	0.3638
1.349	0.5835	0.5815	0.3638
1.348	0.5834	0.5814	0.3638
1.347	0.5833	0.5813	0.3637
1.346	0.5832	0.5811	0.3636
1.345	0.5831	0.581	0.3636
1.344	0.583	0.5809	0.3636
1.343	0.5829	0.5808	0.3635
1.342	0.5828	0.5807	0.3635
1.341	0.5828	0.5806	0.3635
1.340	0.5827	0.5805	0.3634
1.339	0.5826	0.5804	0.3634
1.338	0.5825	0.5802	0.3634
1.337	0.5823	0.5801	0.3633
1.336	0.5823	0.58	0.3633
1.335	0.5822	0.5799	0.3632
1.334	0.5821	0.5798	0.3632
1.333	0.582	0.5797	0.3632
1.332	0.5819	0.5796	0.3631
1.331	0.5818	0.5795	0.3631
1.330	0.5817	0.5794	0.363
1.329	0.5816	0.5793	0.363
1.328	0.5815	0.5792	0.3629
1.327	0.5814	0.5791	0.3629
1.326	0.5813	0.5791	0.3629
1.325	0.5812	0.579	0.3628
1.324	0.5811	0.5789	0.3628
1.323	0.581	0.5788	0.3628
1.322	0.5809	0.5787	0.3627
1.321	0.5808	0.5786	0.3627
1.320	0.5807	0.5785	0.3627
1.319	0.5806	0.5784	0.3626
1.318	0.5805	0.5783	0.3626
1.317	0.5804	0.5782	0.3625
1.316	0.5802	0.5781	0.3625
1.315	0.5801	0.578	0.3624
1.314	0.58	0.5779	0.3624
1.313	0.5799	0.5778	0.3624
1.312	0.5798	0.5777	0.3623
1.311	0.5797	0.5776	0.3623
1.310	0.5796	0.5775	0.3623
1.309	0.5795	0.5775	0.3622
1.308	0.5794	0.5774	0.3622
1.307	0.5793	0.5773	0.3622
1.306	0.5792	0.5772	0.3621
1.305	0.5791	0.5771	0.3621
1.304	0.579	0.577	0.362
1.303	0.5789	0.5769	0.362
1.302	0.5788	0.5768	0.3619
1.301	0.5788	0.5767	0.3619
1.300	0.5787	0.5766	0.3618
1.299	0.5786	0.5765	0.3618
1.298	0.5785	0.5764	0.3618
1.297	0.5784	0.5764	0.3617
1.296	0.5783	0.5763	0.3617
1.295	0.5782	0.5762	0.3616
1.294	0.5781	0.576	0.3616
1.293	0.578	0.5759	0.3615
1.292	0.5779	0.5758	0.3615
1.291	0.5778	0.5757	0.3614
1.290	0.5777	0.5756	0.3614
1.289	0.5775	0.5755	0.3613
1.288	0.5774	0.5754	0.3613
1.287	0.5773	0.5753	0.3613
1.286	0.5773	0.5752	0.3612
1.285	0.5771	0.5751	0.3612
1.284	0.577	0.575	0.3611
1.283	0.5768	0.5749	0.3611
1.282	0.5767	0.5748	0.3611
1.281	0.5766	0.5746	0.361
1.280	0.5765	0.5746	0.361
1.279	0.5764	0.5745	0.361
1.278	0.5763	0.5744	0.3609
1.277	0.5762	0.5743	0.3609
1.276	0.5761	0.5742	0.3609
1.275	0.576	0.5741	0.3609
1.274	0.5759	0.574	0.3608
1.273	0.5758	0.5739	0.3608
1.272	0.5757	0.5738	0.3607
1.271	0.5756	0.5737	0.3607
1.270	0.5755	0.5736	0.3607
1.269	0.5755	0.5735	0.3606
1.268	0.5754	0.5733	0.3606
1.267	0.5753	0.5733	0.3606
1.266	0.5752	0.5731	0.3605
1.265	0.5751	0.573	0.3605
1.264	0.5749	0.5729	0.3605
1.263	0.5748	0.5728	0.3604
1.262	0.5747	0.5727	0.3604
1.261	0.5746	0.5727	0.3604
1.260	0.5746	0.5726	0.3603
1.259	0.5745	0.5724	0.3603
1.258	0.5744	0.5723	0.3602
1.257	0.5742	0.5722	0.3602
1.256	0.5742	0.5721	0.3602
1.255	0.574	0.572	0.3601
1.254	0.5739	0.5719	0.3601
1.253	0.5738	0.5718	0.3601
1.252	0.5738	0.5717	0.36
1.251	0.5737	0.5717	0.36
1.250	0.5736	0.5716	0.36
1.249	0.5735	0.5714	0.3599
1.248	0.5735	0.5713	0.3599
1.247	0.5733	0.5713	0.3598
1.246	0.5732	0.5712	0.3598
1.245	0.5732	0.5711	0.3597
1.244	0.573	0.571	0.3597
1.243	0.5729	0.5708	0.3597
1.242	0.5728	0.5707	0.3596
1.241	0.5727	0.5707	0.3596
1.240	0.5725	0.5706	0.3596
1.239	0.5725	0.5705	0.3595
1.238	0.5724	0.5704	0.3595
1.237	0.5723	0.5703	0.3594
1.236	0.5722	0.5701	0.3594
1.235	0.5721	0.57	0.3594
1.234	0.572	0.5699	0.3593
1.233	0.5719	0.5697	0.3593
1.232	0.5717	0.5696	0.3593
1.231	0.5717	0.5694	0.3592
1.230	0.5715	0.5693	0.3592
1.229	0.5714	0.5692	0.3591
1.228	0.5713	0.5691	0.3591
1.227	0.5712	0.569	0.3591
1.226	0.5711	0.5688	0.359
1.225	0.571	0.5687	0.359
1.224	0.5709	0.5686	0.359
1.223	0.5708	0.5685	0.3589
1.222	0.5707	0.5683	0.3589
1.221	0.5706	0.5682	0.3588
1.220	0.5705	0.5682	0.3588
1.219	0.5704	0.5681	0.3588
1.218	0.5702	0.568	0.3587
1.217	0.5701	0.5679	0.3587
1.216	0.57	0.5678	0.3587
1.215	0.5699	0.5677	0.3586
1.214	0.5698	0.5676	0.3586
1.213	0.5697	0.5675	0.3585
1.212	0.5695	0.5674	0.3585
1.211	0.5694	0.5673	0.3585
1.210	0.5692	0.5672	0.3584
1.209	0.5691	0.5671	0.3584
1.208	0.569	0.567	0.3584
1.207	0.5689	0.5668	0.3583
1.206	0.5688	0.5667	0.3583
1.205	0.5687	0.5666	0.3583
1.204	0.5686	0.5665	0.3582
1.203	0.5684	0.5663	0.3582
1.202	0.5683	0.5662	0.3581
1.201	0.5681	0.5661	0.3581
1.200	0.568	0.566	0.358
1.199	0.5679	0.5659	0.358
1.198	0.5678	0.5658	0.358
1.197	0.5677	0.5657	0.3579
1.196	0.5676	0.5656	0.3579
1.195	0.5675	0.5655	0.3579
1.194	0.5674	0.5654	0.3578
1.193	0.5673	0.5653	0.3578
1.192	0.5672	0.5651	0.3578
1.191	0.567	0.5651	0.3577
1.190	0.5669	0.565	0.3577
1.189	0.5668	0.5648	0.3576
1.188	0.5666	0.5647	0.3576
1.187	0.5665	0.5646	0.3576
1.186	0.5664	0.5646	0.3575
1.185	0.5663	0.5644	0.3575
1.184	0.5662	0.5643	0.3574
1.183	0.5661	0.5642	0.3574
1.182	0.566	0.564	0.3573
1.181	0.5659	0.5639	0.3573
1.180	0.5658	0.5638	0.3573
1.179	0.5657	0.5637	0.3572
1.178	0.5655	0.5636	0.3572
1.177	0.5654	0.5634	0.3571
1.176	0.5653	0.5633	0.3571
1.175	0.5652	0.5632	0.3571
1.174	0.5651	0.5631	0.357
1.173	0.565	0.563	0.357
1.172	0.5649	0.5629	0.3569
1.171	0.5648	0.5628	0.3569
1.170	0.5647	0.5627	0.3569
1.169	0.5646	0.5626	0.3568
1.168	0.5645	0.5625	0.3568
1.167	0.5643	0.5623	0.3568
1.166	0.5642	0.5622	0.3567
1.165	0.5641	0.5621	0.3567
1.164	0.564	0.562	0.3566
1.163	0.5639	0.5618	0.3566
1.162	0.5638	0.5617	0.3565
1.161	0.5636	0.5616	0.3565
1.160	0.5635	0.5615	0.3565
1.159	0.5635	0.5613	0.3564
1.158	0.5633	0.5612	0.3564
1.157	0.5633	0.5611	0.3563
1.156	0.5632	0.5611	0.3563
1.155	0.5631	0.561	0.3562
1.154	0.563	0.5609	0.3562
1.153	0.5629	0.5608	0.3561
1.152	0.5628	0.5607	0.3561
1.151	0.5627	0.5606	0.356
1.150	0.5625	0.5605	0.356
1.149	0.5624	0.5604	0.356
1.148	0.5622	0.5603	0.3559
1.147	0.5621	0.5602	0.3558
1.146	0.562	0.5601	0.3558
1.145	0.5619	0.56	0.3558
1.144	0.5618	0.5598	0.3557
1.143	0.5617	0.5597	0.3557
1.142	0.5616	0.5595	0.3557
1.141	0.5614	0.5593	0.3556
1.140	0.5613	0.5592	0.3556
1.139	0.5612	0.5591	0.3555
1.138	0.5611	0.559	0.3555
1.137	0.561	0.5589	0.3554
1.136	0.5609	0.5588	0.3554
1.135	0.5608	0.5587	0.3553
1.134	0.5606	0.5586	0.3553
1.133	0.5605	0.5585	0.3552
1.132	0.5604	0.5584	0.3551
1.131	0.5603	0.5583	0.3551
1.130	0.5602	0.5581	0.3551
1.129	0.5601	0.558	0.355
1.128	0.5601	0.5579	0.3549
1.127	0.5599	0.5578	0.3549
1.126	0.5598	0.5577	0.3549
1.125	0.5597	0.5576	0.3548
1.124	0.5596	0.5575	0.3548
1.123	0.5595	0.5574	0.3547
1.122	0.5594	0.5573	0.3547
1.121	0.5593	0.5572	0.3547
1.120	0.5592	0.5571	0.3546
1.119	0.5591	0.557	0.3546
1.118	0.559	0.5569	0.3545
1.117	0.5589	0.5568	0.3545
1.116	0.5588	0.5567	0.3545
1.115	0.5587	0.5566	0.3544
1.114	0.5585	0.5565	0.3544
1.113	0.5584	0.5564	0.3543
1.112	0.5583	0.5563	0.3543
1.111	0.5582	0.5562	0.3542
1.110	0.5581	0.5561	0.3542
1.109	0.558	0.556	0.3541
1.108	0.5578	0.5559	0.3541
1.107	0.5577	0.5558	0.3541
1.106	0.5575	0.5557	0.354
1.105	0.5574	0.5556	0.354
1.104	0.5573	0.5555	0.3539
1.103	0.5572	0.5554	0.3539
1.102	0.5571	0.5552	0.3538
1.101	0.557	0.5552	0.3538
1.100	0.5569	0.5551	0.3538
1.099	0.5568	0.555	0.3537
1.098	0.5566	0.5549	0.3537
1.097	0.5565	0.5548	0.3537
1.096	0.5564	0.5547	0.3536
1.095	0.5562	0.5546	0.3535
1.094	0.5562	0.5545	0.3535
1.093	0.556	0.5543	0.3534
1.092	0.5559	0.5543	0.3534
1.091	0.5558	0.5541	0.3533
1.090	0.5558	0.554	0.3533
1.089	0.5557	0.5538	0.3532
1.088	0.5556	0.5537	0.3532
1.087	0.5554	0.5536	0.3531
1.086	0.5553	0.5534	0.3531
1.085	0.5552	0.5533	0.353
1.084	0.5551	0.5532	0.3529
1.083	0.555	0.5531	0.3529
1.082	0.5549	0.5528	0.3529
1.081	0.5547	0.5528	0.3528
1.080	0.5546	0.5526	0.3527
1.079	0.5545	0.5524	0.3527
1.078	0.5543	0.5523	0.3526
1.077	0.5542	0.5522	0.3526
1.076	0.5541	0.5521	0.3526
1.075	0.554	0.552	0.3525
1.074	0.5539	0.5519	0.3525
1.073	0.5537	0.5517	0.3524
1.072	0.5536	0.5516	0.3524
1.071	0.5534	0.5515	0.3523
1.070	0.5534	0.5514	0.3523
1.069	0.5532	0.5513	0.3522
1.068	0.5531	0.5512	0.3522
1.067	0.553	0.5511	0.3521
1.066	0.5528	0.551	0.3521
1.065	0.5528	0.5508	0.352
1.064	0.5526	0.5507	0.352
1.063	0.5525	0.5506	0.352
1.062	0.5524	0.5505	0.3519
1.061	0.5523	0.5503	0.3519
1.060	0.5522	0.5502	0.3518
1.059	0.552	0.5501	0.3518
1.058	0.5519	0.55	0.3517
1.057	0.5518	0.5499	0.3517
1.056	0.5517	0.5497	0.3516
1.055	0.5516	0.5496	0.3516
1.054	0.5514	0.5495	0.3515
1.053	0.5513	0.5494	0.3515
1.052	0.5511	0.5492	0.3515
1.051	0.551	0.549	0.3514
1.050	0.5508	0.5489	0.3514
1.049	0.5507	0.5488	0.3513
1.048	0.5506	0.5487	0.3513
1.047	0.5505	0.5485	0.3512
1.046	0.5504	0.5484	0.3512
1.045	0.5503	0.5483	0.3511
1.044	0.5501	0.5482	0.3511
1.043	0.55	0.548	0.351
1.042	0.5499	0.5479	0.351
1.041	0.5498	0.5478	0.3509
1.040	0.5497	0.5477	0.3509
1.039	0.5496	0.5477	0.3508
1.038	0.5494	0.5475	0.3508
1.037	0.5493	0.5474	0.3507
1.036	0.5491	0.5472	0.3507
1.035	0.549	0.5471	0.3507
1.034	0.5489	0.547	0.3506
1.033	0.5489	0.5469	0.3506
1.032	0.5487	0.5468	0.3505
1.031	0.5485	0.5467	0.3505
1.030	0.5484	0.5466	0.3504
1.029	0.5483	0.5464	0.3504
1.028	0.5481	0.5463	0.3503
1.027	0.5479	0.5462	0.3503
1.026	0.5478	0.5461	0.3502
1.025	0.5476	0.546	0.3502
1.024	0.5475	0.5459	0.3501
1.023	0.5474	0.5457	0.3501
1.022	0.5473	0.5456	0.35
1.021	0.5472	0.5454	0.35
1.020	0.5471	0.5453	0.35
1.019	0.547	0.5452	0.3499
1.018	0.5469	0.5451	0.3499
1.017	0.5468	0.5449	0.3498
1.016	0.5466	0.5448	0.3497
1.015	0.5465	0.5446	0.3497
1.014	0.5464	0.5445	0.3496
1.013	0.5463	0.5444	0.3496
1.012	0.5462	0.5442	0.3495
1.011	0.546	0.5441	0.3495
1.010	0.5459	0.544	0.3494
1.009	0.5458	0.5439	0.3494
1.008	0.5457	0.5437	0.3493
1.007	0.5455	0.5436	0.3493
1.006	0.5455	0.5434	0.3493
1.005	0.5453	0.5433	0.3492
1.004	0.5452	0.5431	0.3492
1.003	0.5451	0.543	0.3491
1.002	0.5449	0.5429	0.3491
1.001	0.5449	0.5427	0.349
1.000	0.5447	0.5426	0.349
0.999	0.5446	0.5425	0.3489
0.998	0.5445	0.5423	0.3489
0.997	0.5443	0.5422	0.3488
0.996	0.5442	0.5421	0.3488
0.995	0.544	0.542	0.3488
0.994	0.5439	0.5419	0.3487
0.993	0.5438	0.5418	0.3487
0.992	0.5436	0.5417	0.3486
0.991	0.5435	0.5416	0.3486
0.990	0.5433	0.5415	0.3485
0.989	0.5432	0.5413	0.3485
0.988	0.5431	0.5412	0.3484
0.987	0.543	0.5411	0.3484
0.986	0.5429	0.5409	0.3483
0.985	0.5427	0.5408	0.3483
0.984	0.5426	0.5407	0.3482
0.983	0.5425	0.5406	0.3482
0.982	0.5423	0.5406	0.3481
0.981	0.5422	0.5405	0.348
0.980	0.542	0.5403	0.348
0.979	0.5419	0.5402	0.348
0.978	0.5418	0.5401	0.3479
0.977	0.5417	0.54	0.3479
0.976	0.5415	0.5398	0.3478
0.975	0.5414	0.5397	0.3477
0.974	0.5413	0.5396	0.3477
0.973	0.5411	0.5395	0.3477
0.972	0.5409	0.5393	0.3476
0.971	0.5408	0.5392	0.3476
0.970	0.5407	0.5391	0.3476
0.969	0.5406	0.5389	0.3475
0.968	0.5404	0.5388	0.3475
0.967	0.5403	0.5386	0.3474
0.966	0.5402	0.5385	0.3474
0.965	0.54	0.5384	0.3473
0.964	0.5399	0.5383	0.3473
0.963	0.5397	0.5381	0.3472
0.962	0.5396	0.538	0.3472
0.961	0.5395	0.5379	0.3471
0.960	0.5394	0.5377	0.3471
0.959	0.5393	0.5376	0.347
0.958	0.5392	0.5375	0.347
0.957	0.539	0.5374	0.3469
0.956	0.5389	0.5373	0.3468
0.955	0.5387	0.5371	0.3468
0.954	0.5386	0.5369	0.3467
0.953	0.5385	0.5368	0.3467
0.952	0.5384	0.5367	0.3466
0.951	0.5383	0.5365	0.3466
0.950	0.5382	0.5365	0.3465
0.949	0.5381	0.5364	0.3465
0.948	0.538	0.5362	0.3465
0.947	0.5379	0.5362	0.3464
0.946	0.5378	0.536	0.3463
0.945	0.5377	0.5358	0.3463
0.944	0.5375	0.5357	0.3463
0.943	0.5374	0.5356	0.3462
0.942	0.5373	0.5354	0.3461
0.941	0.5372	0.5352	0.3461
0.940	0.537	0.535	0.346
0.939	0.5369	0.5348	0.346
0.938	0.5367	0.5347	0.3459
0.937	0.5366	0.5346	0.3459
0.936	0.5365	0.5345	0.3458
0.935	0.5364	0.5343	0.3458
0.934	0.5363	0.5342	0.3457
0.933	0.5361	0.534	0.3456
0.932	0.536	0.5338	0.3456
0.931	0.5358	0.5337	0.3455
0.930	0.5356	0.5336	0.3455
0.929	0.5355	0.5335	0.3454
0.928	0.5353	0.5334	0.3454
0.927	0.5352	0.5332	0.3453
0.926	0.5351	0.5331	0.3453
0.925	0.5349	0.533	0.3453
0.924	0.5348	0.5328	0.3452
0.923	0.5347	0.5327	0.3452
0.922	0.5346	0.5326	0.3451
0.921	0.5344	0.5325	0.3451
0.920	0.5343	0.5323	0.345
0.919	0.5342	0.5322	0.345
0.918	0.5341	0.5321	0.3449
0.917	0.534	0.532	0.3449
0.916	0.5338	0.5319	0.3448
0.915	0.5337	0.5317	0.3448
0.914	0.5336	0.5316	0.3447
0.913	0.5334	0.5314	0.3446
0.912	0.5333	0.5313	0.3446
0.911	0.5331	0.5311	0.3445
0.910	0.533	0.531	0.3445
0.909	0.5329	0.5309	0.3444
0.908	0.5327	0.5307	0.3444
0.907	0.5325	0.5306	0.3443
0.906	0.5324	0.5305	0.3443
0.905	0.5323	0.5304	0.3442
0.904	0.5321	0.5303	0.3442
0.903	0.532	0.5302	0.3441
0.902	0.5318	0.5301	0.344
0.901	0.5316	0.5299	0.344
0.900	0.5314	0.5298	0.3439
0.899	0.5312	0.5297	0.3438
0.898	0.5311	0.5295	0.3438
0.897	0.5309	0.5293	0.3437
0.896	0.5308	0.5291	0.3437
0.895	0.5307	0.529	0.3437
0.894	0.5305	0.5289	0.3436
0.893	0.5303	0.5287	0.3435
0.892	0.5301	0.5286	0.3435
0.891	0.53	0.5284	0.3434
0.890	0.5299	0.5283	0.3434
0.889	0.5297	0.5281	0.3433
0.888	0.5295	0.528	0.3433
0.887	0.5293	0.5279	0.3432
0.886	0.5292	0.5277	0.3431
0.885	0.5291	0.5276	0.3431
0.884	0.529	0.5274	0.3431
0.883	0.5288	0.5273	0.343
0.882	0.5287	0.5271	0.3429
0.881	0.5285	0.5269	0.3429
0.880	0.5284	0.5267	0.3429
0.879	0.5283	0.5265	0.3428
0.878	0.5281	0.5264	0.3428
0.877	0.5279	0.5263	0.3427
0.876	0.5278	0.5261	0.3427
0.875	0.5276	0.5259	0.3426
0.874	0.5274	0.5258	0.3425
0.873	0.5273	0.5256	0.3425
0.872	0.5271	0.5255	0.3424
0.871	0.5269	0.5253	0.3424
0.870	0.5268	0.5251	0.3423
0.869	0.5266	0.525	0.3423
0.868	0.5265	0.5249	0.3422
0.867	0.5263	0.5247	0.3422
0.866	0.5261	0.5246	0.3421
0.865	0.526	0.5244	0.3421
0.864	0.5257	0.5242	0.342
0.863	0.5256	0.5241	0.342
0.862	0.5254	0.5239	0.3419
0.861	0.5252	0.5238	0.3419
0.860	0.5251	0.5236	0.3418
0.859	0.525	0.5235	0.3418
0.858	0.5249	0.5233	0.3417
0.857	0.5248	0.5231	0.3417
0.856	0.5246	0.523	0.3416
0.855	0.5245	0.5228	0.3415
0.854	0.5243	0.5226	0.3415
0.853	0.5241	0.5225	0.3415
0.852	0.5239	0.5223	0.3414
0.851	0.5238	0.5221	0.3413
0.850	0.5236	0.522	0.3413
0.849	0.5234	0.5219	0.3412
0.848	0.5232	0.5217	0.3412
0.847	0.5231	0.5216	0.3411
0.846	0.5229	0.5215	0.3411
0.845	0.5228	0.5213	0.341
0.844	0.5225	0.5211	0.341
0.843	0.5223	0.5209	0.3409
0.842	0.5222	0.5208	0.3409
0.841	0.522	0.5206	0.3408
0.840	0.5219	0.5205	0.3408
0.839	0.5217	0.5204	0.3407
0.838	0.5216	0.5203	0.3407
0.837	0.5214	0.5202	0.3406
0.836	0.5212	0.52	0.3406
0.835	0.5211	0.5198	0.3405
0.834	0.5209	0.5197	0.3404
0.833	0.5208	0.5195	0.3404
0.832	0.5206	0.5194	0.3403
0.831	0.5204	0.5192	0.3403
0.830	0.5202	0.5191	0.3402
0.829	0.52	0.5189	0.3402
0.828	0.5199	0.5187	0.3401
0.827	0.5197	0.5184	0.3401
0.826	0.5196	0.5183	0.34
0.825	0.5194	0.5181	0.34
0.824	0.5192	0.518	0.3399
0.823	0.519	0.5178	0.3399
0.822	0.5188	0.5177	0.3398
0.821	0.5187	0.5176	0.3398
0.820	0.5185	0.5174	0.3397
0.819	0.5184	0.5173	0.3396
0.818	0.5183	0.5172	0.3396
0.817	0.5181	0.517	0.3395
0.816	0.518	0.5168	0.3394
0.815	0.5178	0.5166	0.3394
0.814	0.5176	0.5165	0.3393
0.813	0.5174	0.5163	0.3393
0.812	0.5173	0.5162	0.3392
0.811	0.5171	0.516	0.3391
0.810	0.5171	0.5158	0.3391
0.809	0.5169	0.5157	0.3391
0.808	0.5167	0.5156	0.339
0.807	0.5166	0.5154	0.339
0.806	0.5164	0.5152	0.3389
0.805	0.5163	0.515	0.3389
0.804	0.5161	0.5149	0.3388
0.803	0.5159	0.5148	0.3387
0.802	0.5158	0.5146	0.3387
0.801	0.5157	0.5145	0.3386
0.800	0.5156	0.5143	0.3386
0.799	0.5154	0.5141	0.3385
0.798	0.5152	0.514	0.3384
0.797	0.5151	0.5138	0.3384
0.796	0.5149	0.5137	0.3383
0.795	0.5148	0.5135	0.3383
0.794	0.5146	0.5134	0.3382
0.793	0.5145	0.5132	0.3382
0.792	0.5143	0.513	0.3381
0.791	0.5141	0.5128	0.338
0.790	0.514	0.5127	0.338
0.789	0.5138	0.5125	0.3379
0.788	0.5136	0.5124	0.3379
0.787	0.5134	0.5122	0.3378
0.786	0.5133	0.5121	0.3378
0.785	0.5131	0.512	0.3377
0.784	0.5129	0.5118	0.3377
0.783	0.5127	0.5117	0.3376
0.782	0.5125	0.5115	0.3375
0.781	0.5123	0.5114	0.3374
0.780	0.5121	0.5113	0.3374
0.779	0.5119	0.511	0.3373
0.778	0.5117	0.5108	0.3372
0.777	0.5116	0.5107	0.3372
0.776	0.5114	0.5106	0.3371
0.775	0.5113	0.5104	0.3371
0.774	0.5111	0.5103	0.337
0.773	0.5109	0.5101	0.337
0.772	0.5108	0.51	0.3369
0.771	0.5106	0.5099	0.3368
0.770	0.5104	0.5097	0.3368
0.769	0.5103	0.5095	0.3367
0.768	0.5101	0.5094	0.3367
0.767	0.5099	0.5093	0.3366
0.766	0.5098	0.5091	0.3365
0.765	0.5096	0.509	0.3365
0.764	0.5094	0.5089	0.3364
0.763	0.5092	0.5086	0.3364
0.762	0.5091	0.5085	0.3363
0.761	0.5089	0.5083	0.3362
0.760	0.5088	0.5081	0.3362
0.759	0.5086	0.5079	0.3361
0.758	0.5084	0.5078	0.3361
0.757	0.5082	0.5077	0.336
0.756	0.5081	0.5075	0.3359
0.755	0.508	0.5073	0.3358
0.754	0.5079	0.5071	0.3358
0.753	0.5077	0.507	0.3357
0.752	0.5075	0.5068	0.3356
0.751	0.5075	0.5066	0.3355
0.750	0.5072	0.5065	0.3355
0.749	0.5071	0.5064	0.3354
0.748	0.5069	0.5062	0.3354
0.747	0.5067	0.5061	0.3353
0.746	0.5066	0.5059	0.3352
0.745	0.5064	0.5057	0.3352
0.744	0.5062	0.5055	0.3351
0.743	0.5061	0.5053	0.335
0.742	0.506	0.5052	0.335
0.741	0.5058	0.505	0.3349
0.740	0.5056	0.5048	0.3348
0.739	0.5055	0.5047	0.3348
0.738	0.5054	0.5045	0.3347
0.737	0.5052	0.5044	0.3346
0.736	0.505	0.5042	0.3346
0.735	0.5049	0.504	0.3345
0.734	0.5048	0.5038	0.3344
0.733	0.5046	0.5037	0.3344
0.732	0.5045	0.5035	0.3343
0.731	0.5043	0.5034	0.3342
0.730	0.5041	0.5033	0.3342
0.729	0.5039	0.5032	0.3341
0.728	0.5037	0.503	0.334
0.727	0.5035	0.5028	0.334
0.726	0.5033	0.5027	0.3339
0.725	0.5031	0.5025	0.3338
0.724	0.5028	0.5024	0.3338
0.723	0.5027	0.5023	0.3337
0.722	0.5025	0.5021	0.3336
0.721	0.5023	0.5019	0.3336
0.720	0.5022	0.5017	0.3335
0.719	0.502	0.5016	0.3334
0.718	0.5018	0.5014	0.3334
0.717	0.5016	0.5012	0.3333
0.716	0.5015	0.5011	0.3332
0.715	0.5013	0.5009	0.3331
0.714	0.5012	0.5007	0.3331
0.713	0.501	0.5005	0.333
0.712	0.501	0.5003	0.333
0.711	0.5008	0.5	0.3329
0.710	0.5006	0.4999	0.3329
0.709	0.5004	0.4997	0.3328
0.708	0.5002	0.4995	0.3327
0.707	0.5	0.4993	0.3327
0.706	0.4998	0.4992	0.3326
0.705	0.4996	0.4991	0.3326
0.704	0.4995	0.4989	0.3325
0.703	0.4993	0.4987	0.3325
0.702	0.4991	0.4986	0.3324
0.701	0.499	0.4984	0.3323
0.700	0.4989	0.4982	0.3323
0.699	0.4987	0.498	0.3322
0.698	0.4985	0.4979	0.3322
0.697	0.4983	0.4977	0.3321
0.696	0.4981	0.4975	0.332
0.695	0.4978	0.4974	0.332
0.694	0.4976	0.4972	0.3319
0.693	0.4974	0.497	0.3318
0.692	0.4973	0.4969	0.3317
0.691	0.4971	0.4967	0.3317
0.690	0.4969	0.4965	0.3316
0.689	0.4967	0.4963	0.3315
0.688	0.4965	0.496	0.3315
0.687	0.4963	0.4959	0.3314
0.686	0.4962	0.4957	0.3313
0.685	0.4959	0.4955	0.3313
0.684	0.4957	0.4953	0.3312
0.683	0.4956	0.4951	0.3311
0.682	0.4953	0.4949	0.331
0.681	0.4952	0.4947	0.331
0.680	0.495	0.4945	0.3309
0.679	0.4948	0.4942	0.3308
0.678	0.4946	0.494	0.3308
0.677	0.4943	0.4938	0.3307
0.676	0.4942	0.4935	0.3306
0.675	0.494	0.4933	0.3306
0.674	0.4939	0.4931	0.3305
0.673	0.4937	0.4929	0.3305
0.672	0.4935	0.4928	0.3304
0.671	0.4933	0.4926	0.3304
0.670	0.4932	0.4924	0.3303
0.669	0.4929	0.4922	0.3302
0.668	0.4927	0.492	0.3302
0.667	0.4925	0.4918	0.3301
0.666	0.4923	0.4916	0.33
0.665	0.4921	0.4914	0.33
0.664	0.492	0.4912	0.3299
0.663	0.4918	0.491	0.3298
0.662	0.4916	0.4908	0.3298
0.661	0.4915	0.4907	0.3297
0.660	0.4913	0.4906	0.3296
0.659	0.4912	0.4904	0.3295
0.658	0.491	0.4901	0.3294
0.657	0.4908	0.4899	0.3294
0.656	0.4906	0.4897	0.3293
0.655	0.4904	0.4895	0.3292
0.654	0.4902	0.4893	0.3292
0.653	0.49	0.4891	0.3291
0.652	0.4898	0.4888	0.329
0.651	0.4896	0.4886	0.3289
0.650	0.4895	0.4885	0.3289
0.649	0.4893	0.4882	0.3288
0.648	0.4891	0.488	0.3287
0.647	0.4889	0.4878	0.3286
0.646	0.4886	0.4877	0.3286
0.645	0.4885	0.4874	0.3285
0.644	0.4883	0.4872	0.3284
0.643	0.488	0.487	0.3283
0.642	0.4878	0.4868	0.3283
0.641	0.4876	0.4866	0.3282
0.640	0.4874	0.4864	0.3281
0.639	0.4871	0.4862	0.328
0.638	0.4869	0.4859	0.328
0.637	0.4867	0.4857	0.3279
0.636	0.4866	0.4855	0.3278
0.635	0.4864	0.4852	0.3277
0.634	0.4862	0.4849	0.3277
0.633	0.4861	0.4847	0.3276
0.632	0.4858	0.4845	0.3275
0.631	0.4856	0.4843	0.3275
0.630	0.4854	0.484	0.3274
0.629	0.4852	0.4838	0.3274
0.628	0.4849	0.4835	0.3273
0.627	0.4847	0.4833	0.3272
0.626	0.4845	0.4831	0.3272
0.625	0.4842	0.4829	0.3271
0.624	0.484	0.4826	0.327
0.623	0.4837	0.4824	0.3269
0.622	0.4835	0.4822	0.3269
0.621	0.4833	0.4819	0.3268
0.620	0.483	0.4816	0.3267
0.619	0.4828	0.4814	0.3266
0.618	0.4825	0.4811	0.3266
0.617	0.4823	0.4809	0.3265
0.616	0.4821	0.4808	0.3264
0.615	0.4819	0.4805	0.3263
0.614	0.4817	0.4802	0.3262
0.613	0.4815	0.48	0.3262
0.612	0.4812	0.4798	0.3261
0.611	0.4809	0.4796	0.326
0.610	0.4806	0.4792	0.3259
0.609	0.4804	0.479	0.3259
0.608	0.4802	0.4786	0.3258
0.607	0.48	0.4785	0.3257
0.606	0.4797	0.4782	0.3256
0.605	0.4794	0.478	0.3255
0.604	0.4793	0.4778	0.3255
0.603	0.4791	0.4776	0.3254
0.602	0.4788	0.4773	0.3253
0.601	0.4786	0.4771	0.3253
0.600	0.4783	0.4767	0.3252
0.599	0.478	0.4764	0.3251
0.598	0.4778	0.4763	0.325
0.597	0.4776	0.4759	0.3249
0.596	0.4773	0.4757	0.3249
0.595	0.4769	0.4754	0.3248
0.594	0.4767	0.4751	0.3247
0.593	0.4765	0.4748	0.3246
0.592	0.4763	0.4746	0.3245
0.591	0.476	0.4742	0.3245
0.590	0.4759	0.474	0.3244
0.589	0.4756	0.4738	0.3243
0.588	0.4753	0.4734	0.3242
0.587	0.4749	0.4732	0.3241
0.586	0.4745	0.473	0.3241
0.585	0.4742	0.4728	0.324
0.584	0.474	0.4725	0.3239
0.583	0.4737	0.4722	0.3239
0.582	0.4735	0.4718	0.3238
0.581	0.4732	0.4716	0.3237
0.580	0.473	0.4713	0.3235
0.579	0.4728	0.471	0.3234
0.578	0.4725	0.4705	0.3234
0.577	0.4723	0.4703	0.3233
0.576	0.472	0.4701	0.3232
0.575	0.4716	0.4698	0.3231
0.574	0.4713	0.4695	0.323
0.573	0.471	0.4692	0.3229
0.572	0.4708	0.4689	0.3228
0.571	0.4704	0.4687	0.3228
0.570	0.4702	0.4684	0.3227
0.569	0.4699	0.468	0.3226
0.568	0.4696	0.4678	0.3226
0.567	0.4693	0.4676	0.3225
0.566	0.469	0.4672	0.3224
0.565	0.4687	0.467	0.3223
0.564	0.4685	0.4668	0.3223
0.563	0.4681	0.4665	0.3222
0.562	0.4679	0.4664	0.3221
0.561	0.4676	0.4661	0.3221
0.560	0.4673	0.4658	0.322
0.559	0.467	0.4655	0.3219
0.558	0.4667	0.4652	0.3218
0.557	0.4663	0.4649	0.3218
0.556	0.4661	0.4645	0.3217
0.555	0.4658	0.4642	0.3216
0.554	0.4655	0.4639	0.3215
0.553	0.4652	0.4636	0.3214
0.552	0.4649	0.4634	0.3213
0.551	0.4646	0.463	0.3211
0.550	0.4643	0.4627	0.321
0.549	0.464	0.4623	0.3209
0.548	0.4637	0.4621	0.3208
0.547	0.4635	0.4618	0.3207
0.546	0.4632	0.4615	0.3206
0.545	0.4628	0.4611	0.3205
0.544	0.4625	0.4608	0.3204
0.543	0.4622	0.4605	0.3203
0.542	0.462	0.4603	0.3203
0.541	0.4616	0.4599	0.3202
0.540	0.4612	0.4596	0.3201
0.539	0.4609	0.4593	0.32
0.538	0.4606	0.4591	0.3199
0.537	0.4603	0.4588	0.3199
0.536	0.46	0.4585	0.3198
0.535	0.4596	0.4583	0.3197
0.534	0.4593	0.458	0.3196
0.533	0.4591	0.4577	0.3195
0.532	0.4588	0.4572	0.3194
0.531	0.4584	0.457	0.3193
0.530	0.458	0.4566	0.3192
0.529	0.4577	0.4563	0.3191
0.528	0.4575	0.4559	0.319
0.527	0.4573	0.4555	0.319
0.526	0.457	0.4552	0.3189
0.525	0.4567	0.4549	0.3188
0.524	0.4564	0.4546	0.3187
0.523	0.4561	0.4543	0.3186
0.522	0.4559	0.4538	0.3185
0.521	0.4555	0.4534	0.3185
0.520	0.4551	0.4529	0.3183
0.519	0.4546	0.4525	0.3183
0.518	0.4542	0.4522	0.3182
0.517	0.4539	0.4518	0.3181
0.516	0.4536	0.4515	0.318
0.515	0.4533	0.4512	0.3179
0.514	0.4529	0.4509	0.3178
0.513	0.4526	0.4505	0.3177
0.512	0.4521	0.4501	0.3176
0.511	0.4519	0.4498	0.3175
0.510	0.4515	0.4495	0.3174
0.509	0.4512	0.449	0.3173
0.508	0.451	0.4487	0.3172
0.507	0.4506	0.4481	0.3172
0.506	0.4502	0.4477	0.3171
0.505	0.4498	0.4474	0.317
0.504	0.4495	0.4471	0.3169
0.503	0.4491	0.4468	0.3168
0.502	0.4487	0.4463	0.3166
0.501	0.4484	0.4461	0.3166
0.500	0.4481	0.4458	0.3165
0.499	0.4477	0.4453	0.3164
0.498	0.4474	0.445	0.3163
0.497	0.4472	0.4446	0.3162
0.496	0.4468	0.4442	0.3161
0.495	0.4464	0.4439	0.316
0.494	0.446	0.4436	0.3159
0.493	0.4456	0.4432	0.3158
0.492	0.4452	0.4429	0.3157
0.491	0.4448	0.4425	0.3156
0.490	0.4445	0.4421	0.3155
0.489	0.4441	0.4418	0.3154
0.488	0.4436	0.4413	0.3153
0.487	0.4431	0.4409	0.3152
0.486	0.4428	0.4404	0.315
0.485	0.4424	0.4402	0.315
0.484	0.4419	0.4398	0.3149
0.483	0.4416	0.4396	0.3148
0.482	0.4413	0.4391	0.3147
0.481	0.4407	0.4387	0.3145
0.480	0.4404	0.4382	0.3145
0.479	0.4401	0.4378	0.3144
0.478	0.4398	0.4376	0.3143
0.477	0.4393	0.4372	0.3142
0.476	0.4388	0.4369	0.3141
0.475	0.4383	0.4366	0.314
0.474	0.4378	0.4359	0.3139
0.473	0.4374	0.4354	0.3138
0.472	0.4368	0.435	0.3137
0.471	0.4364	0.4348	0.3136
0.470	0.436	0.4346	0.3135
0.469	0.4356	0.4341	0.3134
0.468	0.4352	0.4337	0.3133
0.467	0.4349	0.4333	0.3132
0.466	0.4344	0.4328	0.3131
0.465	0.4339	0.4325	0.313
0.464	0.4334	0.432	0.3129
0.463	0.433	0.4314	0.3128
0.462	0.4326	0.4308	0.3127
0.461	0.4322	0.4304	0.3126
0.460	0.4318	0.4299	0.3124
0.459	0.4315	0.4295	0.3123
0.458	0.4311	0.4291	0.3122
0.457	0.4307	0.4287	0.3122
0.456	0.4304	0.4283	0.3121
0.455	0.43	0.428	0.312
0.454	0.4295	0.4275	0.3118
0.453	0.4289	0.4271	0.3117
0.452	0.4285	0.4268	0.3116
0.451	0.4281	0.4262	0.3115
0.450	0.4275	0.4255	0.3114
0.449	0.4269	0.425	0.3112
0.448	0.4266	0.4246	0.3111
0.447	0.4263	0.4241	0.311
0.446	0.4258	0.4235	0.3108
0.445	0.4254	0.423	0.3107
0.444	0.4248	0.4225	0.3105
0.443	0.4245	0.4221	0.3104
0.442	0.4239	0.4215	0.3103
0.441	0.4231	0.421	0.3101
0.440	0.4225	0.4206	0.31
0.439	0.4221	0.4199	0.3098
0.438	0.4216	0.4194	0.3098
0.437	0.4211	0.4189	0.3097
0.436	0.4206	0.4183	0.3095
0.435	0.42	0.4178	0.3094
0.434	0.4195	0.4173	0.3093
0.433	0.4188	0.4167	0.3092
0.432	0.4183	0.4163	0.3091
0.431	0.4178	0.4157	0.309
0.430	0.4174	0.4151	0.3089
0.429	0.4168	0.4145	0.3088
0.428	0.4162	0.414	0.3086
0.427	0.4157	0.4134	0.3085
0.426	0.4152	0.4127	0.3084
0.425	0.4148	0.4122	0.3083
0.424	0.4143	0.4118	0.3081
0.423	0.4136	0.4112	0.308
0.422	0.4131	0.4106	0.3079
0.421	0.4125	0.4103	0.3078
0.420	0.4121	0.4095	0.3077
0.419	0.4118	0.4088	0.3076
0.418	0.4111	0.4083	0.3074
0.417	0.4106	0.4076	0.3074
0.416	0.4101	0.4069	0.3072
0.415	0.4093	0.4061	0.3071
0.414	0.4087	0.4057	0.307
0.413	0.4083	0.4051	0.3068
0.412	0.4078	0.4047	0.3067
0.411	0.4071	0.4044	0.3066
0.410	0.4065	0.4035	0.3065
0.409	0.4057	0.4029	0.3064
0.408	0.4051	0.4023	0.3063
0.407	0.4044	0.4014	0.3061
0.406	0.4036	0.4009	0.306
0.405	0.4031	0.4001	0.3059
0.404	0.4025	0.3995	0.3058
0.403	0.4019	0.3989	0.3057
0.402	0.4014	0.3984	0.3056
0.401	0.4009	0.3977	0.3055
0.400	0.4	0.3969	0.3053
0.399	0.3992	0.3964	0.3052
0.398	0.3987	0.3957	0.3051
0.397	0.3979	0.395	0.3049
0.396	0.3972	0.3943	0.3048
0.395	0.3964	0.3935	0.3046
0.394	0.3955	0.3927	0.3045
0.393	0.3945	0.3919	0.3044
0.392	0.3939	0.3913	0.3043
0.391	0.3934	0.3908	0.3041
0.390	0.3929	0.3902	0.304
0.389	0.3923	0.3894	0.3039
0.388	0.3916	0.3885	0.3037
0.387	0.3907	0.3879	0.3036
0.386	0.3899	0.3871	0.3035
0.385	0.3891	0.3865	0.3034
0.384	0.3881	0.3855	0.3033
0.383	0.3872	0.3847	0.3031
0.382	0.3865	0.3841	0.3029
0.381	0.386	0.3832	0.3028
0.380	0.3847	0.3825	0.3026
0.379	0.3841	0.3818	0.3025
0.378	0.3835	0.381	0.3023
0.377	0.3825	0.3801	0.3022
0.376	0.3817	0.3796	0.3021
0.375	0.3809	0.3788	0.3019
0.374	0.3804	0.378	0.3018
0.373	0.3796	0.3773	0.3017
0.372	0.3789	0.3764	0.3015
0.371	0.3783	0.3758	0.3014
0.370	0.3776	0.3751	0.3013
0.369	0.3768	0.3742	0.3011
0.368	0.3762	0.3732	0.301
0.367	0.3756	0.3725	0.3009
0.366	0.3748	0.3717	0.3008
0.365	0.3741	0.3709	0.3006
0.364	0.3735	0.3702	0.3005
0.363	0.3727	0.3697	0.3004
0.362	0.3718	0.3687	0.3002
0.361	0.371	0.3681	0.3001
0.360	0.3704	0.3674	0.3
0.359	0.3697	0.3666	0.2998
0.358	0.369	0.3657	0.2997
0.357	0.3678	0.3647	0.2996
0.356	0.3671	0.3638	0.2995
0.355	0.3665	0.3631	0.2993
0.354	0.366	0.3624	0.2991
0.353	0.3654	0.3616	0.2989
0.352	0.3649	0.3606	0.2987
0.351	0.3643	0.3601	0.2986
0.350	0.3636	0.3593	0.2984
0.349	0.363	0.3584	0.2982
0.348	0.3623	0.3577	0.298
0.347	0.3616	0.3569	0.2978
0.346	0.3613	0.3561	0.2976
0.345	0.3606	0.3552	0.2974
0.344	0.36	0.3541	0.2973
0.343	0.3594	0.3533	0.2971
0.342	0.3586	0.3527	0.297
0.341	0.358	0.3517	0.2968
0.340	0.3575	0.3511	0.2967
0.339	0.3569	0.3501	0.2965
0.338	0.3562	0.3492	0.2963
0.337	0.3555	0.3483	0.2962
0.336	0.3548	0.3476	0.296
0.335	0.3539	0.3463	0.2958
0.334	0.3538	0.3456	0.2956
0.333	0.353	0.3446	0.2955
0.332	0.3529	0.3436	0.2954
0.331	0.3523	0.3428	0.2952
0.330	0.3519	0.3423	0.295
0.329	0.3519	0.3416	0.2948
0.328	0.3516	0.3408	0.2946
0.327	0.3516	0.3398	0.2945
0.326	0.3516	0.3387	0.2943
0.325	0.3516	0.3378	0.2941
0.324	0.3516	0.3367	0.2939
0.323	0.3516	0.3358	0.2936
0.322	0.3516	0.3347	0.2935
0.321	0.3516	0.334	0.2933
0.320	0.3516	0.3332	0.2931
0.319	0.3516	0.3326	0.293
0.318	0.3516	0.3319	0.2928
0.317	0.3516	0.3313	0.2926
0.316	0.3516	0.3305	0.2922
0.315	0.3516	0.3297	0.2921
0.314	0.3516	0.3291	0.2919
0.313	0.3516	0.3285	0.2916
0.312	0.3516	0.3279	0.2914
0.311	0.3516	0.3271	0.2912
0.310	0.3516	0.3267	0.291
0.309	0.3516	0.3262	0.2909
0.308	0.3516	0.3256	0.2907
0.307	0.3516	0.3251	0.2903
0.306	0.3516	0.3242	0.2901
0.305	0.3516	0.3236	0.2899
0.304	0.3516	0.323	0.2897
0.303	0.3516	0.3225	0.2895
0.302	0.3516	0.3221	0.2893
0.301	0.3513	0.3216	0.2891
0.300	0.3512	0.321	0.2889
0.299	0.3512	0.3202	0.2887
0.298	0.3512	0.3197	0.2884
0.297	0.3512	0.319	0.2882
0.296	0.3512	0.3183	0.288
0.295	0.3512	0.3175	0.2877
0.294	0.3511	0.3172	0.2875
0.293	0.3509	0.3164	0.2872
0.292	0.3509	0.3159	0.287
0.291	0.3509	0.3154	0.2869
0.290	0.3508	0.3149	0.2865
0.289	0.3507	0.3144	0.2863
0.288	0.3507	0.3139	0.286
0.287	0.3507	0.3134	0.2858
0.286	0.3507	0.3128	0.2856
0.285	0.3507	0.3124	0.2853
0.284	0.3507	0.312	0.2851
0.283	0.3506	0.3114	0.2848
0.282	0.3506	0.3108	0.2846
0.281	0.3506	0.3104	0.2843
0.280	0.3506	0.3101	0.2841
0.279	0.3506	0.3096	0.2839
0.278	0.3506	0.3093	0.2837
0.277	0.3506	0.3089	0.2835
0.276	0.3506	0.3085	0.2833
0.275	0.3506	0.308	0.2831
0.274	0.3506	0.3075	0.2828
0.273	0.3506	0.3071	0.2825
0.272	0.3506	0.3067	0.2823
0.271	0.3506	0.3063	0.2821
0.270	0.3506	0.3058	0.2818
0.269	0.3506	0.3055	0.2814
0.268	0.3506	0.305	0.2812
0.267	0.3506	0.3048	0.281
0.266	0.3506	0.3043	0.2807
0.265	0.3506	0.3038	0.2804
0.264	0.3506	0.3032	0.2802
0.263	0.3506	0.3029	0.2799
0.262	0.3506	0.3027	0.2797
0.261	0.3506	0.3023	0.2793
0.260	0.3506	0.3017	0.2791
0.259	0.3506	0.3014	0.2788
0.258	0.3506	0.301	0.2785
0.257	0.3506	0.3004	0.2782
0.256	0.3506	0.3	0.2779
0.255	0.3506	0.2995	0.2776
0.254	0.3506	0.299	0.2773
0.253	0.3506	0.2986	0.277
0.252	0.3506	0.2982	0.2767
0.251	0.3506	0.2978	0.2763
0.250	0.3506	0.2975	0.2759
0.249	0.3506	0.2971	0.2755
0.248	0.3506	0.2966	0.2751
0.247	0.3506	0.2963	0.2748
0.246	0.3506	0.2959	0.2745
0.245	0.3506	0.2956	0.2742
0.244	0.3506	0.2952	0.2739
0.243	0.3506	0.2947	0.2735
0.242	0.3506	0.2941	0.273
0.241	0.3506	0.2938	0.2727
0.240	0.3506	0.2938	0.2722
0.239	0.3506	0.2937	0.2718
0.238	0.3506	0.2932	0.2714
0.237	0.3506	0.2927	0.2711
0.236	0.3506	0.2923	0.2708
0.235	0.3506	0.2921	0.2703
0.234	0.3506	0.2921	0.2699
0.233	0.3506	0.2921	0.2694
0.232	0.3506	0.2921	0.269
0.231	0.3506	0.2921	0.2688
0.230	0.3506	0.2921	0.2685
0.229	0.3506	0.2921	0.268
0.228	0.3506	0.2921	0.2677
0.227	0.3506	0.2921	0.2672
0.226	0.3506	0.2921	0.2669
0.225	0.3506	0.2921	0.2665
0.224	0.3506	0.2921	0.266
0.223	0.3506	0.2921	0.2657
0.222	0.3506	0.2921	0.2654
0.221	0.3506	0.2921	0.265
0.220	0.3506	0.2921	0.2646
0.219	0.3506	0.2921	0.2642
0.218	0.3503	0.2921	0.2638
0.217	0.3503	0.2921	0.2633
0.216	0.3503	0.2918	0.2629
0.215	0.3503	0.2913	0.2623
0.214	0.3503	0.291	0.2618
0.213	0.3503	0.2909	0.2614
0.212	0.3503	0.2909	0.2609
0.211	0.3503	0.2907	0.2604
0.210	0.3503	0.2904	0.26
0.209	0.3502	0.2902	0.2596
0.208	0.3502	0.29	0.259
0.207	0.3502	0.2899	0.2585
0.206	0.3502	0.2899	0.2581
0.205	0.3502	0.2899	0.2577
0.204	0.3502	0.2899	0.2571
0.203	0.3502	0.2899	0.2564
0.202	0.3502	0.2899	0.2556
0.201	0.3502	0.2899	0.255
0.200	0.3501	0.2899	0.2542
0.199	0.3501	0.2899	0.2534
0.198	0.3501	0.2899	0.2526
0.197	0.35	0.2899	0.2518
0.196	0.35	0.2899	0.251
0.195	0.3499	0.2899	0.2498
0.194	0.3499	0.2899	0.2488
0.193	0.3499	0.2899	0.2482
0.192	0.3499	0.2899	0.2473
0.191	0.3499	0.2899	0.2464
0.190	0.3499	0.2899	0.2455
0.189	0.3499	0.2899	0.2448
0.188	0.3499	0.2899	0.2439
0.187	0.3499	0.2899	0.2431
0.186	0.3498	0.2899	0.2419
0.185	0.3497	0.2899	0.2407
0.184	0.3496	0.2899	0.2394
0.183	0.3496	0.2899	0.2383
0.182	0.3496	0.2899	0.2374
0.181	0.3495	0.2899	0.236
0.180	0.3493	0.2899	0.2343
0.179	0.3492	0.2899	0.2325
0.178	0.3492	0.2899	0.231
0.177	0.3492	0.2899	0.2288
0.176	0.3492	0.2899	0.2264
0.175	0.3492	0.2899	0.2249
0.174	0.3492	0.2899	0.2226
0.173	0.3492	0.2899	0.2203
0.172	0.3492	0.2899	0.2163
0.171	0.3492	0.2899	0.2123
0.170	0.3492	0.2899	0.2077
0.169	0.3492	0.2899	0.1995
0.168	0.3492	0.2899	0.1912
0.167	0.3492	0.2899	0.1912
0.166	0.3491	0.2899	0.1912
0.165	0.349	0.2899	0.1912
0.164	0.3489	0.2899	0.1912
0.163	0.3489	0.2899	0.1912
0.162	0.3489	0.2899	0.1912
0.161	0.3489	0.2899	0.1912
0.160	0.3488	0.2899	0.1912
0.159	0.3487	0.2899	0.1912
0.158	0.3486	0.2899	0.1912
0.157	0.3486	0.2899	0.1912
0.156	0.3486	0.2899	0.1912
0.155	0.3485	0.2899	0.1912
0.154	0.3483	0.2899	0.1912
0.153	0.3482	0.2899	0.1912
0.152	0.3481	0.2899	0.1912
0.151	0.348	0.2899	0.1912
0.150	0.3479	0.2899	0.1912
0.149	0.3476	0.2899	0.1912
0.148	0.3474	0.2899	0.1912
0.147	0.3472	0.2899	0.1912
0.146	0.3472	0.2899	0.1912
0.145	0.3468	0.2899	0.1912
0.144	0.3466	0.2899	0.1912
0.143	0.3464	0.2899	0.1912
0.142	0.3462	0.2899	0.1912
0.141	0.3459	0.2899	0.1912
0.140	0.3456	0.2899	0.1912
0.139	0.3454	0.2899	0.1912
0.138	0.3452	0.2899	0.1912
0.137	0.3448	0.2899	0.1912
0.136	0.3445	0.2899	0.1912
0.135	0.3443	0.2899	0.1912
0.134	0.3439	0.2899	0.1912
0.133	0.3436	0.2899	0.1912
0.132	0.343	0.2899	0.1912
0.131	0.3425	0.2899	0.1912
0.130	0.3419	0.2899	0.1912
0.129	0.3412	0.2899	0.1912
0.128	0.3408	0.2899	0.1912
0.127	0.3403	0.2899	0.1912
0.126	0.3399	0.2899	0.1912
0.125	0.3394	0.2899	0.1912
0.124	0.3389	0.2899	0.1912
0.123	0.3384	0.2899	0.1912
0.122	0.3378	0.2899	0.1912
0.121	0.3371	0.2899	0.1912
0.120	0.3365	0.2899	0.1912
0.119	0.3359	0.2899	0.1912
0.118	0.3354	0.2899	0.1912
0.117	0.3352	0.2899	0.1912
0.116	0.3346	0.2899	0.1912
0.115	0.3342	0.2899	0.1912
0.114	0.3335	0.2899	0.1912
0.113	0.333	0.2899	0.1912
0.112	0.3325	0.2899	0.1912
0.111	0.332	0.2899	0.1912
0.110	0.3316	0.2899	0.1912
0.109	0.3311	0.2899	0.1912
0.108	0.3307	0.2899	0.1912
0.107	0.3303	0.2899	0.1912
0.106	0.3298	0.2899	0.1912
0.105	0.3295	0.2899	0.1912
0.104	0.3289	0.2899	0.1912
0.103	0.3285	0.2899	0.1912
0.102	0.328	0.2899	0.1912
0.101	0.3275	0.2899	0.1912
0.100	0.3271	0.2899	0.1912
0.099	0.3267	0.2899	0.1912
0.098	0.3262	0.2899	0.1912
0.097	0.3259	0.2899	0.1912
0.096	0.3255	0.2899	0.1912
0.095	0.3251	0.2899	0.1912
0.094	0.3247	0.2899	0.1912
0.093	0.3243	0.2899	0.1912
0.092	0.3239	0.2899	0.1912
0.091	0.3236	0.2899	0.1912
0.090	0.323	0.2899	0.1912
0.089	0.3226	0.2899	0.1912
0.088	0.3222	0.2898	0.1912
0.087	0.3218	0.2896	0.1912
0.086	0.3214	0.2895	0.1912
0.085	0.321	0.2895	0.1912
0.084	0.3206	0.2895	0.1912
0.083	0.3201	0.2894	0.1912
0.082	0.3198	0.2892	0.1912
0.081	0.3193	0.289	0.1912
0.080	0.319	0.2889	0.1912
0.079	0.3185	0.2889	0.1912
0.078	0.3181	0.2889	0.1912
0.077	0.3178	0.2888	0.1912
0.076	0.3172	0.2888	0.1912
0.075	0.3166	0.2888	0.1912
0.074	0.316	0.2885	0.1912
0.073	0.3156	0.2885	0.1912
0.072	0.3153	0.2884	0.1912
0.071	0.3148	0.2881	0.1912
0.070	0.3143	0.2881	0.1912
0.069	0.3137	0.2881	0.1912
0.068	0.3132	0.2881	0.1912
0.067	0.3127	0.2881	0.1912
0.066	0.3124	0.288	0.1912
0.065	0.312	0.2877	0.1912
0.064	0.3114	0.2874	0.1912
0.063	0.311	0.2871	0.1912
0.062	0.3104	0.287	0.1912
0.061	0.3099	0.2868	0.1912
0.060	0.3093	0.2867	0.1912
0.059	0.3089	0.2867	0.1912
0.058	0.3082	0.2865	0.1912
0.057	0.3078	0.2865	0.1912
0.056	0.3074	0.2863	0.1912
0.055	0.3068	0.2863	0.1912
0.054	0.3063	0.2861	0.1912
0.053	0.3058	0.2857	0.1912
0.052	0.3053	0.2856	0.1912
0.051	0.3047	0.2854	0.1912
0.050	0.3039	0.2853	0.1912
0.049	0.3032	0.2851	0.1912
0.048	0.3023	0.285	0.1912
0.047	0.3016	0.2848	0.1912
0.046	0.301	0.2847	0.1912
0.045	0.3005	0.2846	0.1912
0.044	0.2998	0.2844	0.1912
0.043	0.2991	0.2841	0.1912
0.042	0.2984	0.2838	0.1912
0.041	0.2977	0.2837	0.1912
0.040	0.2971	0.2836	0.1912
0.039	0.2965	0.2832	0.1912
0.038	0.2958	0.2828	0.1912
0.037	0.2949	0.2824	0.1912
0.036	0.2941	0.2818	0.1912
0.035	0.2932	0.2814	0.1912
0.034	0.2925	0.2806	0.1912
0.033	0.2916	0.28	0.1912
0.032	0.2904	0.2796	0.1912
0.031	0.2895	0.2787	0.1912
0.030	0.2882	0.2778	0.1912
0.029	0.2863	0.2765	0.1912
0.028	0.285	0.2753	0.1912
0.027	0.2837	0.2746	0.1912
0.026	0.2821	0.2736	0.1912
0.025	0.2813	0.2727	0.1912
0.024	0.2802	0.2711	0.1912
0.023	0.2782	0.27	0.1912
0.022	0.2765	0.2686	0.1912
0.021	0.2746	0.2671	0.1912
0.020	0.2727	0.2656	0.1912
0.019	0.2713	0.263	0.1912
0.018	0.2687	0.2612	0.1912
0.017	0.2665	0.2591	0.1912
0.016	0.2627	0.2564	0.1912
0.015	0.2606	0.2537	0.1912
0.014	0.2583	0.2514	0.1912
0.013	0.2551	0.2492	0.1912
0.012	0.2526	0.2475	0.1912
0.011	0.2495	0.2438	0.1912
0.010	0.2458	0.2405	0.1912
0.009	0.2418	0.2368	0.1912
0.008	0.2364	0.2341	0.1912
0.007	0.2314	0.2296	0.1912
0.006	0.2225	0.2252	0.1912
0.005	0.2122	0.2148	0.1912
0.004	0.2033	0.2052	0.1912
0.003	0.1942	0.1901	0.1912
0.002	0.1697	0.1648	0.1912
0.001	0.1368	0.1341	0.1897
0	0.0879	0.0912	0.1449
