PHRED	CADD-SV_score	CADD-SV-SR_score	CADD-SV-seqonly_score
45	0.9667	0.9663	0.7706
44	0.9664	0.9663	0.7675
43	0.9661	0.9661	0.7652
42	0.966	0.966	0.7634
41	0.9659	0.9659	0.7591
40	0.9659	0.9656	0.757
39	0.9657	0.9655	0.7554
38	0.9656	0.9654	0.7539
37	0.9652	0.9652	0.7519
36	0.965	0.965	0.7506
35	0.9647	0.9647	0.7488
34	0.9641	0.9643	0.7456
33	0.9637	0.9638	0.7432
32	0.9634	0.9631	0.7411
31	0.9629	0.9625	0.739
30	0.9627	0.9621	0.7375
29.9	0.9627	0.9621	0.7372
29.8	0.9627	0.9621	0.7371
29.7	0.9626	0.962	0.7368
29.6	0.9626	0.9619	0.7363
29.5	0.9625	0.9617	0.7361
29.4	0.9624	0.9616	0.7359
29.3	0.9624	0.9616	0.7359
29.2	0.9622	0.9616	0.7353
29.1	0.9621	0.9614	0.7347
29.0	0.962	0.9613	0.7345
28.9	0.962	0.9612	0.7338
28.8	0.9619	0.9611	0.7334
28.7	0.9619	0.9611	0.7329
28.6	0.9618	0.961	0.7325
28.5	0.9617	0.961	0.7319
28.4	0.9616	0.9608	0.7316
28.3	0.9616	0.9608	0.7313
28.2	0.9614	0.9606	0.7307
28.1	0.9614	0.9605	0.7303
28.0	0.9613	0.9604	0.7301
27.9	0.9612	0.9604	0.7299
27.8	0.9611	0.9604	0.7298
27.7	0.961	0.9603	0.7293
27.6	0.961	0.9602	0.7286
27.5	0.9608	0.9601	0.7283
27.4	0.9608	0.96	0.728
27.3	0.9607	0.9599	0.7276
27.2	0.9607	0.9599	0.7274
27.1	0.9606	0.9597	0.7269
27.0	0.9604	0.9595	0.7266
26.9	0.9603	0.9595	0.7261
26.8	0.9602	0.9594	0.7255
26.7	0.9601	0.9592	0.725
26.6	0.96	0.9591	0.7248
26.5	0.96	0.959	0.7244
26.4	0.9599	0.959	0.7241
26.3	0.9597	0.9588	0.7238
26.2	0.9596	0.9588	0.7234
26.1	0.9594	0.9587	0.723
26.0	0.9593	0.9586	0.7226
25.9	0.9592	0.9585	0.7225
25.8	0.9591	0.9583	0.7217
25.7	0.9591	0.9582	0.7211
25.6	0.9589	0.958	0.7206
25.5	0.9588	0.9579	0.7199
25.4	0.9587	0.9578	0.7195
25.3	0.9586	0.9578	0.7188
25.2	0.9584	0.9576	0.7183
25.1	0.9582	0.9575	0.7179
25.0	0.9581	0.9573	0.7176
24.9	0.958	0.9571	0.7173
24.8	0.9578	0.957	0.7168
24.7	0.9576	0.9569	0.7165
24.6	0.9575	0.9567	0.7158
24.5	0.9573	0.9566	0.7154
24.4	0.9572	0.9565	0.7148
24.3	0.9571	0.9563	0.7144
24.2	0.957	0.9562	0.7138
24.1	0.9568	0.9561	0.7131
24.0	0.9567	0.956	0.713
23.9	0.9565	0.9558	0.7128
23.8	0.9564	0.9556	0.7123
23.7	0.9562	0.9554	0.7116
23.6	0.9559	0.9552	0.711
23.5	0.9557	0.955	0.7106
23.4	0.9556	0.9548	0.71
23.3	0.9555	0.9547	0.7094
23.2	0.9552	0.9544	0.7089
23.1	0.955	0.9542	0.7085
23.0	0.9547	0.9539	0.7081
22.9	0.9544	0.9538	0.7074
22.8	0.954	0.9536	0.7067
22.7	0.9539	0.9534	0.7061
22.6	0.9536	0.9531	0.7054
22.5	0.9534	0.9529	0.7049
22.4	0.9531	0.9527	0.7044
22.3	0.9529	0.9525	0.704
22.2	0.9526	0.9521	0.7033
22.1	0.9524	0.9519	0.7027
22.0	0.9521	0.9516	0.7021
21.9	0.952	0.9512	0.7016
21.8	0.9517	0.9509	0.7008
21.7	0.9515	0.9505	0.7003
21.6	0.9514	0.95	0.6998
21.5	0.9511	0.9497	0.6992
21.4	0.9506	0.9495	0.6984
21.3	0.9503	0.9491	0.6977
21.2	0.9499	0.9489	0.697
21.1	0.9496	0.9486	0.6964
21.0	0.9493	0.9482	0.6955
20.9	0.9489	0.9477	0.695
20.8	0.9485	0.9474	0.6942
20.7	0.9482	0.9469	0.6936
20.6	0.9478	0.9464	0.693
20.5	0.9473	0.9461	0.6924
20.4	0.9467	0.9454	0.6916
20.3	0.9463	0.9449	0.6911
20.2	0.9456	0.9443	0.6904
20.1	0.9452	0.9439	0.6897
20.0	0.9447	0.9435	0.6895
19.99	0.9446	0.9435	0.6894
19.98	0.9446	0.9434	0.6894
19.97	0.9445	0.9434	0.6893
19.96	0.9444	0.9433	0.6893
19.95	0.9444	0.9433	0.6892
19.94	0.9443	0.9432	0.6891
19.93	0.9443	0.9431	0.689
19.92	0.9443	0.9431	0.6889
19.91	0.9441	0.9429	0.6889
19.90	0.944	0.9428	0.6888
19.89	0.9439	0.9428	0.6887
19.88	0.9438	0.9427	0.6887
19.87	0.9438	0.9426	0.6887
19.86	0.9437	0.9426	0.6886
19.85	0.9436	0.9425	0.6885
19.84	0.9435	0.9425	0.6884
19.83	0.9435	0.9425	0.6883
19.82	0.9434	0.9424	0.6883
19.81	0.9434	0.9423	0.6883
19.80	0.9433	0.9422	0.6883
19.79	0.9432	0.9421	0.6882
19.78	0.9431	0.942	0.6881
19.77	0.943	0.9419	0.6881
19.76	0.9429	0.9419	0.688
19.75	0.9428	0.9418	0.6879
19.74	0.9428	0.9418	0.6878
19.73	0.9427	0.9418	0.6877
19.72	0.9427	0.9417	0.6877
19.71	0.9426	0.9414	0.6876
19.70	0.9426	0.9414	0.6874
19.69	0.9425	0.9413	0.6873
19.68	0.9424	0.9413	0.6873
19.67	0.9424	0.9412	0.6871
19.66	0.9423	0.9412	0.6871
19.65	0.9423	0.9411	0.687
19.64	0.9423	0.941	0.6869
19.63	0.9421	0.9409	0.6868
19.62	0.942	0.9409	0.6868
19.61	0.9419	0.9408	0.6867
19.60	0.9419	0.9407	0.6867
19.59	0.9418	0.9407	0.6866
19.58	0.9417	0.9406	0.6866
19.57	0.9416	0.9403	0.6865
19.56	0.9416	0.9403	0.6865
19.55	0.9415	0.9402	0.6864
19.54	0.9414	0.94	0.6863
19.53	0.9413	0.94	0.6862
19.52	0.9412	0.9399	0.6862
19.51	0.9412	0.9398	0.686
19.50	0.9411	0.9398	0.686
19.49	0.9411	0.9398	0.6859
19.48	0.941	0.9397	0.6859
19.47	0.941	0.9396	0.6858
19.46	0.9409	0.9396	0.6858
19.45	0.9408	0.9395	0.6858
19.44	0.9407	0.9395	0.6857
19.43	0.9407	0.9394	0.6857
19.42	0.9405	0.9393	0.6856
19.41	0.9405	0.9391	0.6856
19.40	0.9404	0.9391	0.6855
19.39	0.9403	0.939	0.6855
19.38	0.9403	0.9389	0.6854
19.37	0.9402	0.9387	0.6854
19.36	0.9401	0.9386	0.6852
19.35	0.94	0.9386	0.6852
19.34	0.9399	0.9385	0.6851
19.33	0.9398	0.9385	0.685
19.32	0.9398	0.9384	0.685
19.31	0.9396	0.9383	0.685
19.30	0.9396	0.9382	0.6848
19.29	0.9395	0.9381	0.6847
19.28	0.9395	0.938	0.6847
19.27	0.9394	0.938	0.6846
19.26	0.9392	0.9379	0.6845
19.25	0.9391	0.9378	0.6845
19.24	0.9391	0.9377	0.6842
19.23	0.939	0.9376	0.6842
19.22	0.9389	0.9375	0.6841
19.21	0.9388	0.9374	0.684
19.20	0.9387	0.9374	0.684
19.19	0.9387	0.9374	0.684
19.18	0.9386	0.9372	0.6839
19.17	0.9385	0.9371	0.6839
19.16	0.9385	0.9371	0.6838
19.15	0.9384	0.9369	0.6838
19.14	0.9382	0.9368	0.6835
19.13	0.9382	0.9367	0.6835
19.12	0.938	0.9366	0.6833
19.11	0.9378	0.9366	0.6833
19.10	0.9377	0.9365	0.6832
19.09	0.9377	0.9365	0.6831
19.08	0.9376	0.9364	0.6831
19.07	0.9375	0.9362	0.683
19.06	0.9373	0.9361	0.6829
19.05	0.9371	0.936	0.6829
19.04	0.9369	0.936	0.6828
19.03	0.9368	0.9359	0.6827
19.02	0.9368	0.9356	0.6827
19.01	0.9367	0.9356	0.6827
19.00	0.9366	0.9355	0.6827
18.99	0.9365	0.9355	0.6826
18.98	0.9364	0.9354	0.6826
18.97	0.9363	0.9353	0.6825
18.96	0.9362	0.9353	0.6825
18.95	0.9362	0.9352	0.6825
18.94	0.936	0.9351	0.6824
18.93	0.936	0.935	0.6824
18.92	0.9359	0.9349	0.6823
18.91	0.9358	0.9348	0.6823
18.90	0.9357	0.9346	0.6822
18.89	0.9356	0.9345	0.6821
18.88	0.9356	0.9344	0.6821
18.87	0.9355	0.9343	0.682
18.86	0.9354	0.9342	0.682
18.85	0.9352	0.9342	0.6819
18.84	0.9351	0.934	0.6818
18.83	0.935	0.9339	0.6817
18.82	0.9349	0.9338	0.6817
18.81	0.9349	0.9337	0.6817
18.80	0.9348	0.9336	0.6816
18.79	0.9346	0.9336	0.6815
18.78	0.9345	0.9335	0.6814
18.77	0.9345	0.9335	0.6813
18.76	0.9343	0.9334	0.6812
18.75	0.9342	0.933	0.6811
18.74	0.9342	0.933	0.6811
18.73	0.9341	0.9329	0.681
18.72	0.9339	0.9329	0.681
18.71	0.9338	0.9327	0.6809
18.70	0.9338	0.9326	0.6809
18.69	0.9337	0.9325	0.6808
18.68	0.9336	0.9324	0.6808
18.67	0.9336	0.9322	0.6807
18.66	0.9335	0.9321	0.6806
18.65	0.9334	0.932	0.6805
18.64	0.9332	0.932	0.6803
18.63	0.9331	0.9319	0.6802
18.62	0.933	0.9319	0.6801
18.61	0.9329	0.9318	0.6801
18.60	0.9328	0.9318	0.6801
18.59	0.9327	0.9316	0.68
18.58	0.9326	0.9315	0.68
18.57	0.9325	0.9314	0.6799
18.56	0.9325	0.9313	0.6799
18.55	0.9324	0.9312	0.6798
18.54	0.9323	0.931	0.6797
18.53	0.9321	0.931	0.6796
18.52	0.932	0.9309	0.6796
18.51	0.9319	0.9309	0.6796
18.50	0.9318	0.9308	0.6794
18.49	0.9317	0.9307	0.6794
18.48	0.9316	0.9306	0.6794
18.47	0.9316	0.9304	0.6793
18.46	0.9315	0.9304	0.6792
18.45	0.9314	0.9303	0.6792
18.44	0.9313	0.9303	0.6791
18.43	0.9313	0.93	0.6791
18.42	0.9312	0.9299	0.679
18.41	0.9312	0.9299	0.6789
18.40	0.9311	0.9299	0.6789
18.39	0.931	0.9298	0.6789
18.38	0.931	0.9296	0.6788
18.37	0.9309	0.9296	0.6788
18.36	0.9308	0.9295	0.6787
18.35	0.9307	0.9294	0.6787
18.34	0.9306	0.9293	0.6785
18.33	0.9306	0.9293	0.6785
18.32	0.9305	0.9292	0.6783
18.31	0.9305	0.929	0.6782
18.30	0.9304	0.929	0.6781
18.29	0.9303	0.9289	0.6781
18.28	0.9301	0.9287	0.6781
18.27	0.93	0.9286	0.678
18.26	0.93	0.9285	0.678
18.25	0.9299	0.9283	0.6779
18.24	0.9299	0.9283	0.6779
18.23	0.9298	0.9282	0.6778
18.22	0.9298	0.9281	0.6777
18.21	0.9297	0.928	0.6777
18.20	0.9297	0.9278	0.6776
18.19	0.9296	0.9278	0.6776
18.18	0.9295	0.9276	0.6774
18.17	0.9294	0.9275	0.6773
18.16	0.9293	0.9275	0.6772
18.15	0.9292	0.9275	0.6772
18.14	0.9291	0.9271	0.6772
18.13	0.929	0.927	0.6771
18.12	0.929	0.927	0.6771
18.11	0.9288	0.9269	0.6771
18.10	0.9288	0.9268	0.677
18.09	0.9286	0.9267	0.6769
18.08	0.9285	0.9266	0.6769
18.07	0.9285	0.9265	0.6768
18.06	0.9284	0.9265	0.6768
18.05	0.9283	0.9264	0.6767
18.04	0.9282	0.9262	0.6766
18.03	0.9281	0.926	0.6766
18.02	0.928	0.9258	0.6764
18.01	0.9278	0.9258	0.6764
18.00	0.9275	0.9256	0.6764
17.99	0.9274	0.9255	0.6763
17.98	0.9271	0.9255	0.6762
17.97	0.9271	0.9254	0.6762
17.96	0.927	0.9253	0.6762
17.95	0.9268	0.9251	0.6761
17.94	0.9267	0.925	0.6761
17.93	0.9266	0.9248	0.676
17.92	0.9265	0.9248	0.6759
17.91	0.9264	0.9246	0.6758
17.90	0.9263	0.9245	0.6757
17.89	0.9261	0.9244	0.6757
17.88	0.9261	0.9243	0.6756
17.87	0.9259	0.9242	0.6756
17.86	0.9258	0.9241	0.6755
17.85	0.9257	0.924	0.6754
17.84	0.9255	0.9239	0.6753
17.83	0.9253	0.9239	0.6752
17.82	0.9253	0.9238	0.6751
17.81	0.9253	0.9238	0.6751
17.80	0.925	0.9237	0.675
17.79	0.9248	0.9235	0.675
17.78	0.9247	0.9235	0.6749
17.77	0.9246	0.9234	0.6748
17.76	0.9243	0.9233	0.6747
17.75	0.9242	0.9231	0.6747
17.74	0.9241	0.923	0.6746
17.73	0.9238	0.9228	0.6745
17.72	0.9237	0.9228	0.6744
17.71	0.9236	0.9226	0.6743
17.70	0.9236	0.9225	0.6742
17.69	0.9235	0.9223	0.6742
17.68	0.9234	0.9222	0.6741
17.67	0.9234	0.9221	0.674
17.66	0.9233	0.9221	0.674
17.65	0.9232	0.922	0.6739
17.64	0.923	0.9219	0.6738
17.63	0.923	0.9219	0.6738
17.62	0.9229	0.9217	0.6737
17.61	0.9228	0.9216	0.6736
17.60	0.9226	0.9215	0.6736
17.59	0.9224	0.9214	0.6735
17.58	0.9224	0.9213	0.6734
17.57	0.9224	0.9211	0.6733
17.56	0.9223	0.9209	0.6732
17.55	0.9221	0.9208	0.6731
17.54	0.9219	0.9207	0.673
17.53	0.9218	0.9206	0.6729
17.52	0.9216	0.9205	0.6729
17.51	0.9215	0.9203	0.6728
17.50	0.9214	0.9202	0.6727
17.49	0.9214	0.9201	0.6727
17.48	0.9211	0.9199	0.6726
17.47	0.921	0.9198	0.6726
17.46	0.9209	0.9197	0.6725
17.45	0.9208	0.9195	0.6724
17.44	0.9207	0.9194	0.6724
17.43	0.9205	0.9193	0.6723
17.42	0.9205	0.919	0.6722
17.41	0.9205	0.9189	0.6722
17.40	0.9203	0.9188	0.6721
17.39	0.9202	0.9187	0.672
17.38	0.92	0.9186	0.6718
17.37	0.9199	0.9183	0.6718
17.36	0.9196	0.9183	0.6717
17.35	0.9194	0.9182	0.6717
17.34	0.9193	0.918	0.6716
17.33	0.9192	0.918	0.6716
17.32	0.919	0.9179	0.6716
17.31	0.919	0.9178	0.6715
17.30	0.9189	0.9178	0.6714
17.29	0.9188	0.9177	0.6713
17.28	0.9187	0.9176	0.6713
17.27	0.9186	0.9175	0.6712
17.26	0.9185	0.9173	0.6711
17.25	0.9184	0.9172	0.671
17.24	0.9183	0.917	0.6709
17.23	0.9182	0.9169	0.6708
17.22	0.9181	0.9169	0.6708
17.21	0.918	0.9167	0.6707
17.20	0.9179	0.9167	0.6707
17.19	0.9177	0.9166	0.6706
17.18	0.9175	0.9165	0.6705
17.17	0.9175	0.9164	0.6704
17.16	0.9173	0.9164	0.6704
17.15	0.9172	0.9161	0.6703
17.14	0.9169	0.916	0.6702
17.13	0.9168	0.9158	0.6701
17.12	0.9165	0.9155	0.67
17.11	0.9164	0.9154	0.6699
17.10	0.9162	0.9153	0.6698
17.09	0.9161	0.9152	0.6697
17.08	0.916	0.9151	0.6697
17.07	0.9159	0.9149	0.6696
17.06	0.9158	0.9149	0.6695
17.05	0.9157	0.9147	0.6695
17.04	0.9155	0.9146	0.6694
17.03	0.9154	0.9145	0.6693
17.02	0.9153	0.9144	0.6692
17.01	0.9153	0.9142	0.6692
17.00	0.9151	0.914	0.6691
16.99	0.9151	0.9139	0.6689
16.98	0.915	0.9138	0.6688
16.97	0.9149	0.9133	0.6686
16.96	0.9147	0.9131	0.6686
16.95	0.9146	0.913	0.6685
16.94	0.9143	0.9129	0.6685
16.93	0.9142	0.9127	0.6684
16.92	0.914	0.9126	0.6684
16.91	0.9139	0.9125	0.6683
16.90	0.9137	0.9124	0.6683
16.89	0.9136	0.9124	0.6682
16.88	0.9133	0.9121	0.6681
16.87	0.9133	0.912	0.668
16.86	0.913	0.9119	0.6679
16.85	0.9128	0.9117	0.6679
16.84	0.9126	0.9117	0.6677
16.83	0.9125	0.9116	0.6676
16.82	0.9124	0.9115	0.6676
16.81	0.9124	0.9113	0.6675
16.80	0.9123	0.9112	0.6675
16.79	0.912	0.9111	0.6674
16.78	0.9119	0.9108	0.6673
16.77	0.9117	0.9107	0.6673
16.76	0.9115	0.9106	0.6671
16.75	0.9114	0.9105	0.6671
16.74	0.9112	0.9104	0.667
16.73	0.9111	0.9103	0.667
16.72	0.911	0.9102	0.6669
16.71	0.9108	0.9099	0.6669
16.70	0.9106	0.9098	0.6668
16.69	0.9105	0.9097	0.6666
16.68	0.9104	0.9095	0.6665
16.67	0.9104	0.9095	0.6664
16.66	0.9102	0.9092	0.6664
16.65	0.9102	0.9091	0.6663
16.64	0.91	0.909	0.6662
16.63	0.9098	0.9089	0.6661
16.62	0.9096	0.9088	0.6661
16.61	0.9095	0.9086	0.666
16.60	0.9094	0.9085	0.666
16.59	0.9093	0.9084	0.6659
16.58	0.9092	0.9082	0.6658
16.57	0.909	0.908	0.6657
16.56	0.9087	0.9079	0.6656
16.55	0.9086	0.9077	0.6656
16.54	0.9084	0.9076	0.6655
16.53	0.9082	0.9073	0.6654
16.52	0.9082	0.9072	0.6653
16.51	0.9081	0.907	0.6653
16.50	0.9079	0.9068	0.6651
16.49	0.9077	0.9066	0.6651
16.48	0.9076	0.9065	0.665
16.47	0.9075	0.9064	0.665
16.46	0.9073	0.9062	0.6649
16.45	0.907	0.9061	0.6647
16.44	0.9069	0.906	0.6647
16.43	0.9068	0.9059	0.6646
16.42	0.9066	0.9057	0.6646
16.41	0.9064	0.9055	0.6644
16.40	0.9063	0.9054	0.6644
16.39	0.9062	0.9051	0.6643
16.38	0.906	0.9049	0.6642
16.37	0.9059	0.9048	0.6642
16.36	0.9058	0.9047	0.6641
16.35	0.9057	0.9045	0.664
16.34	0.9056	0.9044	0.664
16.33	0.9054	0.9043	0.6639
16.32	0.9053	0.9041	0.6638
16.31	0.9052	0.9038	0.6638
16.30	0.9051	0.9036	0.6637
16.29	0.9049	0.9035	0.6637
16.28	0.9049	0.9034	0.6636
16.27	0.9048	0.9033	0.6635
16.26	0.9046	0.9032	0.6635
16.25	0.9045	0.903	0.6634
16.24	0.9044	0.9029	0.6634
16.23	0.9042	0.9028	0.6633
16.22	0.9041	0.9026	0.6633
16.21	0.9039	0.9025	0.6632
16.20	0.9038	0.9024	0.6631
16.19	0.9037	0.9022	0.663
16.18	0.9035	0.9022	0.663
16.17	0.9033	0.9021	0.6628
16.16	0.9032	0.902	0.6628
16.15	0.9031	0.9019	0.6627
16.14	0.903	0.9017	0.6627
16.13	0.9028	0.9013	0.6626
16.12	0.9027	0.9011	0.6624
16.11	0.9026	0.9009	0.6624
16.10	0.9024	0.9006	0.6624
16.09	0.9023	0.9005	0.6623
16.08	0.9021	0.9003	0.6623
16.07	0.9019	0.9002	0.6622
16.06	0.9018	0.9001	0.6621
16.05	0.9016	0.8999	0.6621
16.04	0.9013	0.8998	0.662
16.03	0.9011	0.8997	0.6619
16.02	0.9009	0.8996	0.6619
16.01	0.9008	0.8995	0.6618
16.00	0.9006	0.8994	0.6617
15.99	0.9004	0.8993	0.6617
15.98	0.9003	0.8989	0.6616
15.97	0.9001	0.8988	0.6616
15.96	0.8999	0.8987	0.6615
15.95	0.8997	0.8986	0.6613
15.94	0.8996	0.8985	0.6612
15.93	0.8994	0.8983	0.6611
15.92	0.8992	0.8983	0.661
15.91	0.899	0.8982	0.661
15.90	0.8988	0.8979	0.6609
15.89	0.8987	0.8977	0.6608
15.88	0.8986	0.8975	0.6608
15.87	0.8984	0.8974	0.6607
15.86	0.8983	0.8971	0.6606
15.85	0.898	0.897	0.6605
15.84	0.8978	0.8968	0.6604
15.83	0.8977	0.8965	0.6604
15.82	0.8975	0.8964	0.6603
15.81	0.8973	0.8963	0.6602
15.80	0.8971	0.8962	0.6601
15.79	0.8969	0.8959	0.66
15.78	0.8968	0.8959	0.66
15.77	0.8966	0.8958	0.6599
15.76	0.8963	0.8956	0.6598
15.75	0.8962	0.8955	0.6598
15.74	0.8961	0.8953	0.6597
15.73	0.8958	0.8952	0.6596
15.72	0.8956	0.8951	0.6596
15.71	0.8954	0.895	0.6595
15.70	0.8953	0.8948	0.6595
15.69	0.895	0.8946	0.6594
15.68	0.8948	0.8946	0.6593
15.67	0.8947	0.8944	0.6592
15.66	0.8946	0.8943	0.6591
15.65	0.8945	0.8941	0.659
15.64	0.8942	0.8939	0.659
15.63	0.8941	0.8938	0.6589
15.62	0.8938	0.8935	0.6589
15.61	0.8936	0.8933	0.6588
15.60	0.8935	0.8932	0.6587
15.59	0.8934	0.893	0.6586
15.58	0.8932	0.8929	0.6586
15.57	0.893	0.8928	0.6585
15.56	0.8928	0.8926	0.6585
15.55	0.8927	0.8924	0.6584
15.54	0.8926	0.8921	0.6584
15.53	0.8924	0.892	0.6584
15.52	0.8923	0.8917	0.6583
15.51	0.8921	0.8915	0.6583
15.50	0.892	0.8913	0.6582
15.49	0.8919	0.8911	0.6581
15.48	0.8918	0.8909	0.658
15.47	0.8917	0.8908	0.6579
15.46	0.8915	0.8906	0.6579
15.45	0.8914	0.8904	0.6578
15.44	0.8912	0.8903	0.6576
15.43	0.8911	0.8902	0.6575
15.42	0.8909	0.89	0.6574
15.41	0.8908	0.89	0.6574
15.40	0.8907	0.8898	0.6572
15.39	0.8906	0.8897	0.6571
15.38	0.8905	0.8895	0.657
15.37	0.8903	0.8893	0.657
15.36	0.8901	0.8891	0.6569
15.35	0.89	0.889	0.6568
15.34	0.8898	0.8889	0.6567
15.33	0.8896	0.8888	0.6566
15.32	0.8894	0.8885	0.6565
15.31	0.8892	0.8883	0.6564
15.30	0.8891	0.8882	0.6564
15.29	0.889	0.888	0.6563
15.28	0.8887	0.8879	0.6562
15.27	0.8886	0.8878	0.6562
15.26	0.8885	0.8877	0.6561
15.25	0.8883	0.8875	0.656
15.24	0.8881	0.8874	0.6559
15.23	0.888	0.8873	0.6559
15.22	0.8878	0.887	0.6558
15.21	0.8876	0.8869	0.6557
15.20	0.8875	0.8868	0.6557
15.19	0.8873	0.8867	0.6556
15.18	0.8872	0.8866	0.6555
15.17	0.887	0.8863	0.6555
15.16	0.8869	0.8861	0.6554
15.15	0.8867	0.886	0.6554
15.14	0.8865	0.8859	0.6553
15.13	0.8863	0.8858	0.6552
15.12	0.8862	0.8856	0.6552
15.11	0.886	0.8854	0.6551
15.10	0.8859	0.8853	0.6551
15.09	0.8856	0.8851	0.655
15.08	0.8854	0.885	0.6549
15.07	0.8852	0.8849	0.6549
15.06	0.8849	0.8847	0.6548
15.05	0.8849	0.8845	0.6547
15.04	0.8847	0.8844	0.6547
15.03	0.8845	0.8842	0.6547
15.02	0.8843	0.8841	0.6546
15.01	0.8841	0.884	0.6545
15.00	0.8837	0.8838	0.6544
14.99	0.8836	0.8837	0.6543
14.98	0.8833	0.8835	0.6543
14.97	0.8832	0.8834	0.6542
14.96	0.8831	0.8833	0.6541
14.95	0.883	0.8832	0.6539
14.94	0.8828	0.883	0.6539
14.93	0.8827	0.8827	0.6538
14.92	0.8825	0.8825	0.6537
14.91	0.8822	0.8823	0.6537
14.90	0.882	0.8821	0.6536
14.89	0.8818	0.8818	0.6535
14.88	0.8817	0.8817	0.6535
14.87	0.8814	0.8815	0.6534
14.86	0.881	0.8814	0.6533
14.85	0.8808	0.8811	0.6533
14.84	0.8807	0.881	0.6532
14.83	0.8805	0.8807	0.6531
14.82	0.8803	0.8806	0.653
14.81	0.88	0.8804	0.6529
14.80	0.8798	0.8803	0.6528
14.79	0.8797	0.8802	0.6528
14.78	0.8795	0.8799	0.6527
14.77	0.8792	0.8798	0.6526
14.76	0.8791	0.8796	0.6526
14.75	0.8789	0.8795	0.6525
14.74	0.8787	0.8792	0.6524
14.73	0.8786	0.8791	0.6523
14.72	0.8784	0.8789	0.6522
14.71	0.8782	0.8787	0.6521
14.70	0.878	0.8785	0.652
14.69	0.8779	0.8784	0.652
14.68	0.8777	0.8783	0.6518
14.67	0.8776	0.8781	0.6518
14.66	0.8774	0.8779	0.6517
14.65	0.8772	0.8777	0.6516
14.64	0.8771	0.8776	0.6516
14.63	0.8769	0.8774	0.6515
14.62	0.8767	0.8773	0.6515
14.61	0.8766	0.8771	0.6514
14.60	0.8764	0.8769	0.6513
14.59	0.8762	0.8767	0.6512
14.58	0.876	0.8765	0.6512
14.57	0.8758	0.8763	0.6511
14.56	0.8755	0.876	0.6511
14.55	0.8753	0.8759	0.651
14.54	0.8751	0.8757	0.6509
14.53	0.8749	0.8755	0.6509
14.52	0.8747	0.8753	0.6508
14.51	0.8745	0.8752	0.6507
14.50	0.8744	0.875	0.6507
14.49	0.8742	0.8747	0.6507
14.48	0.8739	0.8745	0.6506
14.47	0.8738	0.8743	0.6505
14.46	0.8736	0.874	0.6505
14.45	0.8735	0.8739	0.6504
14.44	0.8733	0.8737	0.6503
14.43	0.873	0.8736	0.6502
14.42	0.8728	0.8734	0.6502
14.41	0.8727	0.8732	0.6501
14.40	0.8727	0.8731	0.65
14.39	0.8725	0.8729	0.6499
14.38	0.8723	0.8727	0.6499
14.37	0.8722	0.8724	0.6498
14.36	0.8721	0.8723	0.6497
14.35	0.8718	0.8722	0.6497
14.34	0.8716	0.8719	0.6496
14.33	0.8715	0.8718	0.6495
14.32	0.8712	0.8717	0.6495
14.31	0.871	0.8714	0.6494
14.30	0.8708	0.8712	0.6493
14.29	0.8705	0.871	0.6492
14.28	0.8703	0.8708	0.6491
14.27	0.8702	0.8706	0.6491
14.26	0.87	0.8704	0.649
14.25	0.8699	0.8702	0.6489
14.24	0.8698	0.8699	0.6488
14.23	0.8696	0.8698	0.6488
14.22	0.8694	0.8696	0.6486
14.21	0.8691	0.8695	0.6485
14.20	0.8689	0.8693	0.6484
14.19	0.8688	0.8691	0.6483
14.18	0.8687	0.8689	0.6482
14.17	0.8686	0.8688	0.6482
14.16	0.8685	0.8686	0.6481
14.15	0.8684	0.8685	0.648
14.14	0.8682	0.8683	0.6479
14.13	0.868	0.8681	0.6478
14.12	0.8679	0.868	0.6478
14.11	0.8677	0.8677	0.6477
14.10	0.8675	0.8675	0.6476
14.09	0.8673	0.8674	0.6475
14.08	0.8671	0.8672	0.6474
14.07	0.8668	0.867	0.6474
14.06	0.8666	0.8667	0.6473
14.05	0.8664	0.8666	0.6473
14.04	0.8663	0.8665	0.6472
14.03	0.8661	0.8663	0.6471
14.02	0.866	0.8661	0.647
14.01	0.8658	0.8659	0.647
14.00	0.8657	0.8657	0.6469
13.99	0.8655	0.8655	0.6468
13.98	0.8653	0.8653	0.6467
13.97	0.8652	0.8651	0.6466
13.96	0.865	0.8649	0.6465
13.95	0.8648	0.8647	0.6464
13.94	0.8647	0.8646	0.6464
13.93	0.8644	0.8644	0.6463
13.92	0.8643	0.8641	0.6462
13.91	0.8641	0.8637	0.6461
13.90	0.8639	0.8636	0.646
13.89	0.8637	0.8634	0.646
13.88	0.8635	0.8632	0.6459
13.87	0.8633	0.863	0.6458
13.86	0.8631	0.8628	0.6457
13.85	0.8629	0.8627	0.6456
13.84	0.8628	0.8624	0.6455
13.83	0.8626	0.8621	0.6455
13.82	0.8624	0.8619	0.6454
13.81	0.8623	0.8616	0.6453
13.80	0.8621	0.8614	0.6453
13.79	0.862	0.8612	0.6453
13.78	0.8618	0.861	0.6452
13.77	0.8615	0.8608	0.6451
13.76	0.8612	0.8607	0.645
13.75	0.861	0.8604	0.645
13.74	0.8609	0.8602	0.6449
13.73	0.8606	0.86	0.6449
13.72	0.8603	0.8597	0.6448
13.71	0.8602	0.8595	0.6446
13.70	0.86	0.8592	0.6445
13.69	0.8598	0.859	0.6444
13.68	0.8595	0.8589	0.6443
13.67	0.8593	0.8588	0.6443
13.66	0.8592	0.8586	0.6442
13.65	0.859	0.8582	0.6441
13.64	0.8587	0.858	0.6441
13.63	0.8585	0.8578	0.6439
13.62	0.8583	0.8576	0.6439
13.61	0.858	0.8574	0.6438
13.60	0.8578	0.8572	0.6438
13.59	0.8576	0.8571	0.6437
13.58	0.8573	0.8569	0.6436
13.57	0.8572	0.8566	0.6436
13.56	0.8569	0.8563	0.6435
13.55	0.8567	0.8561	0.6434
13.54	0.8565	0.8557	0.6434
13.53	0.8562	0.8553	0.6433
13.52	0.8559	0.855	0.6432
13.51	0.8555	0.8549	0.6431
13.50	0.8552	0.8546	0.6431
13.49	0.8548	0.8545	0.643
13.48	0.8546	0.8543	0.6429
13.47	0.8544	0.854	0.6429
13.46	0.854	0.8536	0.6428
13.45	0.8538	0.8533	0.6428
13.44	0.8536	0.8532	0.6427
13.43	0.8534	0.8531	0.6426
13.42	0.8532	0.8527	0.6426
13.41	0.853	0.8524	0.6425
13.40	0.8527	0.8521	0.6424
13.39	0.8525	0.8519	0.6424
13.38	0.8523	0.8516	0.6423
13.37	0.852	0.8513	0.6422
13.36	0.8518	0.851	0.6422
13.35	0.8516	0.8506	0.6421
13.34	0.8514	0.8503	0.642
13.33	0.8512	0.8499	0.6419
13.32	0.8509	0.8496	0.6419
13.31	0.8506	0.8495	0.6418
13.30	0.8504	0.8492	0.6418
13.29	0.85	0.849	0.6416
13.28	0.8498	0.8489	0.6416
13.27	0.8496	0.8486	0.6415
13.26	0.8492	0.8483	0.6414
13.25	0.849	0.848	0.6413
13.24	0.8486	0.8477	0.6413
13.23	0.8485	0.8473	0.6412
13.22	0.8483	0.8471	0.6411
13.21	0.848	0.8469	0.641
13.20	0.8478	0.8467	0.6409
13.19	0.8474	0.8465	0.6408
13.18	0.8472	0.8463	0.6408
13.17	0.8469	0.846	0.6407
13.16	0.8466	0.8456	0.6407
13.15	0.8463	0.8454	0.6406
13.14	0.8461	0.845	0.6406
13.13	0.8456	0.8449	0.6405
13.12	0.8454	0.8446	0.6404
13.11	0.8451	0.8444	0.6403
13.10	0.8449	0.8441	0.6402
13.09	0.8447	0.8438	0.6401
13.08	0.8443	0.8436	0.64
13.07	0.8441	0.8432	0.64
13.06	0.8438	0.8429	0.6399
13.05	0.8435	0.8427	0.6398
13.04	0.8433	0.8424	0.6397
13.03	0.843	0.842	0.6396
13.02	0.8428	0.8417	0.6395
13.01	0.8426	0.8414	0.6395
13.00	0.8424	0.841	0.6394
12.99	0.8421	0.8408	0.6394
12.98	0.8419	0.8405	0.6393
12.97	0.8417	0.8403	0.6392
12.96	0.8415	0.8399	0.6391
12.95	0.8413	0.8396	0.6391
12.94	0.841	0.8394	0.639
12.93	0.8408	0.8392	0.6389
12.92	0.8406	0.8389	0.6388
12.91	0.8402	0.8386	0.6388
12.90	0.8401	0.8384	0.6387
12.89	0.8399	0.8382	0.6386
12.88	0.8394	0.8379	0.6385
12.87	0.8392	0.8377	0.6385
12.86	0.8389	0.8375	0.6384
12.85	0.8387	0.8373	0.6383
12.84	0.8384	0.837	0.6382
12.83	0.8382	0.8367	0.6382
12.82	0.838	0.8365	0.6381
12.81	0.8377	0.8364	0.638
12.80	0.8373	0.836	0.6379
12.79	0.837	0.8357	0.6378
12.78	0.8367	0.8353	0.6378
12.77	0.8365	0.8351	0.6377
12.76	0.8363	0.8349	0.6377
12.75	0.8361	0.8346	0.6376
12.74	0.8357	0.8342	0.6375
12.73	0.8355	0.834	0.6374
12.72	0.8353	0.8338	0.6374
12.71	0.8351	0.8335	0.6373
12.70	0.8348	0.8332	0.6373
12.69	0.8346	0.8329	0.6372
12.68	0.8343	0.8327	0.6371
12.67	0.8341	0.8324	0.637
12.66	0.8338	0.832	0.6369
12.65	0.8336	0.8319	0.6368
12.64	0.8335	0.8316	0.6368
12.63	0.8333	0.8314	0.6367
12.62	0.833	0.8312	0.6366
12.61	0.8327	0.8309	0.6365
12.60	0.8324	0.8307	0.6364
12.59	0.8322	0.8305	0.6363
12.58	0.832	0.8302	0.6363
12.57	0.8318	0.83	0.6362
12.56	0.8316	0.8297	0.6361
12.55	0.8314	0.8292	0.636
12.54	0.8312	0.8289	0.6359
12.53	0.8309	0.8287	0.6359
12.52	0.8307	0.8286	0.6358
12.51	0.8306	0.8284	0.6358
12.50	0.8303	0.8282	0.6357
12.49	0.83	0.828	0.6356
12.48	0.8298	0.8278	0.6355
12.47	0.8297	0.8276	0.6354
12.46	0.8294	0.8273	0.6354
12.45	0.829	0.827	0.6353
12.44	0.8288	0.8268	0.6352
12.43	0.8286	0.8265	0.6351
12.42	0.8281	0.8263	0.6351
12.41	0.828	0.8261	0.635
12.40	0.8278	0.8259	0.6349
12.39	0.8275	0.8256	0.6349
12.38	0.8273	0.8252	0.6347
12.37	0.8271	0.8249	0.6347
12.36	0.8269	0.8247	0.6346
12.35	0.8266	0.8246	0.6345
12.34	0.8264	0.8243	0.6344
12.33	0.8262	0.824	0.6343
12.32	0.826	0.8238	0.6342
12.31	0.8256	0.8236	0.6341
12.30	0.8253	0.8233	0.634
12.29	0.8251	0.8231	0.6339
12.28	0.8248	0.8229	0.6338
12.27	0.8246	0.8227	0.6338
12.26	0.8244	0.8224	0.6337
12.25	0.8242	0.8221	0.6336
12.24	0.824	0.8219	0.6335
12.23	0.8237	0.8215	0.6334
12.22	0.8234	0.8213	0.6333
12.21	0.8232	0.821	0.6332
12.20	0.823	0.8207	0.6331
12.19	0.8229	0.8205	0.633
12.18	0.8226	0.8203	0.6329
12.17	0.8225	0.82	0.6328
12.16	0.8223	0.8197	0.6327
12.15	0.8221	0.8195	0.6327
12.14	0.8219	0.8191	0.6326
12.13	0.8217	0.8188	0.6325
12.12	0.8214	0.8185	0.6325
12.11	0.8211	0.8182	0.6324
12.10	0.8208	0.8178	0.6324
12.09	0.8204	0.8176	0.6323
12.08	0.8201	0.8172	0.6322
12.07	0.8197	0.8171	0.6321
12.06	0.8195	0.8168	0.632
12.05	0.8192	0.8166	0.6319
12.04	0.8189	0.8165	0.6318
12.03	0.8188	0.8162	0.6317
12.02	0.8186	0.8161	0.6316
12.01	0.8183	0.8157	0.6315
12.00	0.8181	0.8154	0.6315
11.99	0.8179	0.8152	0.6313
11.98	0.8177	0.815	0.6313
11.97	0.8174	0.8147	0.6312
11.96	0.8172	0.8144	0.6311
11.95	0.8169	0.8142	0.631
11.94	0.8167	0.8139	0.631
11.93	0.8166	0.8136	0.6309
11.92	0.8164	0.8133	0.6308
11.91	0.8161	0.8131	0.6307
11.90	0.8158	0.8128	0.6307
11.89	0.8154	0.8127	0.6306
11.88	0.8151	0.8124	0.6305
11.87	0.815	0.8119	0.6304
11.86	0.8147	0.8117	0.6304
11.85	0.8144	0.8115	0.6303
11.84	0.8143	0.8113	0.6302
11.83	0.8141	0.811	0.6301
11.82	0.8139	0.8107	0.6301
11.81	0.8136	0.8104	0.63
11.80	0.8133	0.8102	0.6299
11.79	0.813	0.8098	0.6298
11.78	0.8128	0.8096	0.6298
11.77	0.8125	0.8094	0.6297
11.76	0.8122	0.8092	0.6296
11.75	0.8119	0.809	0.6295
11.74	0.8116	0.8087	0.6294
11.73	0.8112	0.8084	0.6293
11.72	0.8108	0.8082	0.6292
11.71	0.8105	0.8078	0.6292
11.70	0.8102	0.8075	0.6291
11.69	0.8099	0.8073	0.629
11.68	0.8097	0.807	0.6289
11.67	0.8093	0.8067	0.6288
11.66	0.8091	0.8063	0.6287
11.65	0.8088	0.8059	0.6286
11.64	0.8085	0.8057	0.6285
11.63	0.8082	0.8053	0.6284
11.62	0.8078	0.8051	0.6284
11.61	0.8076	0.8048	0.6283
11.60	0.8072	0.8044	0.6282
11.59	0.8068	0.8041	0.6281
11.58	0.8065	0.8038	0.628
11.57	0.8061	0.8035	0.6279
11.56	0.8057	0.8032	0.6279
11.55	0.8055	0.8029	0.6278
11.54	0.8052	0.8026	0.6277
11.53	0.8049	0.8022	0.6276
11.52	0.8045	0.8018	0.6275
11.51	0.8043	0.8014	0.6274
11.50	0.804	0.8011	0.6273
11.49	0.8037	0.8007	0.6272
11.48	0.8034	0.8005	0.6271
11.47	0.8031	0.8002	0.627
11.46	0.8027	0.8	0.6269
11.45	0.8024	0.7997	0.6268
11.44	0.8023	0.7993	0.6267
11.43	0.8018	0.7989	0.6267
11.42	0.8014	0.7986	0.6266
11.41	0.8009	0.7982	0.6265
11.40	0.8005	0.798	0.6263
11.39	0.8001	0.7976	0.6262
11.38	0.7997	0.7973	0.6261
11.37	0.7994	0.797	0.626
11.36	0.7991	0.7966	0.6259
11.35	0.7987	0.7963	0.6258
11.34	0.7984	0.796	0.6258
11.33	0.798	0.7956	0.6257
11.32	0.7977	0.7952	0.6256
11.31	0.7975	0.7949	0.6255
11.30	0.7973	0.7947	0.6254
11.29	0.797	0.7943	0.6254
11.28	0.7965	0.7939	0.6253
11.27	0.7961	0.7935	0.6252
11.26	0.7958	0.7931	0.6251
11.25	0.7955	0.7925	0.6251
11.24	0.7951	0.7921	0.625
11.23	0.7948	0.7917	0.6249
11.22	0.7943	0.7914	0.6248
11.21	0.7937	0.7909	0.6247
11.20	0.7933	0.7905	0.6246
11.19	0.793	0.7902	0.6246
11.18	0.7924	0.79	0.6245
11.17	0.792	0.7896	0.6244
11.16	0.7918	0.7892	0.6243
11.15	0.7914	0.7889	0.6242
11.14	0.7909	0.7886	0.6241
11.13	0.7905	0.7881	0.624
11.12	0.79	0.7877	0.6239
11.11	0.7895	0.7874	0.6239
11.10	0.7891	0.7869	0.6238
11.09	0.7886	0.7864	0.6237
11.08	0.7883	0.7859	0.6236
11.07	0.7879	0.7855	0.6236
11.06	0.7875	0.7853	0.6235
11.05	0.7871	0.7849	0.6234
11.04	0.7867	0.7845	0.6233
11.03	0.7864	0.7841	0.6232
11.02	0.7859	0.7838	0.6231
11.01	0.7855	0.7832	0.6231
11.00	0.7852	0.7827	0.623
10.99	0.7847	0.7823	0.6229
10.98	0.7842	0.7818	0.6228
10.97	0.7837	0.7815	0.6227
10.96	0.7832	0.7811	0.6227
10.95	0.7829	0.7806	0.6226
10.94	0.7825	0.7802	0.6225
10.93	0.782	0.7798	0.6224
10.92	0.7817	0.7793	0.6223
10.91	0.7813	0.779	0.6222
10.90	0.7808	0.7786	0.6221
10.89	0.7805	0.7783	0.622
10.88	0.7801	0.7778	0.6219
10.87	0.7796	0.7773	0.6218
10.86	0.7792	0.7768	0.6217
10.85	0.7786	0.7763	0.6217
10.84	0.7781	0.7759	0.6216
10.83	0.7775	0.7756	0.6214
10.82	0.7771	0.7751	0.6213
10.81	0.7764	0.7746	0.6212
10.80	0.7757	0.7743	0.6211
10.79	0.7753	0.7737	0.6211
10.78	0.7748	0.7733	0.621
10.77	0.7744	0.7725	0.6209
10.76	0.7737	0.7719	0.6208
10.75	0.7733	0.7715	0.6207
10.74	0.7727	0.7711	0.6206
10.73	0.7721	0.7706	0.6206
10.72	0.7714	0.77	0.6205
10.71	0.7711	0.7693	0.6204
10.70	0.7706	0.7689	0.6204
10.69	0.7701	0.7683	0.6203
10.68	0.7697	0.7677	0.6202
10.67	0.7694	0.7673	0.6201
10.66	0.7687	0.7669	0.62
10.65	0.7683	0.7665	0.6199
10.64	0.7677	0.7659	0.6198
10.63	0.7673	0.7653	0.6197
10.62	0.7667	0.7646	0.6197
10.61	0.7662	0.7642	0.6196
10.60	0.7658	0.7635	0.6195
10.59	0.7655	0.7629	0.6194
10.58	0.7649	0.7624	0.6194
10.57	0.7642	0.7619	0.6193
10.56	0.7636	0.7613	0.6192
10.55	0.7632	0.7608	0.6191
10.54	0.7625	0.7603	0.619
10.53	0.7617	0.7596	0.6189
10.52	0.7612	0.759	0.6188
10.51	0.7606	0.7586	0.6187
10.50	0.7601	0.7581	0.6186
10.49	0.7595	0.7575	0.6185
10.48	0.759	0.7569	0.6185
10.47	0.7583	0.7562	0.6184
10.46	0.7577	0.7559	0.6183
10.45	0.7572	0.7554	0.6182
10.44	0.7564	0.7548	0.6181
10.43	0.7559	0.7542	0.618
10.42	0.755	0.7535	0.6179
10.41	0.7544	0.7529	0.6179
10.40	0.7537	0.7522	0.6178
10.39	0.7529	0.7516	0.6177
10.38	0.7525	0.751	0.6176
10.37	0.7515	0.7505	0.6175
10.36	0.7508	0.7498	0.6175
10.35	0.7502	0.7491	0.6174
10.34	0.7497	0.7487	0.6173
10.33	0.749	0.7481	0.6172
10.32	0.7483	0.7476	0.6172
10.31	0.7474	0.7469	0.6171
10.30	0.7466	0.7463	0.617
10.29	0.746	0.7458	0.6169
10.28	0.7454	0.7451	0.6168
10.27	0.7447	0.7443	0.6167
10.26	0.7441	0.7436	0.6167
10.25	0.7434	0.743	0.6166
10.24	0.7429	0.7423	0.6165
10.23	0.7424	0.7416	0.6164
10.22	0.7418	0.741	0.6163
10.21	0.7412	0.7403	0.6162
10.20	0.7407	0.7398	0.6161
10.19	0.74	0.7391	0.616
10.18	0.7392	0.7384	0.6159
10.17	0.7385	0.7377	0.6158
10.16	0.7375	0.737	0.6158
10.15	0.7368	0.7364	0.6157
10.14	0.7361	0.7358	0.6156
10.13	0.7354	0.7352	0.6154
10.12	0.7348	0.7344	0.6153
10.11	0.7343	0.7338	0.6153
10.10	0.7338	0.7334	0.6152
10.09	0.7331	0.7329	0.6151
10.08	0.7326	0.7322	0.6151
10.07	0.732	0.7316	0.615
10.06	0.7316	0.731	0.6149
10.05	0.7311	0.7304	0.6147
10.04	0.7305	0.7298	0.6147
10.03	0.7299	0.7289	0.6146
10.02	0.7291	0.7283	0.6145
10.01	0.7283	0.728	0.6144
10.00	0.728	0.7277	0.6144
9.999	0.7279	0.7277	0.6144
9.998	0.7279	0.7276	0.6143
9.997	0.7279	0.7275	0.6143
9.996	0.7277	0.7275	0.6143
9.995	0.7276	0.7274	0.6143
9.994	0.7276	0.7274	0.6143
9.993	0.7275	0.7273	0.6143
9.992	0.7275	0.7273	0.6143
9.991	0.7275	0.7272	0.6143
9.990	0.7275	0.7271	0.6143
9.989	0.7274	0.7271	0.6143
9.988	0.7274	0.727	0.6143
9.987	0.7273	0.727	0.6143
9.986	0.7272	0.7269	0.6142
9.985	0.7271	0.7268	0.6142
9.984	0.727	0.7267	0.6142
9.983	0.727	0.7267	0.6142
9.982	0.7269	0.7266	0.6142
9.981	0.7268	0.7265	0.6142
9.980	0.7268	0.7264	0.6142
9.979	0.7267	0.7264	0.6142
9.978	0.7266	0.7264	0.6142
9.977	0.7266	0.7263	0.6142
9.976	0.7265	0.7262	0.6142
9.975	0.7265	0.7262	0.6141
9.974	0.7264	0.7261	0.6141
9.973	0.7264	0.726	0.6141
9.972	0.7264	0.726	0.6141
9.971	0.7262	0.7258	0.6141
9.970	0.7262	0.7258	0.6141
9.969	0.7261	0.7257	0.6141
9.968	0.726	0.7257	0.6141
9.967	0.726	0.7256	0.6141
9.966	0.7259	0.7256	0.6141
9.965	0.7258	0.7256	0.6141
9.964	0.7257	0.7255	0.6141
9.963	0.7257	0.7255	0.6141
9.962	0.7256	0.7254	0.614
9.961	0.7256	0.7253	0.614
9.960	0.7255	0.7253	0.614
9.959	0.7254	0.7252	0.614
9.958	0.7253	0.7252	0.614
9.957	0.7253	0.7251	0.614
9.956	0.7252	0.7251	0.614
9.955	0.7252	0.725	0.614
9.954	0.7251	0.725	0.614
9.953	0.725	0.7249	0.614
9.952	0.725	0.7248	0.6139
9.951	0.7249	0.7247	0.6139
9.950	0.7248	0.7247	0.6139
9.949	0.7248	0.7246	0.6139
9.948	0.7248	0.7245	0.6139
9.947	0.7247	0.7244	0.6139
9.946	0.7246	0.7243	0.6139
9.945	0.7246	0.7242	0.6139
9.944	0.7246	0.7242	0.6139
9.943	0.7245	0.7241	0.6139
9.942	0.7244	0.724	0.6139
9.941	0.7244	0.724	0.6138
9.940	0.7243	0.7239	0.6138
9.939	0.7243	0.7239	0.6138
9.938	0.7242	0.7238	0.6138
9.937	0.724	0.7238	0.6138
9.936	0.7239	0.7238	0.6138
9.935	0.7238	0.7237	0.6138
9.934	0.7237	0.7236	0.6138
9.933	0.7237	0.7236	0.6138
9.932	0.7236	0.7235	0.6138
9.931	0.7235	0.7234	0.6137
9.930	0.7235	0.7234	0.6137
9.929	0.7234	0.7233	0.6137
9.928	0.7234	0.7232	0.6137
9.927	0.7233	0.7232	0.6137
9.926	0.7232	0.723	0.6137
9.925	0.7232	0.723	0.6137
9.924	0.7232	0.7228	0.6137
9.923	0.7231	0.7226	0.6137
9.922	0.723	0.7225	0.6136
9.921	0.7229	0.7225	0.6136
9.920	0.7229	0.7224	0.6136
9.919	0.7228	0.7224	0.6136
9.918	0.7227	0.7223	0.6136
9.917	0.7227	0.7222	0.6136
9.916	0.7225	0.7222	0.6136
9.915	0.7225	0.7222	0.6136
9.914	0.7224	0.722	0.6136
9.913	0.7223	0.722	0.6136
9.912	0.7223	0.722	0.6136
9.911	0.7221	0.7217	0.6136
9.910	0.7221	0.7217	0.6135
9.909	0.722	0.7217	0.6135
9.908	0.7219	0.7216	0.6135
9.907	0.7219	0.7216	0.6135
9.906	0.7219	0.7216	0.6135
9.905	0.7217	0.7215	0.6135
9.904	0.7217	0.7215	0.6135
9.903	0.7217	0.7215	0.6135
9.902	0.7216	0.7214	0.6135
9.901	0.7216	0.7213	0.6135
9.900	0.7215	0.7212	0.6135
9.899	0.7215	0.7212	0.6135
9.898	0.7214	0.7211	0.6135
9.897	0.7213	0.721	0.6134
9.896	0.7213	0.7209	0.6134
9.895	0.7211	0.7209	0.6134
9.894	0.7211	0.7209	0.6134
9.893	0.7211	0.7209	0.6134
9.892	0.7209	0.7208	0.6134
9.891	0.7208	0.7208	0.6134
9.890	0.7208	0.7207	0.6134
9.889	0.7207	0.7207	0.6134
9.888	0.7207	0.7205	0.6134
9.887	0.7206	0.7204	0.6133
9.886	0.7204	0.7204	0.6133
9.885	0.7204	0.7201	0.6133
9.884	0.7203	0.7201	0.6133
9.883	0.7203	0.72	0.6133
9.882	0.7203	0.72	0.6133
9.881	0.7202	0.72	0.6133
9.880	0.7202	0.7199	0.6133
9.879	0.72	0.7199	0.6133
9.878	0.72	0.7197	0.6132
9.877	0.7199	0.7197	0.6132
9.876	0.7198	0.7197	0.6132
9.875	0.7197	0.7196	0.6132
9.874	0.7196	0.7196	0.6132
9.873	0.7195	0.7195	0.6132
9.872	0.7195	0.7193	0.6132
9.871	0.7194	0.7193	0.6132
9.870	0.7193	0.7192	0.6132
9.869	0.7192	0.7192	0.6132
9.868	0.7192	0.7191	0.6132
9.867	0.7191	0.719	0.6132
9.866	0.7191	0.719	0.6132
9.865	0.719	0.7189	0.6132
9.864	0.719	0.7188	0.6132
9.863	0.7189	0.7188	0.6132
9.862	0.7188	0.7187	0.6131
9.861	0.7188	0.7186	0.6131
9.860	0.7188	0.7186	0.6131
9.859	0.7187	0.7185	0.6131
9.858	0.7186	0.7185	0.6131
9.857	0.7186	0.7185	0.6131
9.856	0.7185	0.7184	0.6131
9.855	0.7184	0.7184	0.6131
9.854	0.7184	0.7183	0.6131
9.853	0.7183	0.7183	0.6131
9.852	0.7183	0.7182	0.6131
9.851	0.7182	0.7181	0.6131
9.850	0.7181	0.7181	0.6131
9.849	0.718	0.718	0.613
9.848	0.718	0.718	0.613
9.847	0.7179	0.718	0.613
9.846	0.7178	0.7179	0.613
9.845	0.7178	0.7178	0.613
9.844	0.7177	0.7178	0.613
9.843	0.7177	0.7177	0.613
9.842	0.7176	0.7176	0.613
9.841	0.7176	0.7175	0.613
9.840	0.7174	0.7174	0.613
9.839	0.7174	0.7173	0.613
9.838	0.7173	0.7172	0.6129
9.837	0.7172	0.7171	0.6129
9.836	0.7171	0.7171	0.6129
9.835	0.717	0.7171	0.6129
9.834	0.717	0.717	0.6129
9.833	0.7169	0.7169	0.6129
9.832	0.7168	0.7169	0.6129
9.831	0.7167	0.7168	0.6129
9.830	0.7166	0.7167	0.6129
9.829	0.7166	0.7166	0.6129
9.828	0.7166	0.7166	0.6129
9.827	0.7166	0.7166	0.6129
9.826	0.7164	0.7165	0.6128
9.825	0.7164	0.7164	0.6128
9.824	0.7163	0.7164	0.6128
9.823	0.7163	0.7163	0.6128
9.822	0.7162	0.7162	0.6128
9.821	0.7162	0.7162	0.6128
9.820	0.7162	0.7162	0.6128
9.819	0.7159	0.7161	0.6128
9.818	0.7158	0.716	0.6128
9.817	0.7157	0.716	0.6128
9.816	0.7157	0.7159	0.6127
9.815	0.7156	0.7158	0.6127
9.814	0.7155	0.7157	0.6127
9.813	0.7154	0.7157	0.6127
9.812	0.7154	0.7157	0.6127
9.811	0.7154	0.7157	0.6127
9.810	0.7153	0.7156	0.6127
9.809	0.7153	0.7155	0.6127
9.808	0.7153	0.7155	0.6127
9.807	0.7152	0.7154	0.6126
9.806	0.7151	0.7154	0.6126
9.805	0.7151	0.7153	0.6126
9.804	0.715	0.7152	0.6126
9.803	0.715	0.7151	0.6126
9.802	0.7149	0.7151	0.6126
9.801	0.7148	0.7151	0.6126
9.800	0.7148	0.715	0.6126
9.799	0.7148	0.715	0.6126
9.798	0.7147	0.715	0.6126
9.797	0.7147	0.715	0.6125
9.796	0.7146	0.7149	0.6125
9.795	0.7145	0.7148	0.6125
9.794	0.7144	0.7147	0.6125
9.793	0.7144	0.7146	0.6125
9.792	0.7142	0.7146	0.6125
9.791	0.7141	0.7146	0.6125
9.790	0.7141	0.7145	0.6125
9.789	0.7139	0.7145	0.6125
9.788	0.7138	0.7145	0.6125
9.787	0.7137	0.7143	0.6125
9.786	0.7136	0.7142	0.6124
9.785	0.7136	0.7141	0.6124
9.784	0.7135	0.714	0.6124
9.783	0.7135	0.714	0.6124
9.782	0.7135	0.7139	0.6124
9.781	0.7134	0.7138	0.6124
9.780	0.7134	0.7138	0.6124
9.779	0.7132	0.7137	0.6124
9.778	0.7131	0.7137	0.6124
9.777	0.7131	0.7137	0.6124
9.776	0.713	0.7136	0.6124
9.775	0.7129	0.7136	0.6124
9.774	0.7129	0.7135	0.6123
9.773	0.7128	0.7135	0.6123
9.772	0.7126	0.7135	0.6123
9.771	0.7126	0.7134	0.6123
9.770	0.7124	0.7134	0.6123
9.769	0.7124	0.7133	0.6123
9.768	0.7124	0.7133	0.6123
9.767	0.7122	0.7133	0.6123
9.766	0.7122	0.7132	0.6123
9.765	0.7121	0.7131	0.6123
9.764	0.7121	0.7131	0.6123
9.763	0.7121	0.713	0.6123
9.762	0.712	0.713	0.6123
9.761	0.712	0.7128	0.6122
9.760	0.7119	0.7127	0.6122
9.759	0.7118	0.7127	0.6122
9.758	0.7117	0.7127	0.6122
9.757	0.7116	0.7126	0.6122
9.756	0.7116	0.7125	0.6122
9.755	0.7115	0.7124	0.6122
9.754	0.7113	0.7123	0.6122
9.753	0.7112	0.7123	0.6122
9.752	0.7112	0.7121	0.6122
9.751	0.7111	0.7121	0.6121
9.750	0.7111	0.712	0.6121
9.749	0.711	0.7119	0.6121
9.748	0.711	0.7117	0.6121
9.747	0.7109	0.7117	0.6121
9.746	0.7109	0.7116	0.6121
9.745	0.7108	0.7114	0.6121
9.744	0.7108	0.7114	0.6121
9.743	0.7107	0.7113	0.6121
9.742	0.7106	0.7112	0.6121
9.741	0.7105	0.7112	0.612
9.740	0.7104	0.7111	0.612
9.739	0.7104	0.7111	0.612
9.738	0.7102	0.711	0.612
9.737	0.7101	0.711	0.612
9.736	0.7101	0.711	0.612
9.735	0.7099	0.7109	0.612
9.734	0.7099	0.7109	0.612
9.733	0.7098	0.7108	0.612
9.732	0.7097	0.7107	0.612
9.731	0.7096	0.7105	0.6119
9.730	0.7096	0.7104	0.6119
9.729	0.7095	0.7104	0.6119
9.728	0.7095	0.7103	0.6119
9.727	0.7093	0.7103	0.6119
9.726	0.7092	0.7102	0.6119
9.725	0.7092	0.7102	0.6119
9.724	0.7091	0.7102	0.6119
9.723	0.7091	0.7101	0.6119
9.722	0.709	0.7101	0.6119
9.721	0.709	0.71	0.6119
9.720	0.7088	0.71	0.6118
9.719	0.7087	0.7099	0.6118
9.718	0.7086	0.7099	0.6118
9.717	0.7085	0.7098	0.6118
9.716	0.7083	0.7098	0.6118
9.715	0.7083	0.7098	0.6118
9.714	0.7082	0.7097	0.6118
9.713	0.7081	0.7095	0.6118
9.712	0.708	0.7095	0.6118
9.711	0.7079	0.7094	0.6118
9.710	0.7079	0.7094	0.6118
9.709	0.7078	0.7093	0.6118
9.708	0.7078	0.7092	0.6117
9.707	0.7077	0.7091	0.6117
9.706	0.7076	0.7091	0.6117
9.705	0.7075	0.709	0.6117
9.704	0.7075	0.709	0.6117
9.703	0.7074	0.7088	0.6117
9.702	0.7074	0.7086	0.6117
9.701	0.7074	0.7086	0.6117
9.700	0.7073	0.7085	0.6117
9.699	0.7072	0.7084	0.6116
9.698	0.7071	0.7084	0.6116
9.697	0.7071	0.7083	0.6116
9.696	0.707	0.7082	0.6116
9.695	0.707	0.7082	0.6116
9.694	0.7069	0.708	0.6116
9.693	0.7068	0.708	0.6116
9.692	0.7068	0.7079	0.6116
9.691	0.7068	0.7079	0.6116
9.690	0.7067	0.7078	0.6116
9.689	0.7067	0.7077	0.6116
9.688	0.7066	0.7077	0.6115
9.687	0.7065	0.7076	0.6115
9.686	0.7065	0.7074	0.6115
9.685	0.7064	0.7074	0.6115
9.684	0.7064	0.7073	0.6115
9.683	0.7063	0.7073	0.6115
9.682	0.7063	0.7073	0.6115
9.681	0.7062	0.7072	0.6115
9.680	0.7062	0.7072	0.6115
9.679	0.7061	0.707	0.6115
9.678	0.7059	0.707	0.6115
9.677	0.7059	0.7069	0.6114
9.676	0.7059	0.7069	0.6114
9.675	0.7057	0.7068	0.6114
9.674	0.7057	0.7067	0.6114
9.673	0.7057	0.7067	0.6114
9.672	0.7056	0.7066	0.6114
9.671	0.7054	0.7065	0.6114
9.670	0.7054	0.7065	0.6114
9.669	0.7053	0.7063	0.6114
9.668	0.7053	0.7062	0.6113
9.667	0.7053	0.7061	0.6113
9.666	0.7052	0.7061	0.6113
9.665	0.7051	0.706	0.6113
9.664	0.7049	0.706	0.6113
9.663	0.7048	0.7059	0.6113
9.662	0.7047	0.7059	0.6113
9.661	0.7046	0.7058	0.6113
9.660	0.7046	0.7058	0.6113
9.659	0.7046	0.7057	0.6112
9.658	0.7045	0.7057	0.6112
9.657	0.7045	0.7055	0.6112
9.656	0.7044	0.7055	0.6112
9.655	0.7044	0.7053	0.6112
9.654	0.7043	0.7053	0.6112
9.653	0.7043	0.7052	0.6112
9.652	0.7042	0.7051	0.6112
9.651	0.7042	0.7051	0.6112
9.650	0.7041	0.7049	0.6112
9.649	0.7039	0.7049	0.6111
9.648	0.7039	0.7048	0.6111
9.647	0.7038	0.7048	0.6111
9.646	0.7038	0.7047	0.6111
9.645	0.7038	0.7047	0.6111
9.644	0.7038	0.7047	0.6111
9.643	0.7037	0.7046	0.6111
9.642	0.7037	0.7044	0.6111
9.641	0.7036	0.7043	0.6111
9.640	0.7035	0.7042	0.6111
9.639	0.7033	0.704	0.611
9.638	0.7033	0.704	0.611
9.637	0.7032	0.7038	0.611
9.636	0.7032	0.7037	0.611
9.635	0.7031	0.7037	0.611
9.634	0.703	0.7037	0.611
9.633	0.703	0.7036	0.611
9.632	0.7029	0.7036	0.6109
9.631	0.7028	0.7035	0.6109
9.630	0.7028	0.7035	0.6109
9.629	0.7027	0.7034	0.6109
9.628	0.7027	0.7034	0.6109
9.627	0.7025	0.7033	0.6109
9.626	0.7024	0.7032	0.6109
9.625	0.7023	0.7032	0.6109
9.624	0.7022	0.7031	0.6109
9.623	0.7022	0.7031	0.6109
9.622	0.7022	0.7031	0.6108
9.621	0.7021	0.703	0.6108
9.620	0.7021	0.703	0.6108
9.619	0.702	0.703	0.6108
9.618	0.7019	0.703	0.6108
9.617	0.7019	0.7028	0.6108
9.616	0.7018	0.7028	0.6108
9.615	0.7018	0.7027	0.6108
9.614	0.7017	0.7027	0.6108
9.613	0.7016	0.7027	0.6108
9.612	0.7016	0.7026	0.6108
9.611	0.7016	0.7025	0.6108
9.610	0.7015	0.7025	0.6108
9.609	0.7014	0.7024	0.6107
9.608	0.7014	0.7024	0.6107
9.607	0.7013	0.7023	0.6107
9.606	0.7013	0.7022	0.6107
9.605	0.7013	0.7022	0.6107
9.604	0.7012	0.702	0.6107
9.603	0.701	0.7019	0.6107
9.602	0.701	0.7018	0.6107
9.601	0.7009	0.7017	0.6107
9.600	0.7008	0.7017	0.6107
9.599	0.7008	0.7016	0.6107
9.598	0.7007	0.7016	0.6107
9.597	0.7006	0.7015	0.6107
9.596	0.7006	0.7015	0.6107
9.595	0.7006	0.7015	0.6107
9.594	0.7004	0.7014	0.6106
9.593	0.7003	0.7014	0.6106
9.592	0.7002	0.7012	0.6106
9.591	0.7001	0.7012	0.6106
9.590	0.7001	0.7011	0.6106
9.589	0.7	0.7011	0.6106
9.588	0.6999	0.7011	0.6106
9.587	0.6998	0.701	0.6106
9.586	0.6997	0.7009	0.6106
9.585	0.6997	0.7009	0.6106
9.584	0.6996	0.7008	0.6105
9.583	0.6996	0.7008	0.6105
9.582	0.6996	0.7007	0.6105
9.581	0.6995	0.7006	0.6105
9.580	0.6995	0.7005	0.6105
9.579	0.6993	0.7005	0.6105
9.578	0.6993	0.7004	0.6105
9.577	0.6992	0.7003	0.6105
9.576	0.6992	0.7003	0.6105
9.575	0.6991	0.7002	0.6105
9.574	0.6991	0.7002	0.6105
9.573	0.699	0.7	0.6105
9.572	0.699	0.6999	0.6105
9.571	0.6989	0.6998	0.6104
9.570	0.6988	0.6997	0.6104
9.569	0.6988	0.6997	0.6104
9.568	0.6988	0.6996	0.6104
9.567	0.6987	0.6995	0.6104
9.566	0.6987	0.6995	0.6104
9.565	0.6986	0.6995	0.6104
9.564	0.6986	0.6994	0.6104
9.563	0.6986	0.6993	0.6104
9.562	0.6985	0.6992	0.6104
9.561	0.6984	0.6991	0.6104
9.560	0.6984	0.699	0.6103
9.559	0.6983	0.6989	0.6103
9.558	0.6982	0.6988	0.6103
9.557	0.6982	0.6988	0.6103
9.556	0.6982	0.6988	0.6103
9.555	0.6981	0.6987	0.6103
9.554	0.6981	0.6987	0.6103
9.553	0.698	0.6985	0.6103
9.552	0.698	0.6984	0.6103
9.551	0.6979	0.6984	0.6102
9.550	0.6979	0.6982	0.6102
9.549	0.6979	0.6982	0.6102
9.548	0.6978	0.6982	0.6102
9.547	0.6976	0.6982	0.6102
9.546	0.6976	0.6981	0.6102
9.545	0.6975	0.6981	0.6102
9.544	0.6975	0.6981	0.6102
9.543	0.6974	0.6979	0.6102
9.542	0.6974	0.6979	0.6101
9.541	0.6973	0.6978	0.6101
9.540	0.6973	0.6977	0.6101
9.539	0.6972	0.6976	0.6101
9.538	0.6972	0.6976	0.6101
9.537	0.6972	0.6975	0.6101
9.536	0.6972	0.6975	0.6101
9.535	0.6971	0.6974	0.6101
9.534	0.697	0.6974	0.6101
9.533	0.697	0.6973	0.6101
9.532	0.6969	0.6972	0.61
9.531	0.6969	0.6971	0.61
9.530	0.6968	0.697	0.61
9.529	0.6967	0.697	0.61
9.528	0.6966	0.6969	0.61
9.527	0.6965	0.6968	0.61
9.526	0.6965	0.6968	0.61
9.525	0.6964	0.6967	0.61
9.524	0.6964	0.6967	0.61
9.523	0.6964	0.6966	0.61
9.522	0.6963	0.6965	0.61
9.521	0.6963	0.6965	0.6099
9.520	0.6962	0.6964	0.6099
9.519	0.6961	0.6963	0.6099
9.518	0.6961	0.6963	0.6099
9.517	0.696	0.6963	0.6099
9.516	0.6959	0.6962	0.6099
9.515	0.6959	0.6962	0.6099
9.514	0.6958	0.6961	0.6099
9.513	0.6957	0.6961	0.6099
9.512	0.6956	0.696	0.6099
9.511	0.6956	0.696	0.6098
9.510	0.6956	0.6959	0.6098
9.509	0.6955	0.6959	0.6098
9.508	0.6954	0.6958	0.6098
9.507	0.6954	0.6958	0.6098
9.506	0.6953	0.6958	0.6098
9.505	0.6952	0.6957	0.6098
9.504	0.6952	0.6956	0.6098
9.503	0.6951	0.6956	0.6098
9.502	0.695	0.6956	0.6098
9.501	0.695	0.6956	0.6098
9.500	0.6949	0.6955	0.6098
9.499	0.6949	0.6954	0.6097
9.498	0.6948	0.6954	0.6097
9.497	0.6947	0.6953	0.6097
9.496	0.6947	0.6952	0.6097
9.495	0.6946	0.6952	0.6097
9.494	0.6945	0.6952	0.6097
9.493	0.6944	0.6951	0.6097
9.492	0.6943	0.6951	0.6097
9.491	0.6943	0.695	0.6097
9.490	0.6942	0.695	0.6097
9.489	0.6942	0.6949	0.6097
9.488	0.6942	0.6949	0.6097
9.487	0.6941	0.6949	0.6096
9.486	0.694	0.6948	0.6096
9.485	0.694	0.6947	0.6096
9.484	0.6939	0.6947	0.6096
9.483	0.6938	0.6947	0.6096
9.482	0.6937	0.6946	0.6096
9.481	0.6937	0.6946	0.6096
9.480	0.6937	0.6946	0.6096
9.479	0.6937	0.6946	0.6096
9.478	0.6935	0.6945	0.6096
9.477	0.6935	0.6945	0.6096
9.476	0.6934	0.6944	0.6096
9.475	0.6934	0.6944	0.6096
9.474	0.6933	0.6944	0.6095
9.473	0.6933	0.6942	0.6095
9.472	0.6933	0.6942	0.6095
9.471	0.6933	0.6941	0.6095
9.470	0.6932	0.694	0.6095
9.469	0.6931	0.694	0.6095
9.468	0.693	0.694	0.6095
9.467	0.6929	0.694	0.6095
9.466	0.6929	0.6939	0.6095
9.465	0.6928	0.6938	0.6095
9.464	0.6928	0.6937	0.6095
9.463	0.6928	0.6937	0.6095
9.462	0.6927	0.6936	0.6095
9.461	0.6927	0.6935	0.6094
9.460	0.6926	0.6935	0.6094
9.459	0.6926	0.6934	0.6094
9.458	0.6925	0.6934	0.6094
9.457	0.6925	0.6934	0.6094
9.456	0.6924	0.6933	0.6094
9.455	0.6923	0.6933	0.6094
9.454	0.6923	0.6932	0.6094
9.453	0.6922	0.6931	0.6094
9.452	0.6922	0.6931	0.6094
9.451	0.6921	0.693	0.6094
9.450	0.692	0.693	0.6093
9.449	0.6919	0.6929	0.6093
9.448	0.6919	0.6929	0.6093
9.447	0.6918	0.6927	0.6093
9.446	0.6917	0.6927	0.6093
9.445	0.6917	0.6926	0.6093
9.444	0.6916	0.6925	0.6093
9.443	0.6915	0.6925	0.6093
9.442	0.6915	0.6924	0.6093
9.441	0.6915	0.6924	0.6093
9.440	0.6913	0.6923	0.6093
9.439	0.6913	0.6922	0.6093
9.438	0.6913	0.6922	0.6093
9.437	0.6912	0.6921	0.6092
9.436	0.6911	0.6921	0.6092
9.435	0.6911	0.692	0.6092
9.434	0.691	0.692	0.6092
9.433	0.691	0.6919	0.6092
9.432	0.6909	0.6918	0.6092
9.431	0.6909	0.6917	0.6092
9.430	0.6909	0.6917	0.6092
9.429	0.6908	0.6916	0.6092
9.428	0.6907	0.6916	0.6092
9.427	0.6907	0.6915	0.6091
9.426	0.6906	0.6914	0.6091
9.425	0.6906	0.6914	0.6091
9.424	0.6905	0.6913	0.6091
9.423	0.6904	0.6913	0.6091
9.422	0.6904	0.6912	0.6091
9.421	0.6903	0.6912	0.6091
9.420	0.6901	0.6912	0.6091
9.419	0.6901	0.6912	0.6091
9.418	0.69	0.6911	0.6091
9.417	0.69	0.6911	0.6091
9.416	0.69	0.691	0.609
9.415	0.6899	0.691	0.609
9.414	0.6899	0.6909	0.609
9.413	0.6898	0.6909	0.609
9.412	0.6897	0.6909	0.609
9.411	0.6897	0.6909	0.609
9.410	0.6896	0.6908	0.609
9.409	0.6896	0.6907	0.609
9.408	0.6895	0.6907	0.609
9.407	0.6894	0.6907	0.609
9.406	0.6894	0.6906	0.609
9.405	0.6894	0.6906	0.609
9.404	0.6893	0.6905	0.6089
9.403	0.6892	0.6905	0.6089
9.402	0.6892	0.6905	0.6089
9.401	0.6891	0.6904	0.6089
9.400	0.6891	0.6904	0.6089
9.399	0.6891	0.6903	0.6089
9.398	0.689	0.6903	0.6089
9.397	0.689	0.6902	0.6089
9.396	0.689	0.6901	0.6089
9.395	0.6887	0.69	0.6089
9.394	0.6887	0.69	0.6089
9.393	0.6887	0.6899	0.6089
9.392	0.6886	0.6899	0.6088
9.391	0.6886	0.6898	0.6088
9.390	0.6885	0.6898	0.6088
9.389	0.6885	0.6898	0.6088
9.388	0.6884	0.6897	0.6088
9.387	0.6883	0.6896	0.6088
9.386	0.6882	0.6896	0.6088
9.385	0.6881	0.6895	0.6088
9.384	0.6881	0.6895	0.6088
9.383	0.688	0.6894	0.6088
9.382	0.688	0.6894	0.6088
9.381	0.6879	0.6894	0.6088
9.380	0.6879	0.6892	0.6088
9.379	0.6878	0.6892	0.6087
9.378	0.6877	0.6892	0.6087
9.377	0.6877	0.6891	0.6087
9.376	0.6877	0.6891	0.6087
9.375	0.6877	0.689	0.6087
9.374	0.6876	0.689	0.6087
9.373	0.6876	0.6889	0.6086
9.372	0.6875	0.6889	0.6086
9.371	0.6875	0.6889	0.6086
9.370	0.6874	0.6888	0.6086
9.369	0.6874	0.6887	0.6086
9.368	0.6873	0.6887	0.6086
9.367	0.6873	0.6886	0.6086
9.366	0.6871	0.6885	0.6086
9.365	0.6871	0.6884	0.6086
9.364	0.687	0.6883	0.6085
9.363	0.687	0.6882	0.6085
9.362	0.6869	0.6882	0.6085
9.361	0.6869	0.688	0.6085
9.360	0.6868	0.688	0.6085
9.359	0.6868	0.688	0.6085
9.358	0.6867	0.6879	0.6085
9.357	0.6867	0.6879	0.6085
9.356	0.6866	0.6878	0.6085
9.355	0.6866	0.6878	0.6085
9.354	0.6865	0.6877	0.6084
9.353	0.6865	0.6877	0.6084
9.352	0.6865	0.6876	0.6084
9.351	0.6864	0.6876	0.6084
9.350	0.6864	0.6875	0.6084
9.349	0.6863	0.6875	0.6084
9.348	0.6863	0.6875	0.6084
9.347	0.6862	0.6875	0.6084
9.346	0.6862	0.6874	0.6084
9.345	0.6862	0.6873	0.6084
9.344	0.6862	0.6873	0.6084
9.343	0.6861	0.6872	0.6083
9.342	0.6861	0.6871	0.6083
9.341	0.686	0.6871	0.6083
9.340	0.6859	0.6871	0.6083
9.339	0.6858	0.687	0.6083
9.338	0.6858	0.687	0.6083
9.337	0.6858	0.6869	0.6083
9.336	0.6857	0.6869	0.6083
9.335	0.6857	0.6868	0.6083
9.334	0.6857	0.6867	0.6082
9.333	0.6856	0.6867	0.6082
9.332	0.6855	0.6866	0.6082
9.331	0.6855	0.6866	0.6082
9.330	0.6854	0.6865	0.6082
9.329	0.6854	0.6865	0.6082
9.328	0.6853	0.6864	0.6082
9.327	0.6852	0.6864	0.6082
9.326	0.6852	0.6863	0.6082
9.325	0.6852	0.6863	0.6082
9.324	0.6852	0.6862	0.6082
9.323	0.6851	0.6861	0.6081
9.322	0.6851	0.686	0.6081
9.321	0.6851	0.686	0.6081
9.320	0.685	0.686	0.6081
9.319	0.685	0.6859	0.6081
9.318	0.6849	0.6859	0.6081
9.317	0.6848	0.6859	0.6081
9.316	0.6848	0.6858	0.6081
9.315	0.6847	0.6858	0.6081
9.314	0.6847	0.6857	0.6081
9.313	0.6845	0.6857	0.6081
9.312	0.6845	0.6857	0.6081
9.311	0.6845	0.6856	0.6081
9.310	0.6844	0.6856	0.608
9.309	0.6843	0.6855	0.608
9.308	0.6843	0.6855	0.608
9.307	0.6843	0.6854	0.608
9.306	0.6842	0.6854	0.608
9.305	0.6842	0.6854	0.608
9.304	0.6841	0.6853	0.608
9.303	0.684	0.6852	0.608
9.302	0.6839	0.6852	0.608
9.301	0.6839	0.6852	0.608
9.300	0.6838	0.6851	0.6079
9.299	0.6838	0.685	0.6079
9.298	0.6837	0.685	0.6079
9.297	0.6837	0.6848	0.6079
9.296	0.6836	0.6848	0.6079
9.295	0.6835	0.6848	0.6079
9.294	0.6834	0.6847	0.6079
9.293	0.6833	0.6846	0.6079
9.292	0.6833	0.6846	0.6079
9.291	0.6832	0.6845	0.6079
9.290	0.6832	0.6845	0.6079
9.289	0.6831	0.6844	0.6078
9.288	0.6831	0.6844	0.6078
9.287	0.683	0.6843	0.6078
9.286	0.683	0.6843	0.6078
9.285	0.6829	0.6842	0.6078
9.284	0.6828	0.6841	0.6078
9.283	0.6828	0.6841	0.6078
9.282	0.6827	0.684	0.6078
9.281	0.6827	0.6839	0.6078
9.280	0.6826	0.6839	0.6078
9.279	0.6826	0.6839	0.6078
9.278	0.6825	0.6838	0.6078
9.277	0.6825	0.6838	0.6077
9.276	0.6824	0.6837	0.6077
9.275	0.6823	0.6837	0.6077
9.274	0.6823	0.6837	0.6077
9.273	0.6822	0.6836	0.6077
9.272	0.6822	0.6835	0.6077
9.271	0.6821	0.6834	0.6076
9.270	0.6821	0.6833	0.6076
9.269	0.6821	0.6832	0.6076
9.268	0.682	0.6832	0.6076
9.267	0.682	0.6831	0.6076
9.266	0.6819	0.6831	0.6076
9.265	0.6819	0.683	0.6076
9.264	0.6818	0.683	0.6076
9.263	0.6818	0.6829	0.6076
9.262	0.6818	0.6828	0.6076
9.261	0.6817	0.6826	0.6076
9.260	0.6817	0.6825	0.6076
9.259	0.6817	0.6825	0.6076
9.258	0.6816	0.6824	0.6076
9.257	0.6815	0.6824	0.6075
9.256	0.6815	0.6824	0.6075
9.255	0.6815	0.6823	0.6075
9.254	0.6814	0.6823	0.6075
9.253	0.6814	0.6822	0.6075
9.252	0.6813	0.6821	0.6075
9.251	0.6813	0.6821	0.6075
9.250	0.6813	0.6821	0.6075
9.249	0.6812	0.682	0.6075
9.248	0.6812	0.682	0.6075
9.247	0.6811	0.682	0.6075
9.246	0.6811	0.6819	0.6075
9.245	0.681	0.6819	0.6074
9.244	0.681	0.6819	0.6074
9.243	0.681	0.6818	0.6074
9.242	0.6809	0.6818	0.6074
9.241	0.6808	0.6818	0.6074
9.240	0.6808	0.6817	0.6074
9.239	0.6807	0.6817	0.6074
9.238	0.6806	0.6817	0.6074
9.237	0.6806	0.6816	0.6074
9.236	0.6806	0.6816	0.6074
9.235	0.6805	0.6815	0.6074
9.234	0.6805	0.6815	0.6074
9.233	0.6804	0.6815	0.6073
9.232	0.6804	0.6814	0.6073
9.231	0.6804	0.6814	0.6073
9.230	0.6803	0.6813	0.6073
9.229	0.6803	0.6813	0.6073
9.228	0.6803	0.6812	0.6073
9.227	0.6802	0.6812	0.6073
9.226	0.6801	0.6812	0.6073
9.225	0.6801	0.6811	0.6072
9.224	0.68	0.6811	0.6072
9.223	0.68	0.681	0.6072
9.222	0.6799	0.681	0.6072
9.221	0.6799	0.681	0.6072
9.220	0.6799	0.6809	0.6072
9.219	0.6798	0.6809	0.6072
9.218	0.6798	0.6808	0.6072
9.217	0.6797	0.6807	0.6072
9.216	0.6797	0.6807	0.6072
9.215	0.6797	0.6807	0.6071
9.214	0.6796	0.6806	0.6071
9.213	0.6796	0.6806	0.6071
9.212	0.6795	0.6805	0.6071
9.211	0.6795	0.6803	0.6071
9.210	0.6794	0.6803	0.6071
9.209	0.6794	0.6802	0.6071
9.208	0.6794	0.6802	0.6071
9.207	0.6794	0.68	0.6071
9.206	0.6793	0.6799	0.6071
9.205	0.6792	0.6799	0.6071
9.204	0.6792	0.6799	0.6071
9.203	0.6791	0.6798	0.607
9.202	0.679	0.6798	0.607
9.201	0.679	0.6797	0.607
9.200	0.6789	0.6797	0.607
9.199	0.6789	0.6797	0.607
9.198	0.6788	0.6796	0.607
9.197	0.6788	0.6796	0.607
9.196	0.6787	0.6795	0.607
9.195	0.6787	0.6795	0.607
9.194	0.6787	0.6795	0.607
9.193	0.6786	0.6795	0.607
9.192	0.6785	0.6795	0.607
9.191	0.6785	0.6794	0.6069
9.190	0.6785	0.6794	0.6069
9.189	0.6785	0.6794	0.6069
9.188	0.6784	0.6793	0.6069
9.187	0.6784	0.6792	0.6069
9.186	0.6784	0.6792	0.6069
9.185	0.6783	0.6792	0.6069
9.184	0.6782	0.6791	0.6069
9.183	0.6781	0.679	0.6069
9.182	0.6781	0.679	0.6069
9.181	0.678	0.679	0.6069
9.180	0.678	0.6789	0.6069
9.179	0.6778	0.6789	0.6068
9.178	0.6778	0.6789	0.6068
9.177	0.6778	0.6788	0.6068
9.176	0.6777	0.6788	0.6068
9.175	0.6776	0.6787	0.6068
9.174	0.6776	0.6787	0.6068
9.173	0.6776	0.6787	0.6068
9.172	0.6775	0.6787	0.6068
9.171	0.6774	0.6786	0.6068
9.170	0.6774	0.6785	0.6067
9.169	0.6773	0.6785	0.6067
9.168	0.6773	0.6784	0.6067
9.167	0.6772	0.6784	0.6067
9.166	0.6772	0.6783	0.6067
9.165	0.6772	0.6782	0.6067
9.164	0.6771	0.6782	0.6067
9.163	0.6771	0.6782	0.6067
9.162	0.677	0.6782	0.6067
9.161	0.6769	0.6781	0.6067
9.160	0.6768	0.678	0.6067
9.159	0.6767	0.678	0.6067
9.158	0.6767	0.678	0.6066
9.157	0.6766	0.678	0.6066
9.156	0.6765	0.6779	0.6066
9.155	0.6765	0.6778	0.6066
9.154	0.6765	0.6777	0.6066
9.153	0.6764	0.6777	0.6066
9.152	0.6764	0.6776	0.6066
9.151	0.6763	0.6776	0.6065
9.150	0.6763	0.6775	0.6065
9.149	0.6762	0.6775	0.6065
9.148	0.6762	0.6775	0.6065
9.147	0.6761	0.6774	0.6065
9.146	0.6761	0.6773	0.6065
9.145	0.676	0.6773	0.6065
9.144	0.676	0.6772	0.6064
9.143	0.676	0.6772	0.6064
9.142	0.6759	0.6771	0.6064
9.141	0.6759	0.6771	0.6064
9.140	0.6759	0.6771	0.6064
9.139	0.6758	0.677	0.6064
9.138	0.6758	0.677	0.6064
9.137	0.6758	0.677	0.6064
9.136	0.6757	0.6769	0.6064
9.135	0.6757	0.6768	0.6064
9.134	0.6756	0.6767	0.6064
9.133	0.6756	0.6767	0.6063
9.132	0.6756	0.6766	0.6063
9.131	0.6755	0.6766	0.6063
9.130	0.6755	0.6765	0.6063
9.129	0.6754	0.6765	0.6063
9.128	0.6753	0.6764	0.6063
9.127	0.6753	0.6764	0.6063
9.126	0.6752	0.6764	0.6063
9.125	0.6752	0.6763	0.6063
9.124	0.6751	0.6763	0.6062
9.123	0.6751	0.6763	0.6062
9.122	0.675	0.6762	0.6062
9.121	0.675	0.6762	0.6062
9.120	0.6749	0.6762	0.6062
9.119	0.6749	0.6761	0.6062
9.118	0.6748	0.6761	0.6062
9.117	0.6748	0.676	0.6062
9.116	0.6748	0.676	0.6062
9.115	0.6748	0.6759	0.6062
9.114	0.6747	0.6759	0.6061
9.113	0.6747	0.6759	0.6061
9.112	0.6746	0.6759	0.6061
9.111	0.6745	0.6758	0.6061
9.110	0.6745	0.6758	0.6061
9.109	0.6745	0.6757	0.6061
9.108	0.6744	0.6757	0.6061
9.107	0.6744	0.6756	0.6061
9.106	0.6744	0.6755	0.6061
9.105	0.6743	0.6755	0.6061
9.104	0.6742	0.6755	0.6061
9.103	0.6742	0.6754	0.6061
9.102	0.6741	0.6753	0.6061
9.101	0.6741	0.6753	0.6061
9.100	0.6741	0.6752	0.606
9.099	0.6741	0.6751	0.606
9.098	0.674	0.675	0.606
9.097	0.674	0.675	0.606
9.096	0.674	0.6749	0.606
9.095	0.674	0.6749	0.606
9.094	0.6739	0.6748	0.606
9.093	0.6738	0.6748	0.606
9.092	0.6738	0.6747	0.606
9.091	0.6737	0.6747	0.606
9.090	0.6737	0.6745	0.606
9.089	0.6737	0.6745	0.606
9.088	0.6736	0.6744	0.6059
9.087	0.6736	0.6744	0.6059
9.086	0.6735	0.6743	0.6059
9.085	0.6735	0.6743	0.6059
9.084	0.6734	0.6742	0.6059
9.083	0.6734	0.6742	0.6059
9.082	0.6733	0.6741	0.6059
9.081	0.6733	0.674	0.6059
9.080	0.6732	0.674	0.6059
9.079	0.6732	0.674	0.6059
9.078	0.6732	0.6739	0.6058
9.077	0.6731	0.6738	0.6058
9.076	0.6731	0.6738	0.6058
9.075	0.6731	0.6738	0.6058
9.074	0.673	0.6738	0.6058
9.073	0.673	0.6737	0.6058
9.072	0.673	0.6736	0.6058
9.071	0.6729	0.6735	0.6058
9.070	0.6729	0.6735	0.6058
9.069	0.6729	0.6734	0.6058
9.068	0.6728	0.6734	0.6057
9.067	0.6728	0.6734	0.6057
9.066	0.6727	0.6733	0.6057
9.065	0.6727	0.6733	0.6057
9.064	0.6727	0.6732	0.6057
9.063	0.6726	0.6732	0.6057
9.062	0.6726	0.6731	0.6057
9.061	0.6726	0.6731	0.6057
9.060	0.6726	0.673	0.6057
9.059	0.6725	0.673	0.6056
9.058	0.6725	0.6729	0.6056
9.057	0.6724	0.6729	0.6056
9.056	0.6724	0.6728	0.6056
9.055	0.6723	0.6727	0.6056
9.054	0.6723	0.6727	0.6056
9.053	0.6723	0.6727	0.6056
9.052	0.6722	0.6726	0.6056
9.051	0.6721	0.6726	0.6056
9.050	0.6721	0.6725	0.6056
9.049	0.6721	0.6725	0.6055
9.048	0.6721	0.6724	0.6055
9.047	0.672	0.6723	0.6055
9.046	0.672	0.6723	0.6055
9.045	0.6719	0.6723	0.6055
9.044	0.6719	0.6722	0.6055
9.043	0.6719	0.6722	0.6055
9.042	0.6718	0.6721	0.6055
9.041	0.6718	0.672	0.6055
9.040	0.6718	0.672	0.6054
9.039	0.6717	0.672	0.6054
9.038	0.6717	0.6719	0.6054
9.037	0.6717	0.6719	0.6054
9.036	0.6716	0.6718	0.6054
9.035	0.6715	0.6717	0.6054
9.034	0.6714	0.6717	0.6054
9.033	0.6714	0.6716	0.6054
9.032	0.6713	0.6715	0.6054
9.031	0.6713	0.6715	0.6054
9.030	0.6712	0.6715	0.6054
9.029	0.6712	0.6714	0.6053
9.028	0.6712	0.6714	0.6053
9.027	0.6711	0.6714	0.6053
9.026	0.6711	0.6714	0.6053
9.025	0.6711	0.6713	0.6053
9.024	0.671	0.6711	0.6053
9.023	0.671	0.6711	0.6053
9.022	0.6709	0.671	0.6053
9.021	0.6709	0.671	0.6053
9.020	0.6708	0.6709	0.6052
9.019	0.6708	0.6709	0.6052
9.018	0.6707	0.6709	0.6052
9.017	0.6706	0.6708	0.6052
9.016	0.6706	0.6708	0.6052
9.015	0.6706	0.6708	0.6052
9.014	0.6705	0.6707	0.6052
9.013	0.6705	0.6707	0.6052
9.012	0.6705	0.6707	0.6052
9.011	0.6705	0.6706	0.6051
9.010	0.6704	0.6706	0.6051
9.009	0.6704	0.6705	0.6051
9.008	0.6703	0.6705	0.6051
9.007	0.6703	0.6704	0.6051
9.006	0.6702	0.6704	0.6051
9.005	0.6701	0.6703	0.6051
9.004	0.67	0.6703	0.6051
9.003	0.67	0.6703	0.6051
9.002	0.67	0.6702	0.6051
9.001	0.6699	0.6702	0.6051
9.000	0.6699	0.6702	0.605
8.999	0.6698	0.6701	0.605
8.998	0.6698	0.6701	0.605
8.997	0.6698	0.67	0.605
8.996	0.6697	0.67	0.605
8.995	0.6696	0.67	0.605
8.994	0.6696	0.67	0.605
8.993	0.6695	0.6699	0.605
8.992	0.6695	0.6699	0.605
8.991	0.6695	0.6699	0.605
8.990	0.6694	0.6698	0.605
8.989	0.6693	0.6698	0.605
8.988	0.6693	0.6698	0.605
8.987	0.6692	0.6697	0.605
8.986	0.6691	0.6697	0.6049
8.985	0.669	0.6697	0.6049
8.984	0.669	0.6696	0.6049
8.983	0.6689	0.6696	0.6049
8.982	0.6689	0.6695	0.6049
8.981	0.6689	0.6695	0.6049
8.980	0.6688	0.6695	0.6049
8.979	0.6688	0.6694	0.6049
8.978	0.6687	0.6693	0.6049
8.977	0.6687	0.6693	0.6049
8.976	0.6687	0.6693	0.6048
8.975	0.6687	0.6692	0.6048
8.974	0.6686	0.6692	0.6048
8.973	0.6686	0.6691	0.6048
8.972	0.6685	0.6691	0.6048
8.971	0.6685	0.669	0.6048
8.970	0.6685	0.669	0.6048
8.969	0.6684	0.6689	0.6048
8.968	0.6684	0.6688	0.6048
8.967	0.6684	0.6688	0.6048
8.966	0.6683	0.6687	0.6048
8.965	0.6683	0.6687	0.6048
8.964	0.6682	0.6687	0.6048
8.963	0.6682	0.6686	0.6048
8.962	0.6682	0.6685	0.6047
8.961	0.668	0.6685	0.6047
8.960	0.668	0.6685	0.6047
8.959	0.6679	0.6684	0.6047
8.958	0.6679	0.6684	0.6047
8.957	0.6679	0.6684	0.6047
8.956	0.6678	0.6683	0.6047
8.955	0.6678	0.6683	0.6047
8.954	0.6678	0.6682	0.6047
8.953	0.6678	0.6681	0.6047
8.952	0.6677	0.6681	0.6046
8.951	0.6676	0.668	0.6046
8.950	0.6676	0.668	0.6046
8.949	0.6676	0.6679	0.6046
8.948	0.6675	0.6678	0.6046
8.947	0.6674	0.6678	0.6046
8.946	0.6674	0.6678	0.6046
8.945	0.6674	0.6677	0.6046
8.944	0.6673	0.6677	0.6046
8.943	0.6673	0.6676	0.6045
8.942	0.6673	0.6676	0.6045
8.941	0.6672	0.6675	0.6045
8.940	0.6672	0.6675	0.6045
8.939	0.6672	0.6675	0.6045
8.938	0.6671	0.6674	0.6045
8.937	0.667	0.6674	0.6045
8.936	0.667	0.6674	0.6045
8.935	0.6669	0.6673	0.6045
8.934	0.6669	0.6673	0.6045
8.933	0.6668	0.6673	0.6045
8.932	0.6668	0.6672	0.6044
8.931	0.6667	0.6672	0.6044
8.930	0.6667	0.6672	0.6044
8.929	0.6667	0.6672	0.6044
8.928	0.6666	0.6671	0.6044
8.927	0.6665	0.6671	0.6044
8.926	0.6665	0.667	0.6044
8.925	0.6665	0.667	0.6044
8.924	0.6665	0.667	0.6044
8.923	0.6664	0.667	0.6044
8.922	0.6664	0.6669	0.6043
8.921	0.6664	0.6668	0.6043
8.920	0.6663	0.6668	0.6043
8.919	0.6663	0.6667	0.6043
8.918	0.6662	0.6666	0.6043
8.917	0.6662	0.6665	0.6043
8.916	0.6662	0.6665	0.6043
8.915	0.6661	0.6665	0.6043
8.914	0.6661	0.6664	0.6043
8.913	0.6661	0.6664	0.6042
8.912	0.6661	0.6663	0.6042
8.911	0.6659	0.6663	0.6042
8.910	0.6659	0.6662	0.6042
8.909	0.6658	0.6662	0.6042
8.908	0.6658	0.6662	0.6042
8.907	0.6657	0.6661	0.6042
8.906	0.6657	0.6661	0.6042
8.905	0.6656	0.666	0.6042
8.904	0.6656	0.6659	0.6042
8.903	0.6655	0.6659	0.6041
8.902	0.6655	0.6658	0.6041
8.901	0.6655	0.6658	0.6041
8.900	0.6654	0.6657	0.6041
8.899	0.6654	0.6657	0.6041
8.898	0.6654	0.6657	0.6041
8.897	0.6653	0.6656	0.6041
8.896	0.6653	0.6656	0.6041
8.895	0.6652	0.6656	0.6041
8.894	0.6652	0.6655	0.6041
8.893	0.6651	0.6654	0.6041
8.892	0.6651	0.6653	0.6041
8.891	0.665	0.6653	0.6041
8.890	0.665	0.6653	0.604
8.889	0.665	0.6652	0.604
8.888	0.665	0.6651	0.604
8.887	0.6649	0.6651	0.604
8.886	0.6649	0.6651	0.604
8.885	0.6648	0.665	0.604
8.884	0.6648	0.665	0.604
8.883	0.6647	0.665	0.604
8.882	0.6647	0.6649	0.604
8.881	0.6647	0.6649	0.604
8.880	0.6647	0.6649	0.6039
8.879	0.6646	0.6649	0.6039
8.878	0.6646	0.6648	0.6039
8.877	0.6645	0.6648	0.6039
8.876	0.6645	0.6648	0.6039
8.875	0.6645	0.6648	0.6039
8.874	0.6644	0.6647	0.6039
8.873	0.6644	0.6647	0.6039
8.872	0.6644	0.6647	0.6038
8.871	0.6644	0.6647	0.6038
8.870	0.6644	0.6646	0.6038
8.869	0.6642	0.6646	0.6038
8.868	0.6642	0.6646	0.6038
8.867	0.6641	0.6645	0.6038
8.866	0.664	0.6645	0.6038
8.865	0.664	0.6645	0.6038
8.864	0.664	0.6644	0.6038
8.863	0.6639	0.6644	0.6037
8.862	0.6639	0.6644	0.6037
8.861	0.6638	0.6644	0.6037
8.860	0.6638	0.6643	0.6037
8.859	0.6637	0.6642	0.6037
8.858	0.6637	0.6642	0.6037
8.857	0.6636	0.6641	0.6037
8.856	0.6636	0.6641	0.6037
8.855	0.6636	0.6641	0.6037
8.854	0.6636	0.664	0.6037
8.853	0.6635	0.664	0.6036
8.852	0.6635	0.664	0.6036
8.851	0.6635	0.6639	0.6036
8.850	0.6634	0.6639	0.6036
8.849	0.6634	0.6639	0.6036
8.848	0.6633	0.6639	0.6036
8.847	0.6632	0.6638	0.6036
8.846	0.6632	0.6638	0.6036
8.845	0.6631	0.6637	0.6035
8.844	0.6631	0.6637	0.6035
8.843	0.663	0.6637	0.6035
8.842	0.6629	0.6636	0.6035
8.841	0.6629	0.6636	0.6035
8.840	0.6628	0.6635	0.6035
8.839	0.6627	0.6635	0.6035
8.838	0.6627	0.6635	0.6035
8.837	0.6627	0.6635	0.6035
8.836	0.6626	0.6635	0.6034
8.835	0.6626	0.6634	0.6034
8.834	0.6625	0.6634	0.6034
8.833	0.6625	0.6634	0.6034
8.832	0.6624	0.6633	0.6034
8.831	0.6624	0.6633	0.6034
8.830	0.6624	0.6633	0.6034
8.829	0.6624	0.6632	0.6034
8.828	0.6623	0.6632	0.6034
8.827	0.6623	0.6631	0.6034
8.826	0.6623	0.6631	0.6034
8.825	0.6622	0.6631	0.6033
8.824	0.6621	0.663	0.6033
8.823	0.6621	0.663	0.6033
8.822	0.6621	0.6629	0.6033
8.821	0.662	0.6629	0.6033
8.820	0.662	0.6628	0.6033
8.819	0.6619	0.6628	0.6033
8.818	0.6619	0.6628	0.6033
8.817	0.6618	0.6628	0.6033
8.816	0.6618	0.6627	0.6033
8.815	0.6618	0.6627	0.6032
8.814	0.6618	0.6626	0.6032
8.813	0.6617	0.6626	0.6032
8.812	0.6617	0.6625	0.6032
8.811	0.6617	0.6625	0.6032
8.810	0.6616	0.6625	0.6032
8.809	0.6616	0.6625	0.6032
8.808	0.6616	0.6624	0.6032
8.807	0.6615	0.6624	0.6032
8.806	0.6615	0.6623	0.6032
8.805	0.6615	0.6623	0.6032
8.804	0.6614	0.6623	0.6031
8.803	0.6614	0.6623	0.6031
8.802	0.6613	0.6622	0.6031
8.801	0.6613	0.6622	0.6031
8.800	0.6612	0.6621	0.6031
8.799	0.6612	0.662	0.6031
8.798	0.6612	0.6619	0.6031
8.797	0.6611	0.6619	0.603
8.796	0.6611	0.6619	0.603
8.795	0.661	0.6618	0.603
8.794	0.661	0.6618	0.603
8.793	0.661	0.6617	0.603
8.792	0.6609	0.6617	0.603
8.791	0.6609	0.6617	0.603
8.790	0.6609	0.6616	0.603
8.789	0.6609	0.6616	0.603
8.788	0.6609	0.6615	0.603
8.787	0.6608	0.6615	0.603
8.786	0.6608	0.6615	0.6029
8.785	0.6607	0.6614	0.6029
8.784	0.6607	0.6614	0.6029
8.783	0.6607	0.6613	0.6029
8.782	0.6606	0.6613	0.6029
8.781	0.6606	0.6612	0.6029
8.780	0.6606	0.6611	0.6029
8.779	0.6606	0.6611	0.6029
8.778	0.6606	0.661	0.6029
8.777	0.6605	0.6609	0.6029
8.776	0.6604	0.6609	0.6029
8.775	0.6604	0.6609	0.6029
8.774	0.6604	0.6608	0.6028
8.773	0.6603	0.6608	0.6028
8.772	0.6603	0.6608	0.6028
8.771	0.6602	0.6607	0.6028
8.770	0.6602	0.6607	0.6028
8.769	0.6602	0.6607	0.6028
8.768	0.6601	0.6606	0.6028
8.767	0.6601	0.6605	0.6028
8.766	0.6601	0.6605	0.6028
8.765	0.66	0.6605	0.6027
8.764	0.66	0.6605	0.6027
8.763	0.66	0.6604	0.6027
8.762	0.6599	0.6604	0.6027
8.761	0.6598	0.6603	0.6027
8.760	0.6598	0.6602	0.6027
8.759	0.6598	0.6601	0.6027
8.758	0.6598	0.6601	0.6027
8.757	0.6597	0.6601	0.6027
8.756	0.6597	0.6601	0.6027
8.755	0.6597	0.6601	0.6027
8.754	0.6596	0.66	0.6026
8.753	0.6595	0.66	0.6026
8.752	0.6595	0.6599	0.6026
8.751	0.6595	0.6599	0.6026
8.750	0.6595	0.6599	0.6026
8.749	0.6594	0.6598	0.6026
8.748	0.6594	0.6597	0.6026
8.747	0.6594	0.6597	0.6026
8.746	0.6593	0.6597	0.6026
8.745	0.6593	0.6596	0.6025
8.744	0.6593	0.6596	0.6025
8.743	0.6592	0.6596	0.6025
8.742	0.6592	0.6595	0.6025
8.741	0.6591	0.6595	0.6025
8.740	0.6591	0.6595	0.6025
8.739	0.6591	0.6594	0.6025
8.738	0.659	0.6594	0.6025
8.737	0.659	0.6593	0.6025
8.736	0.6589	0.6593	0.6025
8.735	0.6589	0.6592	0.6025
8.734	0.6589	0.6592	0.6024
8.733	0.6588	0.6592	0.6024
8.732	0.6588	0.6591	0.6024
8.731	0.6587	0.6591	0.6024
8.730	0.6587	0.6591	0.6024
8.729	0.6586	0.659	0.6024
8.728	0.6586	0.6589	0.6024
8.727	0.6586	0.6589	0.6024
8.726	0.6584	0.6588	0.6024
8.725	0.6584	0.6587	0.6024
8.724	0.6584	0.6587	0.6024
8.723	0.6583	0.6587	0.6023
8.722	0.6583	0.6586	0.6023
8.721	0.6583	0.6586	0.6023
8.720	0.6582	0.6585	0.6023
8.719	0.6582	0.6585	0.6023
8.718	0.6581	0.6585	0.6023
8.717	0.6581	0.6584	0.6023
8.716	0.658	0.6584	0.6023
8.715	0.6579	0.6583	0.6023
8.714	0.6579	0.6583	0.6022
8.713	0.6579	0.6582	0.6022
8.712	0.6579	0.6582	0.6022
8.711	0.6578	0.6582	0.6022
8.710	0.6577	0.6581	0.6022
8.709	0.6577	0.658	0.6022
8.708	0.6577	0.658	0.6022
8.707	0.6576	0.658	0.6022
8.706	0.6576	0.6579	0.6022
8.705	0.6576	0.6579	0.6022
8.704	0.6575	0.6578	0.6022
8.703	0.6575	0.6578	0.6021
8.702	0.6574	0.6577	0.6021
8.701	0.6574	0.6577	0.6021
8.700	0.6574	0.6577	0.6021
8.699	0.6573	0.6576	0.6021
8.698	0.6573	0.6576	0.6021
8.697	0.6572	0.6576	0.6021
8.696	0.6572	0.6576	0.6021
8.695	0.6571	0.6575	0.6021
8.694	0.657	0.6575	0.6021
8.693	0.657	0.6575	0.6021
8.692	0.6569	0.6575	0.602
8.691	0.6569	0.6574	0.602
8.690	0.6569	0.6573	0.602
8.689	0.6568	0.6573	0.602
8.688	0.6568	0.6573	0.602
8.687	0.6568	0.6572	0.602
8.686	0.6567	0.6572	0.602
8.685	0.6567	0.6572	0.602
8.684	0.6567	0.6571	0.602
8.683	0.6566	0.6571	0.602
8.682	0.6565	0.6571	0.602
8.681	0.6565	0.657	0.602
8.680	0.6565	0.657	0.602
8.679	0.6564	0.6569	0.602
8.678	0.6564	0.6569	0.602
8.677	0.6563	0.6569	0.6019
8.676	0.6563	0.6568	0.6019
8.675	0.6563	0.6568	0.6019
8.674	0.6563	0.6567	0.6019
8.673	0.6561	0.6567	0.6019
8.672	0.6561	0.6567	0.6019
8.671	0.6561	0.6566	0.6019
8.670	0.656	0.6566	0.6018
8.669	0.656	0.6565	0.6018
8.668	0.656	0.6565	0.6018
8.667	0.6558	0.6565	0.6018
8.666	0.6558	0.6563	0.6018
8.665	0.6558	0.6563	0.6018
8.664	0.6557	0.6562	0.6018
8.663	0.6557	0.6561	0.6018
8.662	0.6557	0.656	0.6017
8.661	0.6557	0.656	0.6017
8.660	0.6556	0.656	0.6017
8.659	0.6556	0.6559	0.6017
8.658	0.6555	0.6558	0.6017
8.657	0.6555	0.6558	0.6017
8.656	0.6555	0.6558	0.6017
8.655	0.6554	0.6557	0.6017
8.654	0.6554	0.6557	0.6017
8.653	0.6554	0.6556	0.6017
8.652	0.6553	0.6556	0.6017
8.651	0.6553	0.6555	0.6017
8.650	0.6552	0.6555	0.6017
8.649	0.6552	0.6554	0.6016
8.648	0.6552	0.6554	0.6016
8.647	0.6552	0.6554	0.6016
8.646	0.6551	0.6553	0.6016
8.645	0.6551	0.6553	0.6016
8.644	0.6551	0.6553	0.6016
8.643	0.6551	0.6552	0.6016
8.642	0.655	0.6552	0.6016
8.641	0.655	0.6552	0.6016
8.640	0.655	0.6551	0.6016
8.639	0.6549	0.6551	0.6016
8.638	0.6549	0.655	0.6015
8.637	0.6549	0.655	0.6015
8.636	0.6547	0.655	0.6015
8.635	0.6547	0.6549	0.6015
8.634	0.6547	0.6549	0.6015
8.633	0.6546	0.6549	0.6015
8.632	0.6545	0.6548	0.6015
8.631	0.6545	0.6547	0.6015
8.630	0.6545	0.6547	0.6015
8.629	0.6544	0.6547	0.6015
8.628	0.6543	0.6546	0.6015
8.627	0.6543	0.6546	0.6015
8.626	0.6542	0.6545	0.6014
8.625	0.6541	0.6545	0.6014
8.624	0.6541	0.6544	0.6014
8.623	0.654	0.6544	0.6014
8.622	0.654	0.6544	0.6014
8.621	0.654	0.6543	0.6014
8.620	0.654	0.6543	0.6014
8.619	0.6539	0.6543	0.6014
8.618	0.6539	0.6542	0.6014
8.617	0.6539	0.6542	0.6014
8.616	0.6538	0.6541	0.6013
8.615	0.6537	0.6541	0.6013
8.614	0.6537	0.654	0.6013
8.613	0.6537	0.654	0.6013
8.612	0.6537	0.654	0.6013
8.611	0.6536	0.654	0.6013
8.610	0.6536	0.6539	0.6013
8.609	0.6536	0.6539	0.6013
8.608	0.6535	0.6538	0.6013
8.607	0.6535	0.6538	0.6012
8.606	0.6535	0.6537	0.6012
8.605	0.6534	0.6537	0.6012
8.604	0.6534	0.6537	0.6012
8.603	0.6534	0.6536	0.6012
8.602	0.6533	0.6536	0.6012
8.601	0.6533	0.6535	0.6012
8.600	0.6533	0.6535	0.6012
8.599	0.6532	0.6535	0.6012
8.598	0.6532	0.6534	0.6012
8.597	0.6532	0.6534	0.6011
8.596	0.6531	0.6534	0.6011
8.595	0.6531	0.6534	0.6011
8.594	0.653	0.6533	0.6011
8.593	0.653	0.6533	0.6011
8.592	0.6529	0.6533	0.6011
8.591	0.6529	0.6533	0.6011
8.590	0.6529	0.6532	0.6011
8.589	0.6529	0.6532	0.6011
8.588	0.6528	0.6532	0.6011
8.587	0.6528	0.6531	0.6011
8.586	0.6528	0.6531	0.6011
8.585	0.6527	0.653	0.601
8.584	0.6527	0.653	0.601
8.583	0.6526	0.653	0.601
8.582	0.6526	0.653	0.601
8.581	0.6526	0.6529	0.601
8.580	0.6525	0.6529	0.601
8.579	0.6525	0.6528	0.601
8.578	0.6524	0.6528	0.601
8.577	0.6523	0.6528	0.601
8.576	0.6523	0.6528	0.601
8.575	0.6523	0.6527	0.601
8.574	0.6522	0.6527	0.601
8.573	0.6522	0.6525	0.601
8.572	0.6522	0.6525	0.601
8.571	0.6521	0.6525	0.6009
8.570	0.6521	0.6525	0.6009
8.569	0.6521	0.6524	0.6009
8.568	0.652	0.6524	0.6009
8.567	0.652	0.6523	0.6009
8.566	0.6519	0.6523	0.6009
8.565	0.6518	0.6523	0.6009
8.564	0.6518	0.6522	0.6009
8.563	0.6518	0.6522	0.6009
8.562	0.6517	0.6522	0.6009
8.561	0.6517	0.6521	0.6009
8.560	0.6517	0.6521	0.6009
8.559	0.6516	0.652	0.6009
8.558	0.6516	0.652	0.6009
8.557	0.6515	0.6519	0.6009
8.556	0.6515	0.6519	0.6008
8.555	0.6514	0.6519	0.6008
8.554	0.6514	0.6518	0.6008
8.553	0.6514	0.6518	0.6008
8.552	0.6513	0.6517	0.6008
8.551	0.6513	0.6517	0.6008
8.550	0.6513	0.6516	0.6008
8.549	0.6512	0.6516	0.6008
8.548	0.6512	0.6516	0.6008
8.547	0.6512	0.6515	0.6008
8.546	0.6511	0.6515	0.6008
8.545	0.6511	0.6514	0.6007
8.544	0.651	0.6514	0.6007
8.543	0.651	0.6513	0.6007
8.542	0.651	0.6513	0.6007
8.541	0.651	0.6512	0.6007
8.540	0.6509	0.6512	0.6007
8.539	0.6509	0.6512	0.6007
8.538	0.6509	0.6511	0.6007
8.537	0.6508	0.651	0.6006
8.536	0.6508	0.651	0.6006
8.535	0.6508	0.651	0.6006
8.534	0.6508	0.651	0.6006
8.533	0.6508	0.651	0.6006
8.532	0.6508	0.6509	0.6006
8.531	0.6507	0.6509	0.6006
8.530	0.6506	0.6509	0.6006
8.529	0.6506	0.6509	0.6005
8.528	0.6506	0.6508	0.6005
8.527	0.6505	0.6508	0.6005
8.526	0.6505	0.6507	0.6005
8.525	0.6504	0.6507	0.6005
8.524	0.6504	0.6506	0.6005
8.523	0.6503	0.6506	0.6005
8.522	0.6503	0.6505	0.6005
8.521	0.6503	0.6505	0.6005
8.520	0.6503	0.6505	0.6004
8.519	0.6502	0.6505	0.6004
8.518	0.6502	0.6504	0.6004
8.517	0.6501	0.6504	0.6004
8.516	0.6501	0.6503	0.6004
8.515	0.6501	0.6503	0.6004
8.514	0.6501	0.6503	0.6004
8.513	0.6501	0.6502	0.6004
8.512	0.65	0.6502	0.6004
8.511	0.65	0.6501	0.6004
8.510	0.65	0.6501	0.6003
8.509	0.6499	0.6501	0.6003
8.508	0.6499	0.6501	0.6003
8.507	0.6498	0.65	0.6003
8.506	0.6498	0.65	0.6003
8.505	0.6498	0.65	0.6003
8.504	0.6497	0.65	0.6003
8.503	0.6497	0.65	0.6003
8.502	0.6497	0.6499	0.6003
8.501	0.6497	0.6499	0.6003
8.500	0.6496	0.6499	0.6002
8.499	0.6496	0.6499	0.6002
8.498	0.6496	0.6498	0.6002
8.497	0.6496	0.6498	0.6002
8.496	0.6495	0.6497	0.6002
8.495	0.6494	0.6497	0.6002
8.494	0.6494	0.6497	0.6002
8.493	0.6494	0.6496	0.6002
8.492	0.6493	0.6495	0.6002
8.491	0.6493	0.6495	0.6002
8.490	0.6493	0.6495	0.6002
8.489	0.6493	0.6495	0.6002
8.488	0.6492	0.6494	0.6002
8.487	0.6492	0.6494	0.6001
8.486	0.6492	0.6494	0.6001
8.485	0.6491	0.6493	0.6001
8.484	0.6491	0.6493	0.6001
8.483	0.649	0.6493	0.6001
8.482	0.6489	0.6492	0.6001
8.481	0.6489	0.6492	0.6001
8.480	0.6488	0.6491	0.6001
8.479	0.6488	0.6491	0.6001
8.478	0.6488	0.649	0.6
8.477	0.6488	0.649	0.6
8.476	0.6487	0.649	0.6
8.475	0.6487	0.6489	0.6
8.474	0.6486	0.6489	0.6
8.473	0.6486	0.6488	0.6
8.472	0.6485	0.6488	0.6
8.471	0.6485	0.6488	0.6
8.470	0.6485	0.6488	0.6
8.469	0.6484	0.6487	0.5999
8.468	0.6484	0.6487	0.5999
8.467	0.6483	0.6487	0.5999
8.466	0.6483	0.6487	0.5999
8.465	0.6483	0.6486	0.5999
8.464	0.6482	0.6486	0.5999
8.463	0.6482	0.6486	0.5999
8.462	0.6481	0.6485	0.5999
8.461	0.6481	0.6485	0.5999
8.460	0.6481	0.6484	0.5999
8.459	0.648	0.6484	0.5998
8.458	0.648	0.6484	0.5998
8.457	0.648	0.6484	0.5998
8.456	0.6479	0.6483	0.5998
8.455	0.6479	0.6482	0.5998
8.454	0.6479	0.6482	0.5998
8.453	0.6479	0.6481	0.5998
8.452	0.6478	0.6481	0.5998
8.451	0.6478	0.648	0.5998
8.450	0.6477	0.648	0.5998
8.449	0.6477	0.648	0.5998
8.448	0.6477	0.6479	0.5997
8.447	0.6476	0.6479	0.5997
8.446	0.6476	0.6479	0.5997
8.445	0.6476	0.6478	0.5997
8.444	0.6475	0.6478	0.5997
8.443	0.6475	0.6478	0.5997
8.442	0.6475	0.6477	0.5997
8.441	0.6474	0.6477	0.5997
8.440	0.6474	0.6477	0.5997
8.439	0.6474	0.6476	0.5997
8.438	0.6473	0.6476	0.5996
8.437	0.6473	0.6476	0.5996
8.436	0.6472	0.6475	0.5996
8.435	0.6472	0.6475	0.5996
8.434	0.6472	0.6474	0.5996
8.433	0.6471	0.6474	0.5996
8.432	0.6471	0.6474	0.5996
8.431	0.6471	0.6473	0.5996
8.430	0.6471	0.6473	0.5996
8.429	0.647	0.6472	0.5996
8.428	0.647	0.6471	0.5995
8.427	0.647	0.6471	0.5995
8.426	0.647	0.6471	0.5995
8.425	0.6469	0.6471	0.5995
8.424	0.6469	0.647	0.5995
8.423	0.6469	0.647	0.5995
8.422	0.6468	0.6469	0.5995
8.421	0.6468	0.6469	0.5995
8.420	0.6468	0.6469	0.5995
8.419	0.6467	0.6469	0.5995
8.418	0.6467	0.6468	0.5995
8.417	0.6467	0.6467	0.5995
8.416	0.6466	0.6467	0.5995
8.415	0.6466	0.6467	0.5994
8.414	0.6465	0.6467	0.5994
8.413	0.6465	0.6467	0.5994
8.412	0.6464	0.6466	0.5994
8.411	0.6464	0.6466	0.5994
8.410	0.6463	0.6465	0.5994
8.409	0.6463	0.6465	0.5994
8.408	0.6462	0.6465	0.5994
8.407	0.6462	0.6464	0.5994
8.406	0.6462	0.6464	0.5993
8.405	0.6461	0.6463	0.5993
8.404	0.6461	0.6463	0.5993
8.403	0.646	0.6462	0.5993
8.402	0.646	0.6462	0.5993
8.401	0.646	0.6462	0.5993
8.400	0.6459	0.6461	0.5993
8.399	0.6458	0.6461	0.5993
8.398	0.6458	0.6461	0.5993
8.397	0.6458	0.646	0.5993
8.396	0.6457	0.646	0.5993
8.395	0.6457	0.646	0.5992
8.394	0.6457	0.6459	0.5992
8.393	0.6457	0.6459	0.5992
8.392	0.6456	0.6458	0.5992
8.391	0.6456	0.6458	0.5992
8.390	0.6455	0.6458	0.5992
8.389	0.6455	0.6458	0.5992
8.388	0.6455	0.6457	0.5992
8.387	0.6454	0.6457	0.5992
8.386	0.6454	0.6457	0.5991
8.385	0.6453	0.6456	0.5991
8.384	0.6453	0.6456	0.5991
8.383	0.6453	0.6456	0.5991
8.382	0.6453	0.6455	0.5991
8.381	0.6453	0.6455	0.5991
8.380	0.6452	0.6454	0.5991
8.379	0.6452	0.6454	0.5991
8.378	0.6452	0.6453	0.5991
8.377	0.6452	0.6453	0.5991
8.376	0.6451	0.6453	0.5991
8.375	0.6451	0.6452	0.599
8.374	0.6451	0.6451	0.599
8.373	0.645	0.645	0.599
8.372	0.645	0.645	0.599
8.371	0.645	0.645	0.599
8.370	0.6449	0.6449	0.599
8.369	0.6449	0.6449	0.599
8.368	0.6449	0.6449	0.599
8.367	0.6448	0.6448	0.599
8.366	0.6448	0.6448	0.5989
8.365	0.6448	0.6448	0.5989
8.364	0.6447	0.6448	0.5989
8.363	0.6447	0.6447	0.5989
8.362	0.6446	0.6447	0.5989
8.361	0.6446	0.6446	0.5989
8.360	0.6445	0.6446	0.5989
8.359	0.6445	0.6445	0.5989
8.358	0.6444	0.6445	0.5988
8.357	0.6444	0.6444	0.5988
8.356	0.6444	0.6444	0.5988
8.355	0.6443	0.6443	0.5988
8.354	0.6443	0.6443	0.5988
8.353	0.6442	0.6443	0.5988
8.352	0.6442	0.6443	0.5988
8.351	0.6442	0.6442	0.5988
8.350	0.6441	0.6442	0.5988
8.349	0.6441	0.6442	0.5988
8.348	0.6441	0.6441	0.5988
8.347	0.644	0.6441	0.5988
8.346	0.644	0.6441	0.5988
8.345	0.644	0.644	0.5987
8.344	0.6439	0.644	0.5987
8.343	0.6439	0.6439	0.5987
8.342	0.6438	0.6439	0.5987
8.341	0.6438	0.6439	0.5987
8.340	0.6438	0.6438	0.5987
8.339	0.6437	0.6438	0.5987
8.338	0.6437	0.6438	0.5987
8.337	0.6437	0.6437	0.5987
8.336	0.6437	0.6437	0.5987
8.335	0.6436	0.6436	0.5986
8.334	0.6436	0.6436	0.5986
8.333	0.6435	0.6436	0.5986
8.332	0.6434	0.6435	0.5986
8.331	0.6434	0.6435	0.5986
8.330	0.6434	0.6434	0.5986
8.329	0.6433	0.6434	0.5986
8.328	0.6433	0.6434	0.5986
8.327	0.6433	0.6433	0.5986
8.326	0.6433	0.6433	0.5986
8.325	0.6432	0.6432	0.5986
8.324	0.6432	0.6432	0.5986
8.323	0.6432	0.6431	0.5985
8.322	0.6431	0.6431	0.5985
8.321	0.6431	0.6431	0.5985
8.320	0.6431	0.643	0.5985
8.319	0.643	0.6429	0.5985
8.318	0.643	0.6429	0.5984
8.317	0.6429	0.6429	0.5984
8.316	0.6429	0.6429	0.5984
8.315	0.6429	0.6428	0.5984
8.314	0.6428	0.6428	0.5984
8.313	0.6428	0.6427	0.5984
8.312	0.6427	0.6427	0.5984
8.311	0.6427	0.6427	0.5984
8.310	0.6427	0.6427	0.5984
8.309	0.6426	0.6427	0.5983
8.308	0.6426	0.6426	0.5983
8.307	0.6425	0.6426	0.5983
8.306	0.6425	0.6426	0.5983
8.305	0.6425	0.6425	0.5983
8.304	0.6424	0.6425	0.5983
8.303	0.6424	0.6424	0.5983
8.302	0.6424	0.6424	0.5983
8.301	0.6423	0.6424	0.5983
8.300	0.6423	0.6423	0.5983
8.299	0.6423	0.6423	0.5983
8.298	0.6423	0.6422	0.5983
8.297	0.6422	0.6422	0.5982
8.296	0.6422	0.6421	0.5982
8.295	0.6422	0.6421	0.5982
8.294	0.6421	0.6421	0.5982
8.293	0.642	0.6421	0.5982
8.292	0.642	0.642	0.5982
8.291	0.642	0.642	0.5982
8.290	0.6419	0.6419	0.5982
8.289	0.6419	0.6418	0.5982
8.288	0.6419	0.6418	0.5981
8.287	0.6418	0.6418	0.5981
8.286	0.6417	0.6417	0.5981
8.285	0.6417	0.6416	0.5981
8.284	0.6416	0.6416	0.5981
8.283	0.6416	0.6416	0.5981
8.282	0.6415	0.6415	0.5981
8.281	0.6415	0.6414	0.5981
8.280	0.6415	0.6413	0.5981
8.279	0.6415	0.6413	0.5981
8.278	0.6414	0.6413	0.598
8.277	0.6414	0.6413	0.598
8.276	0.6414	0.6412	0.598
8.275	0.6413	0.6412	0.598
8.274	0.6413	0.6412	0.598
8.273	0.6412	0.6412	0.598
8.272	0.6411	0.6411	0.598
8.271	0.6411	0.6411	0.598
8.270	0.641	0.641	0.598
8.269	0.641	0.641	0.598
8.268	0.6409	0.641	0.598
8.267	0.6409	0.641	0.598
8.266	0.6409	0.6409	0.5979
8.265	0.6408	0.6409	0.5979
8.264	0.6408	0.6409	0.5979
8.263	0.6408	0.6409	0.5979
8.262	0.6407	0.6409	0.5979
8.261	0.6407	0.6408	0.5979
8.260	0.6406	0.6408	0.5979
8.259	0.6406	0.6408	0.5978
8.258	0.6406	0.6408	0.5978
8.257	0.6405	0.6407	0.5978
8.256	0.6405	0.6406	0.5978
8.255	0.6404	0.6406	0.5978
8.254	0.6404	0.6405	0.5978
8.253	0.6404	0.6404	0.5978
8.252	0.6404	0.6404	0.5978
8.251	0.6404	0.6404	0.5978
8.250	0.6403	0.6404	0.5978
8.249	0.6403	0.6404	0.5977
8.248	0.6403	0.6403	0.5977
8.247	0.6402	0.6403	0.5977
8.246	0.6402	0.6402	0.5977
8.245	0.6402	0.6402	0.5977
8.244	0.6402	0.6401	0.5977
8.243	0.6401	0.6401	0.5977
8.242	0.6401	0.6401	0.5977
8.241	0.64	0.6401	0.5977
8.240	0.64	0.64	0.5977
8.239	0.6399	0.64	0.5977
8.238	0.6399	0.6399	0.5977
8.237	0.6399	0.6399	0.5976
8.236	0.6398	0.6398	0.5976
8.235	0.6398	0.6397	0.5976
8.234	0.6398	0.6397	0.5976
8.233	0.6398	0.6396	0.5976
8.232	0.6397	0.6396	0.5976
8.231	0.6397	0.6396	0.5976
8.230	0.6397	0.6396	0.5976
8.229	0.6397	0.6395	0.5976
8.228	0.6397	0.6394	0.5975
8.227	0.6396	0.6394	0.5975
8.226	0.6396	0.6394	0.5975
8.225	0.6396	0.6394	0.5975
8.224	0.6396	0.6393	0.5975
8.223	0.6395	0.6393	0.5975
8.222	0.6395	0.6393	0.5975
8.221	0.6395	0.6392	0.5975
8.220	0.6394	0.6392	0.5975
8.219	0.6394	0.6392	0.5975
8.218	0.6394	0.6392	0.5975
8.217	0.6393	0.6391	0.5975
8.216	0.6393	0.6391	0.5975
8.215	0.6393	0.6391	0.5974
8.214	0.6393	0.6391	0.5974
8.213	0.6393	0.639	0.5974
8.212	0.6393	0.639	0.5974
8.211	0.6392	0.639	0.5974
8.210	0.6392	0.6389	0.5974
8.209	0.6391	0.6389	0.5974
8.208	0.6391	0.6389	0.5974
8.207	0.639	0.6388	0.5974
8.206	0.639	0.6388	0.5974
8.205	0.639	0.6388	0.5973
8.204	0.639	0.6387	0.5973
8.203	0.6389	0.6387	0.5973
8.202	0.6389	0.6387	0.5973
8.201	0.6389	0.6387	0.5973
8.200	0.6389	0.6386	0.5973
8.199	0.6388	0.6386	0.5973
8.198	0.6388	0.6385	0.5973
8.197	0.6387	0.6385	0.5973
8.196	0.6387	0.6384	0.5973
8.195	0.6386	0.6384	0.5973
8.194	0.6386	0.6383	0.5972
8.193	0.6385	0.6383	0.5972
8.192	0.6385	0.6383	0.5972
8.191	0.6385	0.6383	0.5972
8.190	0.6385	0.6383	0.5972
8.189	0.6384	0.6382	0.5972
8.188	0.6384	0.6382	0.5972
8.187	0.6384	0.6382	0.5972
8.186	0.6383	0.6381	0.5972
8.185	0.6383	0.6381	0.5972
8.184	0.6383	0.6381	0.5972
8.183	0.6383	0.6381	0.5971
8.182	0.6382	0.638	0.5971
8.181	0.6382	0.638	0.5971
8.180	0.6382	0.638	0.5971
8.179	0.6381	0.638	0.5971
8.178	0.6381	0.6379	0.5971
8.177	0.6381	0.6379	0.5971
8.176	0.638	0.6378	0.5971
8.175	0.638	0.6378	0.5971
8.174	0.638	0.6378	0.597
8.173	0.6379	0.6377	0.597
8.172	0.6379	0.6377	0.597
8.171	0.6379	0.6377	0.597
8.170	0.6379	0.6376	0.597
8.169	0.6378	0.6376	0.597
8.168	0.6378	0.6376	0.5969
8.167	0.6378	0.6375	0.5969
8.166	0.6377	0.6375	0.5969
8.165	0.6377	0.6374	0.5969
8.164	0.6376	0.6374	0.5969
8.163	0.6376	0.6374	0.5969
8.162	0.6376	0.6374	0.5969
8.161	0.6376	0.6373	0.5969
8.160	0.6375	0.6373	0.5969
8.159	0.6375	0.6373	0.5969
8.158	0.6375	0.6372	0.5969
8.157	0.6374	0.6372	0.5969
8.156	0.6374	0.6372	0.5969
8.155	0.6373	0.6371	0.5969
8.154	0.6373	0.6371	0.5968
8.153	0.6372	0.637	0.5968
8.152	0.6372	0.637	0.5968
8.151	0.6371	0.637	0.5968
8.150	0.6371	0.6369	0.5968
8.149	0.6371	0.6369	0.5968
8.148	0.637	0.6369	0.5968
8.147	0.637	0.6369	0.5968
8.146	0.6369	0.6368	0.5968
8.145	0.6369	0.6368	0.5968
8.144	0.6369	0.6368	0.5968
8.143	0.6369	0.6367	0.5967
8.142	0.6369	0.6367	0.5967
8.141	0.6368	0.6367	0.5967
8.140	0.6368	0.6366	0.5967
8.139	0.6368	0.6366	0.5967
8.138	0.6368	0.6365	0.5967
8.137	0.6368	0.6365	0.5967
8.136	0.6367	0.6365	0.5967
8.135	0.6367	0.6364	0.5967
8.134	0.6367	0.6364	0.5967
8.133	0.6367	0.6364	0.5967
8.132	0.6366	0.6363	0.5966
8.131	0.6366	0.6363	0.5966
8.130	0.6366	0.6363	0.5966
8.129	0.6365	0.6362	0.5966
8.128	0.6365	0.6361	0.5966
8.127	0.6364	0.6361	0.5966
8.126	0.6364	0.6361	0.5966
8.125	0.6364	0.636	0.5966
8.124	0.6363	0.636	0.5966
8.123	0.6363	0.636	0.5966
8.122	0.6362	0.636	0.5966
8.121	0.6362	0.6359	0.5965
8.120	0.6362	0.6359	0.5965
8.119	0.6362	0.6359	0.5965
8.118	0.6361	0.6358	0.5965
8.117	0.6361	0.6358	0.5965
8.116	0.6361	0.6357	0.5965
8.115	0.636	0.6356	0.5965
8.114	0.636	0.6356	0.5965
8.113	0.636	0.6356	0.5965
8.112	0.6359	0.6355	0.5965
8.111	0.6359	0.6355	0.5965
8.110	0.6359	0.6354	0.5964
8.109	0.6358	0.6354	0.5964
8.108	0.6358	0.6353	0.5964
8.107	0.6358	0.6353	0.5964
8.106	0.6357	0.6353	0.5964
8.105	0.6357	0.6352	0.5964
8.104	0.6357	0.6352	0.5964
8.103	0.6356	0.6352	0.5963
8.102	0.6356	0.6351	0.5963
8.101	0.6356	0.6351	0.5963
8.100	0.6356	0.6351	0.5963
8.099	0.6355	0.635	0.5963
8.098	0.6354	0.635	0.5963
8.097	0.6354	0.635	0.5963
8.096	0.6354	0.635	0.5962
8.095	0.6353	0.635	0.5962
8.094	0.6353	0.635	0.5962
8.093	0.6353	0.6349	0.5962
8.092	0.6352	0.6349	0.5962
8.091	0.6352	0.6349	0.5962
8.090	0.6351	0.6348	0.5962
8.089	0.6351	0.6348	0.5962
8.088	0.6351	0.6347	0.5962
8.087	0.6351	0.6347	0.5962
8.086	0.635	0.6346	0.5961
8.085	0.635	0.6346	0.5961
8.084	0.6349	0.6346	0.5961
8.083	0.6349	0.6345	0.5961
8.082	0.6348	0.6345	0.5961
8.081	0.6348	0.6345	0.5961
8.080	0.6348	0.6345	0.5961
8.079	0.6347	0.6344	0.5961
8.078	0.6347	0.6344	0.5961
8.077	0.6346	0.6344	0.5961
8.076	0.6346	0.6344	0.596
8.075	0.6346	0.6343	0.596
8.074	0.6346	0.6343	0.596
8.073	0.6345	0.6343	0.596
8.072	0.6345	0.6342	0.596
8.071	0.6344	0.6342	0.596
8.070	0.6344	0.6342	0.596
8.069	0.6344	0.6342	0.596
8.068	0.6343	0.6341	0.596
8.067	0.6343	0.6341	0.596
8.066	0.6343	0.6341	0.596
8.065	0.6342	0.634	0.5959
8.064	0.6342	0.634	0.5959
8.063	0.6342	0.634	0.5959
8.062	0.6342	0.6339	0.5959
8.061	0.6342	0.6339	0.5959
8.060	0.6341	0.6338	0.5959
8.059	0.6341	0.6338	0.5959
8.058	0.634	0.6337	0.5959
8.057	0.634	0.6337	0.5959
8.056	0.6339	0.6337	0.5959
8.055	0.6339	0.6336	0.5959
8.054	0.6339	0.6336	0.5958
8.053	0.6338	0.6336	0.5958
8.052	0.6338	0.6335	0.5958
8.051	0.6338	0.6335	0.5958
8.050	0.6337	0.6335	0.5958
8.049	0.6337	0.6335	0.5958
8.048	0.6337	0.6335	0.5958
8.047	0.6337	0.6334	0.5958
8.046	0.6337	0.6334	0.5958
8.045	0.6336	0.6334	0.5958
8.044	0.6336	0.6334	0.5958
8.043	0.6336	0.6333	0.5957
8.042	0.6336	0.6333	0.5957
8.041	0.6335	0.6333	0.5957
8.040	0.6335	0.6332	0.5957
8.039	0.6335	0.6331	0.5957
8.038	0.6334	0.6331	0.5957
8.037	0.6334	0.633	0.5957
8.036	0.6334	0.633	0.5957
8.035	0.6334	0.6329	0.5957
8.034	0.6333	0.6329	0.5957
8.033	0.6333	0.6329	0.5957
8.032	0.6333	0.6328	0.5957
8.031	0.6332	0.6328	0.5956
8.030	0.6332	0.6328	0.5956
8.029	0.6332	0.6328	0.5956
8.028	0.6331	0.6327	0.5956
8.027	0.6331	0.6327	0.5956
8.026	0.633	0.6326	0.5956
8.025	0.633	0.6326	0.5956
8.024	0.633	0.6326	0.5956
8.023	0.633	0.6325	0.5956
8.022	0.6329	0.6325	0.5955
8.021	0.6329	0.6325	0.5955
8.020	0.6328	0.6324	0.5955
8.019	0.6328	0.6324	0.5955
8.018	0.6328	0.6324	0.5955
8.017	0.6328	0.6324	0.5955
8.016	0.6327	0.6323	0.5955
8.015	0.6326	0.6323	0.5955
8.014	0.6326	0.6323	0.5955
8.013	0.6326	0.6322	0.5955
8.012	0.6326	0.6322	0.5955
8.011	0.6325	0.6322	0.5955
8.010	0.6325	0.6322	0.5955
8.009	0.6325	0.6321	0.5954
8.008	0.6325	0.6321	0.5954
8.007	0.6325	0.6321	0.5954
8.006	0.6324	0.632	0.5954
8.005	0.6324	0.632	0.5954
8.004	0.6323	0.632	0.5954
8.003	0.6323	0.632	0.5954
8.002	0.6323	0.6319	0.5954
8.001	0.6323	0.6319	0.5953
8.000	0.6322	0.6319	0.5953
7.999	0.6322	0.6318	0.5953
7.998	0.6322	0.6318	0.5953
7.997	0.6321	0.6317	0.5953
7.996	0.6321	0.6317	0.5953
7.995	0.6321	0.6317	0.5953
7.994	0.6321	0.6317	0.5953
7.993	0.632	0.6316	0.5953
7.992	0.632	0.6316	0.5953
7.991	0.6319	0.6316	0.5952
7.990	0.6319	0.6316	0.5952
7.989	0.6318	0.6315	0.5952
7.988	0.6318	0.6315	0.5952
7.987	0.6318	0.6315	0.5952
7.986	0.6318	0.6314	0.5952
7.985	0.6317	0.6314	0.5952
7.984	0.6317	0.6314	0.5952
7.983	0.6317	0.6313	0.5951
7.982	0.6316	0.6313	0.5951
7.981	0.6316	0.6313	0.5951
7.980	0.6316	0.6313	0.5951
7.979	0.6316	0.6312	0.5951
7.978	0.6315	0.6312	0.5951
7.977	0.6315	0.6312	0.5951
7.976	0.6315	0.6311	0.5951
7.975	0.6314	0.6311	0.595
7.974	0.6314	0.6311	0.595
7.973	0.6314	0.6311	0.595
7.972	0.6313	0.631	0.595
7.971	0.6313	0.631	0.595
7.970	0.6312	0.6309	0.595
7.969	0.6312	0.6309	0.595
7.968	0.6312	0.6309	0.595
7.967	0.6311	0.6308	0.5949
7.966	0.6311	0.6308	0.5949
7.965	0.631	0.6307	0.5949
7.964	0.631	0.6307	0.5949
7.963	0.631	0.6307	0.5949
7.962	0.631	0.6307	0.5949
7.961	0.631	0.6306	0.5949
7.960	0.6309	0.6306	0.5948
7.959	0.6309	0.6306	0.5948
7.958	0.6308	0.6306	0.5948
7.957	0.6308	0.6305	0.5948
7.956	0.6308	0.6305	0.5948
7.955	0.6308	0.6305	0.5948
7.954	0.6307	0.6304	0.5948
7.953	0.6307	0.6304	0.5948
7.952	0.6307	0.6304	0.5948
7.951	0.6307	0.6303	0.5948
7.950	0.6306	0.6303	0.5948
7.949	0.6306	0.6303	0.5947
7.948	0.6306	0.6302	0.5947
7.947	0.6305	0.6302	0.5947
7.946	0.6305	0.6302	0.5947
7.945	0.6305	0.6301	0.5947
7.944	0.6304	0.6301	0.5947
7.943	0.6304	0.63	0.5947
7.942	0.6303	0.63	0.5946
7.941	0.6303	0.63	0.5946
7.940	0.6303	0.63	0.5946
7.939	0.6302	0.6299	0.5946
7.938	0.6302	0.6299	0.5946
7.937	0.6302	0.6299	0.5946
7.936	0.6301	0.6298	0.5946
7.935	0.6301	0.6298	0.5946
7.934	0.6301	0.6298	0.5946
7.933	0.6301	0.6298	0.5946
7.932	0.6301	0.6297	0.5945
7.931	0.63	0.6297	0.5945
7.930	0.63	0.6297	0.5945
7.929	0.63	0.6297	0.5945
7.928	0.6299	0.6296	0.5945
7.927	0.6299	0.6296	0.5945
7.926	0.6299	0.6296	0.5945
7.925	0.6298	0.6295	0.5945
7.924	0.6298	0.6295	0.5945
7.923	0.6298	0.6294	0.5945
7.922	0.6297	0.6294	0.5944
7.921	0.6297	0.6294	0.5944
7.920	0.6297	0.6294	0.5944
7.919	0.6297	0.6293	0.5944
7.918	0.6296	0.6293	0.5944
7.917	0.6296	0.6293	0.5944
7.916	0.6296	0.6292	0.5944
7.915	0.6295	0.6292	0.5944
7.914	0.6295	0.6291	0.5944
7.913	0.6295	0.6291	0.5944
7.912	0.6294	0.6291	0.5943
7.911	0.6294	0.6291	0.5943
7.910	0.6294	0.629	0.5943
7.909	0.6294	0.629	0.5943
7.908	0.6293	0.629	0.5943
7.907	0.6293	0.6289	0.5943
7.906	0.6293	0.6289	0.5943
7.905	0.6293	0.6289	0.5943
7.904	0.6292	0.6288	0.5942
7.903	0.6292	0.6288	0.5942
7.902	0.6292	0.6287	0.5942
7.901	0.6292	0.6287	0.5942
7.900	0.6292	0.6287	0.5942
7.899	0.6292	0.6287	0.5942
7.898	0.6291	0.6286	0.5942
7.897	0.6291	0.6286	0.5942
7.896	0.6291	0.6286	0.5942
7.895	0.6291	0.6286	0.5941
7.894	0.629	0.6285	0.5941
7.893	0.629	0.6285	0.5941
7.892	0.629	0.6285	0.5941
7.891	0.6289	0.6285	0.5941
7.890	0.6289	0.6285	0.5941
7.889	0.6289	0.6284	0.5941
7.888	0.6288	0.6284	0.5941
7.887	0.6288	0.6283	0.5941
7.886	0.6287	0.6283	0.5941
7.885	0.6286	0.6283	0.594
7.884	0.6286	0.6283	0.594
7.883	0.6286	0.6283	0.594
7.882	0.6286	0.6282	0.594
7.881	0.6286	0.6282	0.594
7.880	0.6285	0.6281	0.594
7.879	0.6285	0.6281	0.594
7.878	0.6285	0.6281	0.594
7.877	0.6285	0.628	0.594
7.876	0.6285	0.628	0.594
7.875	0.6284	0.628	0.594
7.874	0.6284	0.6279	0.5939
7.873	0.6284	0.6279	0.5939
7.872	0.6284	0.6278	0.5939
7.871	0.6283	0.6278	0.5939
7.870	0.6283	0.6278	0.5939
7.869	0.6283	0.6278	0.5939
7.868	0.6283	0.6278	0.5939
7.867	0.6282	0.6278	0.5939
7.866	0.6282	0.6277	0.5939
7.865	0.6281	0.6277	0.5939
7.864	0.6281	0.6277	0.5939
7.863	0.6281	0.6277	0.5938
7.862	0.628	0.6276	0.5938
7.861	0.628	0.6276	0.5938
7.860	0.628	0.6276	0.5938
7.859	0.628	0.6275	0.5938
7.858	0.628	0.6275	0.5938
7.857	0.6279	0.6275	0.5938
7.856	0.6279	0.6275	0.5937
7.855	0.6279	0.6274	0.5937
7.854	0.6278	0.6274	0.5937
7.853	0.6278	0.6273	0.5937
7.852	0.6278	0.6273	0.5937
7.851	0.6278	0.6273	0.5937
7.850	0.6277	0.6273	0.5937
7.849	0.6277	0.6272	0.5937
7.848	0.6277	0.6272	0.5937
7.847	0.6276	0.6271	0.5937
7.846	0.6276	0.6271	0.5936
7.845	0.6276	0.6271	0.5936
7.844	0.6276	0.6271	0.5936
7.843	0.6276	0.627	0.5936
7.842	0.6275	0.627	0.5936
7.841	0.6275	0.627	0.5936
7.840	0.6275	0.627	0.5936
7.839	0.6275	0.627	0.5936
7.838	0.6275	0.6269	0.5936
7.837	0.6274	0.6269	0.5936
7.836	0.6274	0.6269	0.5936
7.835	0.6274	0.6269	0.5936
7.834	0.6274	0.6268	0.5936
7.833	0.6273	0.6268	0.5935
7.832	0.6273	0.6268	0.5935
7.831	0.6273	0.6268	0.5935
7.830	0.6273	0.6267	0.5935
7.829	0.6272	0.6267	0.5935
7.828	0.6272	0.6267	0.5935
7.827	0.6272	0.6266	0.5935
7.826	0.6271	0.6266	0.5935
7.825	0.6271	0.6266	0.5935
7.824	0.6271	0.6265	0.5935
7.823	0.627	0.6265	0.5934
7.822	0.627	0.6265	0.5934
7.821	0.627	0.6265	0.5934
7.820	0.6269	0.6264	0.5934
7.819	0.6269	0.6264	0.5934
7.818	0.6269	0.6264	0.5934
7.817	0.6268	0.6264	0.5934
7.816	0.6268	0.6263	0.5934
7.815	0.6268	0.6263	0.5934
7.814	0.6267	0.6263	0.5933
7.813	0.6267	0.6262	0.5933
7.812	0.6267	0.6262	0.5933
7.811	0.6266	0.6262	0.5933
7.810	0.6266	0.6262	0.5933
7.809	0.6266	0.6261	0.5933
7.808	0.6265	0.6261	0.5933
7.807	0.6265	0.626	0.5933
7.806	0.6265	0.626	0.5933
7.805	0.6265	0.626	0.5933
7.804	0.6264	0.6259	0.5932
7.803	0.6264	0.6259	0.5932
7.802	0.6264	0.6259	0.5932
7.801	0.6264	0.6259	0.5932
7.800	0.6263	0.6258	0.5932
7.799	0.6263	0.6258	0.5932
7.798	0.6263	0.6258	0.5932
7.797	0.6262	0.6258	0.5932
7.796	0.6262	0.6257	0.5932
7.795	0.6262	0.6257	0.5932
7.794	0.6261	0.6257	0.5932
7.793	0.6261	0.6257	0.5932
7.792	0.626	0.6256	0.5931
7.791	0.626	0.6256	0.5931
7.790	0.626	0.6255	0.5931
7.789	0.6259	0.6255	0.5931
7.788	0.6259	0.6255	0.5931
7.787	0.6259	0.6255	0.5931
7.786	0.6259	0.6254	0.5931
7.785	0.6258	0.6254	0.5931
7.784	0.6258	0.6254	0.593
7.783	0.6258	0.6254	0.593
7.782	0.6257	0.6254	0.593
7.781	0.6257	0.6253	0.593
7.780	0.6257	0.6253	0.593
7.779	0.6256	0.6252	0.593
7.778	0.6256	0.6252	0.593
7.777	0.6256	0.6252	0.593
7.776	0.6256	0.6252	0.593
7.775	0.6255	0.6251	0.593
7.774	0.6255	0.6251	0.5929
7.773	0.6255	0.6251	0.5929
7.772	0.6255	0.625	0.5929
7.771	0.6254	0.625	0.5929
7.770	0.6254	0.625	0.5929
7.769	0.6254	0.6249	0.5929
7.768	0.6254	0.6249	0.5929
7.767	0.6253	0.6249	0.5929
7.766	0.6253	0.6249	0.5929
7.765	0.6253	0.6248	0.5929
7.764	0.6253	0.6248	0.5929
7.763	0.6252	0.6248	0.5928
7.762	0.6252	0.6247	0.5928
7.761	0.6252	0.6247	0.5928
7.760	0.6251	0.6247	0.5928
7.759	0.6251	0.6247	0.5928
7.758	0.6251	0.6246	0.5928
7.757	0.625	0.6246	0.5928
7.756	0.625	0.6246	0.5928
7.755	0.625	0.6245	0.5928
7.754	0.625	0.6245	0.5928
7.753	0.6249	0.6245	0.5928
7.752	0.6249	0.6244	0.5927
7.751	0.6249	0.6243	0.5927
7.750	0.6249	0.6243	0.5927
7.749	0.6249	0.6243	0.5927
7.748	0.6248	0.6243	0.5927
7.747	0.6248	0.6242	0.5927
7.746	0.6248	0.6242	0.5927
7.745	0.6248	0.6241	0.5927
7.744	0.6247	0.6241	0.5927
7.743	0.6247	0.6241	0.5927
7.742	0.6247	0.6241	0.5927
7.741	0.6247	0.624	0.5926
7.740	0.6246	0.624	0.5926
7.739	0.6246	0.624	0.5926
7.738	0.6245	0.6239	0.5926
7.737	0.6245	0.6239	0.5926
7.736	0.6245	0.6239	0.5926
7.735	0.6244	0.6238	0.5926
7.734	0.6244	0.6238	0.5926
7.733	0.6244	0.6238	0.5925
7.732	0.6244	0.6237	0.5925
7.731	0.6244	0.6237	0.5925
7.730	0.6243	0.6237	0.5925
7.729	0.6243	0.6237	0.5925
7.728	0.6243	0.6236	0.5925
7.727	0.6243	0.6236	0.5925
7.726	0.6242	0.6236	0.5925
7.725	0.6242	0.6236	0.5925
7.724	0.6242	0.6236	0.5924
7.723	0.6242	0.6235	0.5924
7.722	0.6241	0.6235	0.5924
7.721	0.6241	0.6235	0.5924
7.720	0.6241	0.6235	0.5924
7.719	0.6241	0.6234	0.5924
7.718	0.6241	0.6234	0.5924
7.717	0.624	0.6234	0.5924
7.716	0.624	0.6234	0.5924
7.715	0.6239	0.6233	0.5923
7.714	0.6239	0.6233	0.5923
7.713	0.6239	0.6233	0.5923
7.712	0.6239	0.6232	0.5923
7.711	0.6238	0.6232	0.5923
7.710	0.6238	0.6232	0.5923
7.709	0.6238	0.6231	0.5923
7.708	0.6238	0.6231	0.5923
7.707	0.6237	0.6231	0.5923
7.706	0.6237	0.6231	0.5923
7.705	0.6237	0.623	0.5923
7.704	0.6237	0.623	0.5922
7.703	0.6237	0.623	0.5922
7.702	0.6237	0.6229	0.5922
7.701	0.6236	0.6229	0.5922
7.700	0.6236	0.6229	0.5922
7.699	0.6235	0.6229	0.5922
7.698	0.6235	0.6228	0.5922
7.697	0.6235	0.6228	0.5922
7.696	0.6234	0.6228	0.5921
7.695	0.6234	0.6228	0.5921
7.694	0.6233	0.6227	0.5921
7.693	0.6233	0.6227	0.5921
7.692	0.6233	0.6227	0.5921
7.691	0.6232	0.6227	0.5921
7.690	0.6232	0.6226	0.5921
7.689	0.6231	0.6226	0.5921
7.688	0.6231	0.6226	0.5921
7.687	0.6231	0.6225	0.5921
7.686	0.623	0.6225	0.592
7.685	0.623	0.6224	0.592
7.684	0.623	0.6224	0.592
7.683	0.623	0.6224	0.592
7.682	0.6229	0.6224	0.592
7.681	0.6229	0.6224	0.592
7.680	0.6229	0.6223	0.592
7.679	0.6229	0.6223	0.592
7.678	0.6228	0.6223	0.592
7.677	0.6228	0.6222	0.592
7.676	0.6228	0.6222	0.592
7.675	0.6227	0.6222	0.592
7.674	0.6227	0.6222	0.5919
7.673	0.6227	0.6221	0.5919
7.672	0.6226	0.6221	0.5919
7.671	0.6226	0.6221	0.5919
7.670	0.6226	0.6221	0.5919
7.669	0.6226	0.622	0.5919
7.668	0.6225	0.622	0.5919
7.667	0.6225	0.622	0.5919
7.666	0.6225	0.622	0.5919
7.665	0.6225	0.6219	0.5919
7.664	0.6224	0.6219	0.5919
7.663	0.6224	0.6219	0.5918
7.662	0.6224	0.6218	0.5918
7.661	0.6224	0.6218	0.5918
7.660	0.6223	0.6218	0.5918
7.659	0.6223	0.6217	0.5918
7.658	0.6223	0.6217	0.5918
7.657	0.6222	0.6217	0.5918
7.656	0.6222	0.6216	0.5918
7.655	0.6222	0.6216	0.5918
7.654	0.6221	0.6216	0.5918
7.653	0.6221	0.6215	0.5917
7.652	0.622	0.6215	0.5917
7.651	0.622	0.6214	0.5917
7.650	0.622	0.6213	0.5917
7.649	0.6219	0.6213	0.5917
7.648	0.6219	0.6213	0.5917
7.647	0.6219	0.6212	0.5917
7.646	0.6219	0.6212	0.5917
7.645	0.6218	0.6211	0.5917
7.644	0.6218	0.6211	0.5917
7.643	0.6218	0.6211	0.5917
7.642	0.6217	0.6211	0.5917
7.641	0.6217	0.621	0.5916
7.640	0.6216	0.621	0.5916
7.639	0.6216	0.621	0.5916
7.638	0.6216	0.621	0.5916
7.637	0.6216	0.6209	0.5916
7.636	0.6216	0.6209	0.5916
7.635	0.6215	0.6209	0.5916
7.634	0.6215	0.6208	0.5915
7.633	0.6215	0.6208	0.5915
7.632	0.6214	0.6208	0.5915
7.631	0.6214	0.6207	0.5915
7.630	0.6214	0.6207	0.5915
7.629	0.6213	0.6207	0.5915
7.628	0.6213	0.6207	0.5915
7.627	0.6213	0.6206	0.5915
7.626	0.6213	0.6206	0.5915
7.625	0.6212	0.6206	0.5915
7.624	0.6212	0.6205	0.5914
7.623	0.6212	0.6205	0.5914
7.622	0.6212	0.6205	0.5914
7.621	0.6211	0.6205	0.5914
7.620	0.6211	0.6204	0.5914
7.619	0.6211	0.6204	0.5914
7.618	0.621	0.6204	0.5914
7.617	0.621	0.6204	0.5914
7.616	0.621	0.6203	0.5914
7.615	0.621	0.6203	0.5913
7.614	0.6209	0.6202	0.5913
7.613	0.6209	0.6202	0.5913
7.612	0.6209	0.6202	0.5913
7.611	0.6209	0.6202	0.5913
7.610	0.6208	0.6202	0.5913
7.609	0.6208	0.6201	0.5913
7.608	0.6208	0.6201	0.5913
7.607	0.6208	0.6201	0.5913
7.606	0.6207	0.6201	0.5913
7.605	0.6206	0.62	0.5913
7.604	0.6206	0.62	0.5913
7.603	0.6206	0.62	0.5913
7.602	0.6206	0.62	0.5912
7.601	0.6205	0.6199	0.5912
7.600	0.6205	0.6199	0.5912
7.599	0.6204	0.6198	0.5912
7.598	0.6204	0.6198	0.5912
7.597	0.6204	0.6198	0.5912
7.596	0.6203	0.6197	0.5912
7.595	0.6203	0.6197	0.5912
7.594	0.6203	0.6197	0.5912
7.593	0.6203	0.6197	0.5912
7.592	0.6203	0.6197	0.5911
7.591	0.6202	0.6196	0.5911
7.590	0.6202	0.6196	0.5911
7.589	0.6202	0.6196	0.5911
7.588	0.6201	0.6196	0.5911
7.587	0.6201	0.6196	0.5911
7.586	0.6201	0.6195	0.5911
7.585	0.6201	0.6195	0.5911
7.584	0.62	0.6195	0.5911
7.583	0.62	0.6195	0.591
7.582	0.6199	0.6194	0.591
7.581	0.6199	0.6194	0.591
7.580	0.6199	0.6194	0.591
7.579	0.6199	0.6194	0.591
7.578	0.6198	0.6193	0.591
7.577	0.6198	0.6193	0.591
7.576	0.6198	0.6193	0.591
7.575	0.6198	0.6193	0.591
7.574	0.6197	0.6193	0.591
7.573	0.6197	0.6192	0.591
7.572	0.6197	0.6192	0.591
7.571	0.6196	0.6192	0.5909
7.570	0.6196	0.6192	0.5909
7.569	0.6196	0.6192	0.5909
7.568	0.6195	0.6191	0.5909
7.567	0.6195	0.6191	0.5909
7.566	0.6195	0.6191	0.5909
7.565	0.6195	0.6191	0.5909
7.564	0.6194	0.619	0.5909
7.563	0.6194	0.619	0.5909
7.562	0.6194	0.619	0.5909
7.561	0.6194	0.619	0.5908
7.560	0.6193	0.6189	0.5908
7.559	0.6193	0.6189	0.5908
7.558	0.6193	0.6189	0.5908
7.557	0.6192	0.6189	0.5908
7.556	0.6192	0.6188	0.5908
7.555	0.6192	0.6188	0.5907
7.554	0.6191	0.6188	0.5907
7.553	0.6191	0.6187	0.5907
7.552	0.6191	0.6187	0.5907
7.551	0.619	0.6187	0.5907
7.550	0.619	0.6186	0.5907
7.549	0.6189	0.6186	0.5907
7.548	0.6189	0.6186	0.5906
7.547	0.6189	0.6185	0.5906
7.546	0.6189	0.6185	0.5906
7.545	0.6189	0.6185	0.5906
7.544	0.6188	0.6185	0.5906
7.543	0.6188	0.6184	0.5906
7.542	0.6188	0.6184	0.5906
7.541	0.6187	0.6184	0.5906
7.540	0.6187	0.6183	0.5906
7.539	0.6187	0.6183	0.5906
7.538	0.6186	0.6183	0.5905
7.537	0.6186	0.6182	0.5905
7.536	0.6186	0.6182	0.5905
7.535	0.6186	0.6182	0.5905
7.534	0.6185	0.6182	0.5905
7.533	0.6185	0.6182	0.5905
7.532	0.6185	0.6181	0.5904
7.531	0.6184	0.6181	0.5904
7.530	0.6184	0.6181	0.5904
7.529	0.6184	0.6181	0.5904
7.528	0.6184	0.618	0.5904
7.527	0.6183	0.618	0.5904
7.526	0.6183	0.618	0.5904
7.525	0.6182	0.6179	0.5904
7.524	0.6182	0.6179	0.5904
7.523	0.6182	0.6179	0.5904
7.522	0.6181	0.6178	0.5903
7.521	0.6181	0.6178	0.5903
7.520	0.6181	0.6178	0.5903
7.519	0.618	0.6178	0.5903
7.518	0.618	0.6177	0.5903
7.517	0.618	0.6177	0.5903
7.516	0.618	0.6177	0.5903
7.515	0.6179	0.6177	0.5903
7.514	0.6179	0.6177	0.5902
7.513	0.6179	0.6176	0.5902
7.512	0.6179	0.6176	0.5902
7.511	0.6178	0.6176	0.5902
7.510	0.6178	0.6176	0.5902
7.509	0.6177	0.6175	0.5902
7.508	0.6177	0.6175	0.5902
7.507	0.6176	0.6175	0.5901
7.506	0.6176	0.6175	0.5901
7.505	0.6176	0.6175	0.5901
7.504	0.6176	0.6174	0.5901
7.503	0.6176	0.6174	0.5901
7.502	0.6176	0.6174	0.5901
7.501	0.6176	0.6173	0.5901
7.500	0.6175	0.6173	0.5901
7.499	0.6175	0.6173	0.5901
7.498	0.6175	0.6173	0.5901
7.497	0.6174	0.6173	0.5901
7.496	0.6174	0.6172	0.5901
7.495	0.6174	0.6172	0.59
7.494	0.6174	0.6172	0.59
7.493	0.6174	0.6172	0.59
7.492	0.6173	0.6171	0.59
7.491	0.6173	0.6171	0.59
7.490	0.6173	0.6171	0.59
7.489	0.6173	0.6171	0.59
7.488	0.6172	0.617	0.59
7.487	0.6172	0.617	0.59
7.486	0.6171	0.617	0.5899
7.485	0.6171	0.617	0.5899
7.484	0.6171	0.6169	0.5899
7.483	0.6171	0.6169	0.5899
7.482	0.617	0.6169	0.5899
7.481	0.617	0.6168	0.5899
7.480	0.617	0.6168	0.5899
7.479	0.6169	0.6168	0.5899
7.478	0.6169	0.6168	0.5899
7.477	0.6169	0.6167	0.5899
7.476	0.6168	0.6167	0.5898
7.475	0.6168	0.6167	0.5898
7.474	0.6168	0.6167	0.5898
7.473	0.6168	0.6166	0.5898
7.472	0.6168	0.6166	0.5898
7.471	0.6167	0.6166	0.5898
7.470	0.6167	0.6165	0.5898
7.469	0.6167	0.6165	0.5898
7.468	0.6166	0.6165	0.5898
7.467	0.6166	0.6165	0.5897
7.466	0.6166	0.6164	0.5897
7.465	0.6166	0.6164	0.5897
7.464	0.6166	0.6164	0.5897
7.463	0.6165	0.6164	0.5897
7.462	0.6165	0.6164	0.5897
7.461	0.6165	0.6163	0.5897
7.460	0.6165	0.6163	0.5897
7.459	0.6164	0.6163	0.5897
7.458	0.6164	0.6163	0.5897
7.457	0.6164	0.6162	0.5897
7.456	0.6164	0.6162	0.5897
7.455	0.6163	0.6162	0.5897
7.454	0.6163	0.6161	0.5897
7.453	0.6163	0.6161	0.5896
7.452	0.6162	0.6161	0.5896
7.451	0.6162	0.616	0.5896
7.450	0.6162	0.616	0.5896
7.449	0.6162	0.616	0.5896
7.448	0.6161	0.6159	0.5896
7.447	0.6161	0.6159	0.5896
7.446	0.6161	0.6159	0.5895
7.445	0.616	0.6159	0.5895
7.444	0.616	0.6158	0.5895
7.443	0.616	0.6158	0.5895
7.442	0.616	0.6158	0.5895
7.441	0.6159	0.6157	0.5895
7.440	0.6159	0.6157	0.5894
7.439	0.6159	0.6156	0.5894
7.438	0.6159	0.6156	0.5894
7.437	0.6158	0.6156	0.5894
7.436	0.6158	0.6155	0.5894
7.435	0.6158	0.6155	0.5894
7.434	0.6157	0.6155	0.5894
7.433	0.6157	0.6155	0.5894
7.432	0.6157	0.6154	0.5893
7.431	0.6156	0.6154	0.5893
7.430	0.6156	0.6153	0.5893
7.429	0.6156	0.6153	0.5893
7.428	0.6156	0.6152	0.5893
7.427	0.6155	0.6152	0.5893
7.426	0.6155	0.6152	0.5893
7.425	0.6155	0.6152	0.5892
7.424	0.6154	0.6152	0.5892
7.423	0.6154	0.6151	0.5892
7.422	0.6154	0.6151	0.5892
7.421	0.6154	0.615	0.5892
7.420	0.6154	0.615	0.5892
7.419	0.6153	0.615	0.5892
7.418	0.6153	0.615	0.5892
7.417	0.6153	0.6149	0.5892
7.416	0.6153	0.6149	0.5892
7.415	0.6153	0.6149	0.5891
7.414	0.6152	0.6148	0.5891
7.413	0.6152	0.6148	0.5891
7.412	0.6151	0.6148	0.5891
7.411	0.6151	0.6148	0.5891
7.410	0.6151	0.6147	0.5891
7.409	0.6151	0.6147	0.5891
7.408	0.6151	0.6147	0.589
7.407	0.615	0.6147	0.589
7.406	0.615	0.6146	0.589
7.405	0.6149	0.6146	0.589
7.404	0.6149	0.6145	0.589
7.403	0.6149	0.6145	0.589
7.402	0.6149	0.6145	0.589
7.401	0.6149	0.6144	0.589
7.400	0.6149	0.6144	0.589
7.399	0.6148	0.6144	0.589
7.398	0.6148	0.6144	0.589
7.397	0.6148	0.6143	0.5889
7.396	0.6147	0.6143	0.5889
7.395	0.6147	0.6143	0.5889
7.394	0.6147	0.6142	0.5889
7.393	0.6147	0.6142	0.5889
7.392	0.6146	0.6142	0.5889
7.391	0.6146	0.6142	0.5889
7.390	0.6146	0.6141	0.5889
7.389	0.6146	0.6141	0.5889
7.388	0.6146	0.6141	0.5889
7.387	0.6145	0.6141	0.5889
7.386	0.6145	0.614	0.5888
7.385	0.6145	0.614	0.5888
7.384	0.6145	0.614	0.5888
7.383	0.6144	0.614	0.5888
7.382	0.6144	0.614	0.5888
7.381	0.6144	0.6139	0.5888
7.380	0.6144	0.6139	0.5888
7.379	0.6144	0.6138	0.5888
7.378	0.6144	0.6138	0.5887
7.377	0.6144	0.6138	0.5887
7.376	0.6143	0.6137	0.5887
7.375	0.6143	0.6137	0.5887
7.374	0.6143	0.6137	0.5887
7.373	0.6143	0.6136	0.5887
7.372	0.6142	0.6136	0.5887
7.371	0.6142	0.6136	0.5887
7.370	0.6142	0.6135	0.5887
7.369	0.6142	0.6135	0.5886
7.368	0.6142	0.6135	0.5886
7.367	0.6141	0.6135	0.5886
7.366	0.6141	0.6134	0.5886
7.365	0.6141	0.6134	0.5886
7.364	0.6141	0.6134	0.5886
7.363	0.6141	0.6134	0.5886
7.362	0.6141	0.6134	0.5886
7.361	0.614	0.6133	0.5886
7.360	0.614	0.6133	0.5885
7.359	0.614	0.6133	0.5885
7.358	0.6139	0.6133	0.5885
7.357	0.6139	0.6132	0.5885
7.356	0.6139	0.6132	0.5885
7.355	0.6139	0.6132	0.5885
7.354	0.6139	0.6132	0.5885
7.353	0.6138	0.6131	0.5885
7.352	0.6138	0.6131	0.5884
7.351	0.6138	0.6131	0.5884
7.350	0.6138	0.6131	0.5884
7.349	0.6138	0.6131	0.5884
7.348	0.6138	0.613	0.5884
7.347	0.6137	0.613	0.5884
7.346	0.6137	0.613	0.5884
7.345	0.6137	0.613	0.5884
7.344	0.6137	0.613	0.5883
7.343	0.6137	0.6129	0.5883
7.342	0.6137	0.6129	0.5883
7.341	0.6136	0.6129	0.5883
7.340	0.6136	0.6129	0.5883
7.339	0.6136	0.6128	0.5883
7.338	0.6135	0.6128	0.5883
7.337	0.6135	0.6128	0.5883
7.336	0.6135	0.6128	0.5883
7.335	0.6135	0.6128	0.5883
7.334	0.6134	0.6127	0.5883
7.333	0.6134	0.6127	0.5882
7.332	0.6134	0.6127	0.5882
7.331	0.6134	0.6126	0.5882
7.330	0.6133	0.6126	0.5882
7.329	0.6133	0.6126	0.5882
7.328	0.6133	0.6125	0.5882
7.327	0.6133	0.6125	0.5882
7.326	0.6133	0.6125	0.5882
7.325	0.6132	0.6125	0.5881
7.324	0.6132	0.6125	0.5881
7.323	0.6132	0.6124	0.5881
7.322	0.6132	0.6124	0.5881
7.321	0.6131	0.6124	0.5881
7.320	0.6131	0.6123	0.5881
7.319	0.6131	0.6123	0.5881
7.318	0.613	0.6123	0.5881
7.317	0.613	0.6123	0.588
7.316	0.613	0.6123	0.588
7.315	0.613	0.6122	0.588
7.314	0.6129	0.6122	0.588
7.313	0.6129	0.6122	0.588
7.312	0.6129	0.6122	0.588
7.311	0.6128	0.6121	0.588
7.310	0.6128	0.6121	0.588
7.309	0.6128	0.6121	0.588
7.308	0.6127	0.6121	0.5879
7.307	0.6127	0.612	0.5879
7.306	0.6127	0.612	0.5879
7.305	0.6127	0.612	0.5879
7.304	0.6126	0.612	0.5879
7.303	0.6126	0.6119	0.5878
7.302	0.6126	0.6119	0.5878
7.301	0.6125	0.6119	0.5878
7.300	0.6125	0.6118	0.5878
7.299	0.6125	0.6118	0.5878
7.298	0.6125	0.6118	0.5878
7.297	0.6124	0.6118	0.5878
7.296	0.6124	0.6117	0.5877
7.295	0.6124	0.6117	0.5877
7.294	0.6124	0.6117	0.5877
7.293	0.6123	0.6116	0.5877
7.292	0.6123	0.6116	0.5877
7.291	0.6123	0.6116	0.5877
7.290	0.6123	0.6116	0.5877
7.289	0.6123	0.6116	0.5877
7.288	0.6122	0.6116	0.5876
7.287	0.6122	0.6115	0.5876
7.286	0.6122	0.6115	0.5876
7.285	0.6121	0.6115	0.5876
7.284	0.6121	0.6115	0.5876
7.283	0.6121	0.6115	0.5876
7.282	0.6121	0.6114	0.5876
7.281	0.612	0.6114	0.5876
7.280	0.612	0.6114	0.5876
7.279	0.612	0.6113	0.5876
7.278	0.6119	0.6113	0.5876
7.277	0.6119	0.6113	0.5875
7.276	0.6119	0.6112	0.5875
7.275	0.6119	0.6112	0.5875
7.274	0.6118	0.6112	0.5875
7.273	0.6118	0.6111	0.5875
7.272	0.6118	0.6111	0.5875
7.271	0.6118	0.6111	0.5875
7.270	0.6118	0.6111	0.5875
7.269	0.6118	0.6111	0.5874
7.268	0.6117	0.6111	0.5874
7.267	0.6117	0.611	0.5874
7.266	0.6117	0.611	0.5874
7.265	0.6117	0.611	0.5874
7.264	0.6116	0.6109	0.5874
7.263	0.6116	0.6109	0.5874
7.262	0.6116	0.6109	0.5874
7.261	0.6115	0.6109	0.5874
7.260	0.6115	0.6109	0.5873
7.259	0.6115	0.6108	0.5873
7.258	0.6114	0.6108	0.5873
7.257	0.6114	0.6108	0.5873
7.256	0.6114	0.6107	0.5873
7.255	0.6114	0.6107	0.5873
7.254	0.6113	0.6107	0.5873
7.253	0.6113	0.6106	0.5873
7.252	0.6113	0.6106	0.5872
7.251	0.6112	0.6106	0.5872
7.250	0.6112	0.6106	0.5872
7.249	0.6112	0.6106	0.5872
7.248	0.6111	0.6106	0.5872
7.247	0.6111	0.6105	0.5872
7.246	0.6111	0.6105	0.5872
7.245	0.611	0.6105	0.5872
7.244	0.611	0.6104	0.5872
7.243	0.611	0.6104	0.5872
7.242	0.611	0.6104	0.5871
7.241	0.6109	0.6104	0.5871
7.240	0.6109	0.6103	0.5871
7.239	0.6109	0.6103	0.5871
7.238	0.6109	0.6103	0.5871
7.237	0.6108	0.6103	0.5871
7.236	0.6108	0.6103	0.5871
7.235	0.6108	0.6102	0.5871
7.234	0.6108	0.6102	0.5871
7.233	0.6108	0.6102	0.5871
7.232	0.6108	0.6102	0.5871
7.231	0.6107	0.6101	0.587
7.230	0.6107	0.6101	0.587
7.229	0.6107	0.6101	0.587
7.228	0.6107	0.61	0.587
7.227	0.6106	0.61	0.587
7.226	0.6106	0.61	0.587
7.225	0.6106	0.6099	0.5869
7.224	0.6106	0.6099	0.5869
7.223	0.6105	0.6099	0.5869
7.222	0.6105	0.6099	0.5869
7.221	0.6105	0.6098	0.5869
7.220	0.6105	0.6098	0.5869
7.219	0.6105	0.6098	0.5869
7.218	0.6105	0.6097	0.5869
7.217	0.6104	0.6097	0.5869
7.216	0.6104	0.6097	0.5869
7.215	0.6104	0.6097	0.5869
7.214	0.6104	0.6097	0.5868
7.213	0.6103	0.6096	0.5868
7.212	0.6103	0.6096	0.5868
7.211	0.6103	0.6096	0.5868
7.210	0.6102	0.6096	0.5868
7.209	0.6102	0.6096	0.5868
7.208	0.6102	0.6095	0.5867
7.207	0.6102	0.6095	0.5867
7.206	0.6101	0.6095	0.5867
7.205	0.6101	0.6095	0.5867
7.204	0.6101	0.6095	0.5867
7.203	0.6101	0.6094	0.5867
7.202	0.6101	0.6094	0.5867
7.201	0.61	0.6094	0.5866
7.200	0.61	0.6094	0.5866
7.199	0.61	0.6093	0.5866
7.198	0.61	0.6093	0.5866
7.197	0.61	0.6093	0.5866
7.196	0.6099	0.6093	0.5866
7.195	0.6099	0.6092	0.5866
7.194	0.6099	0.6092	0.5866
7.193	0.6099	0.6091	0.5866
7.192	0.6098	0.6091	0.5865
7.191	0.6098	0.6091	0.5865
7.190	0.6098	0.6091	0.5865
7.189	0.6097	0.6091	0.5865
7.188	0.6097	0.609	0.5865
7.187	0.6097	0.609	0.5865
7.186	0.6097	0.609	0.5865
7.185	0.6096	0.609	0.5865
7.184	0.6096	0.6089	0.5864
7.183	0.6096	0.6089	0.5864
7.182	0.6095	0.6089	0.5864
7.181	0.6095	0.6089	0.5864
7.180	0.6095	0.6089	0.5864
7.179	0.6094	0.6089	0.5864
7.178	0.6094	0.6088	0.5864
7.177	0.6094	0.6088	0.5863
7.176	0.6094	0.6088	0.5863
7.175	0.6093	0.6088	0.5863
7.174	0.6093	0.6088	0.5863
7.173	0.6093	0.6087	0.5863
7.172	0.6092	0.6087	0.5863
7.171	0.6092	0.6087	0.5863
7.170	0.6092	0.6087	0.5863
7.169	0.6092	0.6086	0.5863
7.168	0.6091	0.6086	0.5862
7.167	0.6091	0.6086	0.5862
7.166	0.6091	0.6086	0.5862
7.165	0.6091	0.6086	0.5862
7.164	0.6091	0.6085	0.5862
7.163	0.609	0.6085	0.5862
7.162	0.609	0.6085	0.5862
7.161	0.609	0.6085	0.5862
7.160	0.609	0.6084	0.5861
7.159	0.6089	0.6084	0.5861
7.158	0.6089	0.6084	0.5861
7.157	0.6089	0.6084	0.5861
7.156	0.6088	0.6083	0.5861
7.155	0.6088	0.6083	0.5861
7.154	0.6088	0.6083	0.5861
7.153	0.6088	0.6083	0.5861
7.152	0.6087	0.6082	0.5861
7.151	0.6087	0.6082	0.5861
7.150	0.6087	0.6082	0.586
7.149	0.6087	0.6082	0.586
7.148	0.6087	0.6081	0.586
7.147	0.6086	0.6081	0.586
7.146	0.6086	0.6081	0.586
7.145	0.6086	0.6081	0.586
7.144	0.6086	0.608	0.586
7.143	0.6085	0.608	0.586
7.142	0.6085	0.608	0.5859
7.141	0.6085	0.608	0.5859
7.140	0.6085	0.608	0.5859
7.139	0.6084	0.608	0.5859
7.138	0.6084	0.6079	0.5859
7.137	0.6084	0.6079	0.5859
7.136	0.6084	0.6079	0.5859
7.135	0.6084	0.6079	0.5858
7.134	0.6083	0.6078	0.5858
7.133	0.6083	0.6078	0.5858
7.132	0.6083	0.6078	0.5858
7.131	0.6082	0.6077	0.5858
7.130	0.6082	0.6077	0.5858
7.129	0.6082	0.6077	0.5858
7.128	0.6082	0.6077	0.5858
7.127	0.6082	0.6077	0.5858
7.126	0.6081	0.6076	0.5858
7.125	0.6081	0.6076	0.5858
7.124	0.6081	0.6076	0.5857
7.123	0.6081	0.6076	0.5857
7.122	0.608	0.6075	0.5857
7.121	0.608	0.6075	0.5857
7.120	0.608	0.6075	0.5857
7.119	0.608	0.6075	0.5857
7.118	0.6079	0.6074	0.5857
7.117	0.6079	0.6074	0.5856
7.116	0.6079	0.6074	0.5856
7.115	0.6078	0.6074	0.5856
7.114	0.6078	0.6073	0.5856
7.113	0.6078	0.6073	0.5856
7.112	0.6078	0.6072	0.5856
7.111	0.6077	0.6072	0.5856
7.110	0.6077	0.6072	0.5855
7.109	0.6077	0.6072	0.5855
7.108	0.6076	0.6072	0.5855
7.107	0.6076	0.6071	0.5855
7.106	0.6076	0.6071	0.5855
7.105	0.6076	0.6071	0.5855
7.104	0.6076	0.6071	0.5855
7.103	0.6076	0.607	0.5855
7.102	0.6076	0.607	0.5855
7.101	0.6075	0.607	0.5855
7.100	0.6075	0.607	0.5854
7.099	0.6075	0.607	0.5854
7.098	0.6075	0.6069	0.5854
7.097	0.6074	0.6069	0.5854
7.096	0.6074	0.6069	0.5854
7.095	0.6074	0.6068	0.5854
7.094	0.6074	0.6068	0.5854
7.093	0.6073	0.6068	0.5854
7.092	0.6073	0.6067	0.5854
7.091	0.6073	0.6067	0.5853
7.090	0.6073	0.6067	0.5853
7.089	0.6073	0.6067	0.5853
7.088	0.6072	0.6066	0.5853
7.087	0.6072	0.6066	0.5853
7.086	0.6072	0.6066	0.5853
7.085	0.6071	0.6065	0.5853
7.084	0.6071	0.6065	0.5853
7.083	0.6071	0.6065	0.5853
7.082	0.6071	0.6065	0.5853
7.081	0.6071	0.6065	0.5852
7.080	0.607	0.6064	0.5852
7.079	0.607	0.6064	0.5852
7.078	0.6069	0.6064	0.5852
7.077	0.6069	0.6064	0.5852
7.076	0.6069	0.6063	0.5851
7.075	0.6069	0.6063	0.5851
7.074	0.6068	0.6062	0.5851
7.073	0.6068	0.6062	0.5851
7.072	0.6068	0.6062	0.5851
7.071	0.6068	0.6061	0.5851
7.070	0.6068	0.6061	0.5851
7.069	0.6067	0.6061	0.5851
7.068	0.6067	0.6061	0.5851
7.067	0.6067	0.6061	0.5851
7.066	0.6067	0.6061	0.585
7.065	0.6066	0.606	0.585
7.064	0.6066	0.606	0.585
7.063	0.6066	0.606	0.585
7.062	0.6066	0.606	0.585
7.061	0.6066	0.606	0.585
7.060	0.6065	0.606	0.585
7.059	0.6065	0.6059	0.585
7.058	0.6065	0.6059	0.5849
7.057	0.6064	0.6058	0.5849
7.056	0.6064	0.6058	0.5849
7.055	0.6064	0.6058	0.5849
7.054	0.6064	0.6058	0.5849
7.053	0.6063	0.6057	0.5849
7.052	0.6063	0.6057	0.5849
7.051	0.6063	0.6057	0.5849
7.050	0.6063	0.6057	0.5849
7.049	0.6062	0.6056	0.5849
7.048	0.6062	0.6056	0.5848
7.047	0.6062	0.6056	0.5848
7.046	0.6062	0.6056	0.5848
7.045	0.6061	0.6056	0.5848
7.044	0.6061	0.6055	0.5848
7.043	0.6061	0.6055	0.5848
7.042	0.606	0.6055	0.5848
7.041	0.606	0.6055	0.5848
7.040	0.606	0.6054	0.5848
7.039	0.606	0.6054	0.5848
7.038	0.6059	0.6054	0.5848
7.037	0.6059	0.6054	0.5847
7.036	0.6059	0.6054	0.5847
7.035	0.6059	0.6053	0.5847
7.034	0.6058	0.6053	0.5847
7.033	0.6058	0.6053	0.5847
7.032	0.6057	0.6053	0.5847
7.031	0.6057	0.6052	0.5847
7.030	0.6056	0.6052	0.5847
7.029	0.6056	0.6052	0.5847
7.028	0.6056	0.6052	0.5846
7.027	0.6056	0.6052	0.5846
7.026	0.6056	0.6051	0.5846
7.025	0.6055	0.6051	0.5846
7.024	0.6055	0.6051	0.5846
7.023	0.6055	0.6051	0.5846
7.022	0.6055	0.605	0.5846
7.021	0.6055	0.605	0.5846
7.020	0.6055	0.605	0.5845
7.019	0.6054	0.605	0.5845
7.018	0.6054	0.6049	0.5845
7.017	0.6054	0.6049	0.5845
7.016	0.6053	0.6049	0.5845
7.015	0.6053	0.6049	0.5845
7.014	0.6053	0.6048	0.5845
7.013	0.6053	0.6048	0.5845
7.012	0.6053	0.6048	0.5845
7.011	0.6052	0.6048	0.5844
7.010	0.6052	0.6047	0.5844
7.009	0.6052	0.6047	0.5844
7.008	0.6052	0.6047	0.5844
7.007	0.6051	0.6047	0.5844
7.006	0.6051	0.6046	0.5844
7.005	0.6051	0.6046	0.5844
7.004	0.605	0.6046	0.5844
7.003	0.605	0.6046	0.5844
7.002	0.605	0.6046	0.5844
7.001	0.605	0.6046	0.5844
7.000	0.605	0.6045	0.5843
6.999	0.6049	0.6045	0.5843
6.998	0.6049	0.6045	0.5843
6.997	0.6049	0.6045	0.5843
6.996	0.6049	0.6045	0.5843
6.995	0.6049	0.6044	0.5843
6.994	0.6048	0.6044	0.5843
6.993	0.6048	0.6044	0.5843
6.992	0.6048	0.6044	0.5843
6.991	0.6048	0.6044	0.5843
6.990	0.6047	0.6043	0.5842
6.989	0.6047	0.6043	0.5842
6.988	0.6047	0.6043	0.5842
6.987	0.6047	0.6043	0.5842
6.986	0.6047	0.6042	0.5842
6.985	0.6047	0.6042	0.5842
6.984	0.6046	0.6042	0.5842
6.983	0.6046	0.6042	0.5842
6.982	0.6046	0.6041	0.5842
6.981	0.6045	0.6041	0.5842
6.980	0.6045	0.6041	0.5841
6.979	0.6045	0.6041	0.5841
6.978	0.6044	0.604	0.5841
6.977	0.6044	0.604	0.5841
6.976	0.6044	0.604	0.5841
6.975	0.6044	0.604	0.5841
6.974	0.6044	0.604	0.5841
6.973	0.6043	0.6039	0.5841
6.972	0.6043	0.6039	0.5841
6.971	0.6043	0.6039	0.584
6.970	0.6043	0.6039	0.584
6.969	0.6043	0.6038	0.584
6.968	0.6042	0.6038	0.584
6.967	0.6042	0.6038	0.584
6.966	0.6042	0.6038	0.584
6.965	0.6041	0.6038	0.584
6.964	0.6041	0.6038	0.5839
6.963	0.6041	0.6037	0.5839
6.962	0.6041	0.6037	0.5839
6.961	0.604	0.6037	0.5839
6.960	0.604	0.6037	0.5839
6.959	0.604	0.6036	0.5839
6.958	0.604	0.6036	0.5839
6.957	0.604	0.6036	0.5839
6.956	0.6039	0.6036	0.5839
6.955	0.6039	0.6036	0.5839
6.954	0.6039	0.6035	0.5839
6.953	0.6039	0.6035	0.5839
6.952	0.6038	0.6035	0.5838
6.951	0.6038	0.6035	0.5838
6.950	0.6038	0.6035	0.5838
6.949	0.6038	0.6034	0.5838
6.948	0.6038	0.6034	0.5838
6.947	0.6037	0.6034	0.5838
6.946	0.6037	0.6034	0.5838
6.945	0.6037	0.6034	0.5838
6.944	0.6037	0.6034	0.5838
6.943	0.6036	0.6033	0.5838
6.942	0.6036	0.6033	0.5837
6.941	0.6036	0.6033	0.5837
6.940	0.6036	0.6033	0.5837
6.939	0.6035	0.6033	0.5837
6.938	0.6035	0.6032	0.5837
6.937	0.6035	0.6032	0.5837
6.936	0.6035	0.6032	0.5837
6.935	0.6035	0.6032	0.5837
6.934	0.6034	0.6031	0.5837
6.933	0.6034	0.6031	0.5836
6.932	0.6034	0.6031	0.5836
6.931	0.6033	0.6031	0.5836
6.930	0.6033	0.603	0.5836
6.929	0.6033	0.603	0.5836
6.928	0.6033	0.603	0.5836
6.927	0.6033	0.603	0.5836
6.926	0.6032	0.6029	0.5836
6.925	0.6032	0.6029	0.5835
6.924	0.6032	0.6029	0.5835
6.923	0.6032	0.6029	0.5835
6.922	0.6031	0.6028	0.5835
6.921	0.6031	0.6028	0.5835
6.920	0.6031	0.6028	0.5835
6.919	0.6031	0.6028	0.5835
6.918	0.603	0.6027	0.5834
6.917	0.603	0.6027	0.5834
6.916	0.603	0.6027	0.5834
6.915	0.603	0.6027	0.5834
6.914	0.6029	0.6027	0.5834
6.913	0.6029	0.6026	0.5834
6.912	0.6029	0.6026	0.5834
6.911	0.6029	0.6026	0.5834
6.910	0.6029	0.6026	0.5834
6.909	0.6028	0.6025	0.5834
6.908	0.6028	0.6025	0.5833
6.907	0.6028	0.6025	0.5833
6.906	0.6028	0.6025	0.5833
6.905	0.6027	0.6024	0.5833
6.904	0.6027	0.6024	0.5833
6.903	0.6027	0.6024	0.5833
6.902	0.6027	0.6024	0.5833
6.901	0.6026	0.6024	0.5833
6.900	0.6026	0.6023	0.5833
6.899	0.6026	0.6023	0.5832
6.898	0.6025	0.6023	0.5832
6.897	0.6025	0.6023	0.5832
6.896	0.6025	0.6022	0.5832
6.895	0.6025	0.6022	0.5832
6.894	0.6025	0.6022	0.5832
6.893	0.6024	0.6022	0.5832
6.892	0.6024	0.6021	0.5832
6.891	0.6024	0.6021	0.5831
6.890	0.6024	0.6021	0.5831
6.889	0.6023	0.6021	0.5831
6.888	0.6023	0.6021	0.5831
6.887	0.6023	0.602	0.5831
6.886	0.6023	0.602	0.5831
6.885	0.6023	0.602	0.5831
6.884	0.6022	0.602	0.5831
6.883	0.6022	0.602	0.583
6.882	0.6022	0.6019	0.583
6.881	0.6021	0.6019	0.583
6.880	0.6021	0.6019	0.583
6.879	0.6021	0.6019	0.583
6.878	0.6021	0.6019	0.583
6.877	0.6021	0.6018	0.583
6.876	0.602	0.6018	0.583
6.875	0.602	0.6018	0.583
6.874	0.6019	0.6018	0.583
6.873	0.6019	0.6017	0.5829
6.872	0.6019	0.6017	0.5829
6.871	0.6019	0.6017	0.5829
6.870	0.6019	0.6017	0.5829
6.869	0.6018	0.6016	0.5829
6.868	0.6018	0.6016	0.5829
6.867	0.6018	0.6016	0.5829
6.866	0.6017	0.6016	0.5828
6.865	0.6017	0.6015	0.5828
6.864	0.6017	0.6015	0.5828
6.863	0.6017	0.6015	0.5828
6.862	0.6017	0.6015	0.5828
6.861	0.6016	0.6015	0.5828
6.860	0.6016	0.6014	0.5828
6.859	0.6016	0.6014	0.5828
6.858	0.6016	0.6014	0.5828
6.857	0.6015	0.6014	0.5827
6.856	0.6015	0.6014	0.5827
6.855	0.6015	0.6013	0.5827
6.854	0.6015	0.6013	0.5827
6.853	0.6015	0.6013	0.5827
6.852	0.6014	0.6013	0.5827
6.851	0.6014	0.6012	0.5826
6.850	0.6014	0.6012	0.5826
6.849	0.6013	0.6012	0.5826
6.848	0.6013	0.6012	0.5826
6.847	0.6012	0.6011	0.5826
6.846	0.6012	0.6011	0.5826
6.845	0.6012	0.6011	0.5826
6.844	0.6012	0.6011	0.5826
6.843	0.6012	0.601	0.5826
6.842	0.6012	0.601	0.5826
6.841	0.6011	0.601	0.5825
6.840	0.6011	0.6009	0.5825
6.839	0.6011	0.6009	0.5825
6.838	0.6011	0.6009	0.5825
6.837	0.601	0.6009	0.5825
6.836	0.601	0.6009	0.5825
6.835	0.601	0.6008	0.5824
6.834	0.601	0.6008	0.5824
6.833	0.6009	0.6008	0.5824
6.832	0.6009	0.6008	0.5824
6.831	0.6009	0.6007	0.5824
6.830	0.6008	0.6007	0.5824
6.829	0.6008	0.6007	0.5824
6.828	0.6008	0.6007	0.5823
6.827	0.6008	0.6006	0.5823
6.826	0.6008	0.6006	0.5823
6.825	0.6007	0.6006	0.5823
6.824	0.6007	0.6006	0.5823
6.823	0.6007	0.6006	0.5823
6.822	0.6007	0.6005	0.5823
6.821	0.6006	0.6005	0.5823
6.820	0.6006	0.6005	0.5823
6.819	0.6006	0.6005	0.5823
6.818	0.6006	0.6004	0.5822
6.817	0.6005	0.6004	0.5822
6.816	0.6005	0.6004	0.5822
6.815	0.6005	0.6004	0.5822
6.814	0.6005	0.6003	0.5822
6.813	0.6005	0.6003	0.5822
6.812	0.6004	0.6003	0.5822
6.811	0.6004	0.6003	0.5822
6.810	0.6004	0.6003	0.5822
6.809	0.6003	0.6002	0.5821
6.808	0.6003	0.6002	0.5821
6.807	0.6003	0.6002	0.5821
6.806	0.6003	0.6002	0.5821
6.805	0.6003	0.6001	0.5821
6.804	0.6002	0.6001	0.5821
6.803	0.6002	0.6001	0.5821
6.802	0.6002	0.6001	0.5821
6.801	0.6002	0.6	0.582
6.800	0.6002	0.6	0.582
6.799	0.6001	0.6	0.582
6.798	0.6001	0.6	0.582
6.797	0.6001	0.6	0.582
6.796	0.6001	0.5999	0.582
6.795	0.6	0.5999	0.582
6.794	0.6	0.5999	0.5819
6.793	0.6	0.5999	0.5819
6.792	0.6	0.5998	0.5819
6.791	0.6	0.5998	0.5819
6.790	0.5999	0.5998	0.5819
6.789	0.5999	0.5997	0.5819
6.788	0.5999	0.5997	0.5819
6.787	0.5999	0.5997	0.5819
6.786	0.5998	0.5996	0.5819
6.785	0.5998	0.5996	0.5819
6.784	0.5998	0.5996	0.5819
6.783	0.5998	0.5996	0.5818
6.782	0.5997	0.5995	0.5818
6.781	0.5997	0.5995	0.5818
6.780	0.5997	0.5995	0.5818
6.779	0.5997	0.5995	0.5818
6.778	0.5997	0.5994	0.5818
6.777	0.5996	0.5994	0.5818
6.776	0.5996	0.5994	0.5817
6.775	0.5996	0.5994	0.5817
6.774	0.5996	0.5993	0.5817
6.773	0.5996	0.5993	0.5817
6.772	0.5995	0.5993	0.5817
6.771	0.5995	0.5993	0.5817
6.770	0.5995	0.5993	0.5817
6.769	0.5995	0.5992	0.5817
6.768	0.5995	0.5992	0.5817
6.767	0.5994	0.5992	0.5817
6.766	0.5994	0.5992	0.5816
6.765	0.5994	0.5991	0.5816
6.764	0.5994	0.5991	0.5816
6.763	0.5993	0.5991	0.5816
6.762	0.5993	0.599	0.5816
6.761	0.5993	0.599	0.5816
6.760	0.5993	0.599	0.5816
6.759	0.5993	0.599	0.5816
6.758	0.5993	0.599	0.5816
6.757	0.5992	0.599	0.5815
6.756	0.5992	0.5989	0.5815
6.755	0.5992	0.5989	0.5815
6.754	0.5992	0.5989	0.5815
6.753	0.5992	0.5989	0.5815
6.752	0.5991	0.5988	0.5815
6.751	0.5991	0.5988	0.5814
6.750	0.5991	0.5988	0.5814
6.749	0.5991	0.5988	0.5814
6.748	0.599	0.5987	0.5814
6.747	0.599	0.5987	0.5814
6.746	0.599	0.5987	0.5814
6.745	0.599	0.5986	0.5814
6.744	0.5989	0.5986	0.5813
6.743	0.5989	0.5986	0.5813
6.742	0.5989	0.5986	0.5813
6.741	0.5989	0.5986	0.5813
6.740	0.5988	0.5985	0.5813
6.739	0.5988	0.5985	0.5813
6.738	0.5988	0.5985	0.5813
6.737	0.5988	0.5985	0.5813
6.736	0.5987	0.5985	0.5813
6.735	0.5987	0.5984	0.5812
6.734	0.5987	0.5984	0.5812
6.733	0.5987	0.5984	0.5812
6.732	0.5987	0.5983	0.5812
6.731	0.5986	0.5983	0.5812
6.730	0.5986	0.5983	0.5812
6.729	0.5986	0.5983	0.5812
6.728	0.5986	0.5983	0.5812
6.727	0.5986	0.5983	0.5812
6.726	0.5985	0.5983	0.5811
6.725	0.5985	0.5982	0.5811
6.724	0.5985	0.5982	0.5811
6.723	0.5985	0.5982	0.5811
6.722	0.5984	0.5982	0.5811
6.721	0.5984	0.5982	0.5811
6.720	0.5984	0.5981	0.5811
6.719	0.5984	0.5981	0.581
6.718	0.5984	0.5981	0.581
6.717	0.5983	0.598	0.581
6.716	0.5983	0.598	0.581
6.715	0.5983	0.598	0.581
6.714	0.5983	0.598	0.581
6.713	0.5982	0.5979	0.581
6.712	0.5982	0.5979	0.581
6.711	0.5982	0.5979	0.581
6.710	0.5981	0.5979	0.581
6.709	0.5981	0.5978	0.5809
6.708	0.5981	0.5978	0.5809
6.707	0.5981	0.5978	0.5809
6.706	0.5981	0.5978	0.5809
6.705	0.5981	0.5978	0.5809
6.704	0.598	0.5978	0.5809
6.703	0.598	0.5977	0.5809
6.702	0.598	0.5977	0.5808
6.701	0.5979	0.5977	0.5808
6.700	0.5979	0.5977	0.5808
6.699	0.5979	0.5977	0.5808
6.698	0.5979	0.5976	0.5808
6.697	0.5979	0.5976	0.5808
6.696	0.5978	0.5976	0.5808
6.695	0.5978	0.5976	0.5808
6.694	0.5978	0.5976	0.5808
6.693	0.5978	0.5975	0.5808
6.692	0.5978	0.5975	0.5808
6.691	0.5977	0.5975	0.5807
6.690	0.5977	0.5975	0.5807
6.689	0.5977	0.5975	0.5807
6.688	0.5977	0.5974	0.5807
6.687	0.5977	0.5974	0.5807
6.686	0.5976	0.5974	0.5807
6.685	0.5976	0.5974	0.5807
6.684	0.5976	0.5973	0.5807
6.683	0.5976	0.5973	0.5807
6.682	0.5976	0.5973	0.5806
6.681	0.5975	0.5973	0.5806
6.680	0.5975	0.5972	0.5806
6.679	0.5975	0.5972	0.5806
6.678	0.5975	0.5972	0.5806
6.677	0.5975	0.5972	0.5806
6.676	0.5974	0.5972	0.5806
6.675	0.5974	0.5972	0.5805
6.674	0.5974	0.5971	0.5805
6.673	0.5974	0.5971	0.5805
6.672	0.5974	0.5971	0.5805
6.671	0.5973	0.5971	0.5805
6.670	0.5973	0.5971	0.5805
6.669	0.5973	0.597	0.5805
6.668	0.5973	0.597	0.5805
6.667	0.5973	0.597	0.5805
6.666	0.5972	0.597	0.5804
6.665	0.5972	0.5969	0.5804
6.664	0.5972	0.5969	0.5804
6.663	0.5972	0.5969	0.5804
6.662	0.5971	0.5969	0.5804
6.661	0.5971	0.5969	0.5804
6.660	0.5971	0.5968	0.5803
6.659	0.5971	0.5968	0.5803
6.658	0.5971	0.5968	0.5803
6.657	0.597	0.5968	0.5803
6.656	0.597	0.5968	0.5803
6.655	0.597	0.5967	0.5803
6.654	0.597	0.5967	0.5803
6.653	0.597	0.5967	0.5803
6.652	0.5969	0.5967	0.5802
6.651	0.5969	0.5967	0.5802
6.650	0.5969	0.5966	0.5802
6.649	0.5969	0.5966	0.5802
6.648	0.5968	0.5966	0.5802
6.647	0.5968	0.5966	0.5802
6.646	0.5968	0.5965	0.5802
6.645	0.5968	0.5965	0.5801
6.644	0.5968	0.5965	0.5801
6.643	0.5968	0.5965	0.5801
6.642	0.5967	0.5964	0.5801
6.641	0.5967	0.5964	0.5801
6.640	0.5967	0.5964	0.5801
6.639	0.5966	0.5964	0.58
6.638	0.5966	0.5963	0.58
6.637	0.5966	0.5963	0.58
6.636	0.5965	0.5963	0.58
6.635	0.5965	0.5963	0.58
6.634	0.5965	0.5962	0.58
6.633	0.5965	0.5962	0.58
6.632	0.5964	0.5962	0.58
6.631	0.5964	0.5961	0.58
6.630	0.5964	0.5961	0.5799
6.629	0.5964	0.5961	0.5799
6.628	0.5964	0.5961	0.5799
6.627	0.5964	0.5961	0.5799
6.626	0.5963	0.596	0.5799
6.625	0.5963	0.596	0.5799
6.624	0.5963	0.596	0.5799
6.623	0.5963	0.596	0.5799
6.622	0.5963	0.596	0.5798
6.621	0.5962	0.5959	0.5798
6.620	0.5962	0.5959	0.5798
6.619	0.5962	0.5959	0.5798
6.618	0.5961	0.5959	0.5798
6.617	0.5961	0.5959	0.5798
6.616	0.5961	0.5958	0.5798
6.615	0.5961	0.5958	0.5798
6.614	0.596	0.5958	0.5798
6.613	0.596	0.5958	0.5798
6.612	0.596	0.5957	0.5797
6.611	0.596	0.5957	0.5797
6.610	0.5959	0.5957	0.5797
6.609	0.5959	0.5957	0.5797
6.608	0.5959	0.5956	0.5797
6.607	0.5959	0.5956	0.5797
6.606	0.5959	0.5956	0.5797
6.605	0.5958	0.5956	0.5797
6.604	0.5958	0.5955	0.5797
6.603	0.5958	0.5955	0.5797
6.602	0.5957	0.5955	0.5796
6.601	0.5957	0.5955	0.5796
6.600	0.5957	0.5955	0.5796
6.599	0.5957	0.5955	0.5796
6.598	0.5956	0.5954	0.5796
6.597	0.5956	0.5954	0.5796
6.596	0.5956	0.5954	0.5796
6.595	0.5956	0.5954	0.5796
6.594	0.5955	0.5954	0.5795
6.593	0.5955	0.5953	0.5795
6.592	0.5955	0.5953	0.5795
6.591	0.5955	0.5953	0.5795
6.590	0.5955	0.5953	0.5795
6.589	0.5955	0.5952	0.5795
6.588	0.5954	0.5952	0.5795
6.587	0.5954	0.5952	0.5795
6.586	0.5954	0.5952	0.5795
6.585	0.5954	0.5951	0.5795
6.584	0.5954	0.5951	0.5795
6.583	0.5953	0.5951	0.5794
6.582	0.5953	0.5951	0.5794
6.581	0.5953	0.5951	0.5794
6.580	0.5953	0.595	0.5794
6.579	0.5952	0.595	0.5794
6.578	0.5952	0.595	0.5794
6.577	0.5952	0.595	0.5794
6.576	0.5952	0.5949	0.5794
6.575	0.5952	0.5949	0.5793
6.574	0.5951	0.5949	0.5793
6.573	0.5951	0.5949	0.5793
6.572	0.5951	0.5949	0.5793
6.571	0.5951	0.5948	0.5793
6.570	0.5951	0.5948	0.5793
6.569	0.595	0.5948	0.5793
6.568	0.595	0.5948	0.5793
6.567	0.595	0.5948	0.5792
6.566	0.595	0.5947	0.5792
6.565	0.595	0.5947	0.5792
6.564	0.595	0.5947	0.5792
6.563	0.5949	0.5947	0.5792
6.562	0.5949	0.5947	0.5792
6.561	0.5949	0.5946	0.5792
6.560	0.5949	0.5946	0.5791
6.559	0.5949	0.5946	0.5791
6.558	0.5948	0.5945	0.5791
6.557	0.5948	0.5945	0.5791
6.556	0.5948	0.5945	0.5791
6.555	0.5948	0.5945	0.5791
6.554	0.5947	0.5945	0.5791
6.553	0.5947	0.5944	0.5791
6.552	0.5947	0.5944	0.579
6.551	0.5947	0.5944	0.579
6.550	0.5946	0.5944	0.579
6.549	0.5946	0.5944	0.579
6.548	0.5946	0.5944	0.579
6.547	0.5946	0.5943	0.579
6.546	0.5946	0.5943	0.579
6.545	0.5945	0.5943	0.579
6.544	0.5945	0.5942	0.5789
6.543	0.5945	0.5942	0.5789
6.542	0.5944	0.5942	0.5789
6.541	0.5944	0.5942	0.5789
6.540	0.5944	0.5942	0.5789
6.539	0.5944	0.5941	0.5789
6.538	0.5944	0.5941	0.5789
6.537	0.5943	0.5941	0.5789
6.536	0.5943	0.5941	0.5788
6.535	0.5943	0.5941	0.5788
6.534	0.5943	0.594	0.5788
6.533	0.5943	0.594	0.5788
6.532	0.5942	0.594	0.5788
6.531	0.5942	0.594	0.5788
6.530	0.5942	0.5939	0.5788
6.529	0.5942	0.5939	0.5788
6.528	0.5942	0.5939	0.5787
6.527	0.5941	0.5939	0.5787
6.526	0.5941	0.5938	0.5787
6.525	0.5941	0.5938	0.5787
6.524	0.5941	0.5938	0.5787
6.523	0.594	0.5937	0.5787
6.522	0.594	0.5937	0.5787
6.521	0.594	0.5937	0.5787
6.520	0.5939	0.5937	0.5787
6.519	0.5939	0.5936	0.5787
6.518	0.5939	0.5936	0.5786
6.517	0.5938	0.5936	0.5786
6.516	0.5938	0.5936	0.5786
6.515	0.5938	0.5936	0.5786
6.514	0.5937	0.5936	0.5786
6.513	0.5937	0.5935	0.5786
6.512	0.5937	0.5935	0.5786
6.511	0.5937	0.5935	0.5786
6.510	0.5937	0.5934	0.5785
6.509	0.5936	0.5934	0.5785
6.508	0.5936	0.5934	0.5785
6.507	0.5936	0.5934	0.5785
6.506	0.5936	0.5934	0.5785
6.505	0.5935	0.5934	0.5785
6.504	0.5935	0.5933	0.5784
6.503	0.5935	0.5933	0.5784
6.502	0.5935	0.5933	0.5784
6.501	0.5935	0.5933	0.5784
6.500	0.5934	0.5933	0.5784
6.499	0.5934	0.5932	0.5784
6.498	0.5934	0.5932	0.5784
6.497	0.5934	0.5932	0.5784
6.496	0.5934	0.5932	0.5784
6.495	0.5933	0.5932	0.5783
6.494	0.5933	0.5932	0.5783
6.493	0.5933	0.5932	0.5783
6.492	0.5933	0.5932	0.5783
6.491	0.5933	0.5931	0.5783
6.490	0.5933	0.5931	0.5783
6.489	0.5932	0.5931	0.5783
6.488	0.5932	0.5931	0.5782
6.487	0.5932	0.5931	0.5782
6.486	0.5932	0.593	0.5782
6.485	0.5931	0.593	0.5782
6.484	0.5931	0.593	0.5782
6.483	0.5931	0.593	0.5782
6.482	0.5931	0.593	0.5782
6.481	0.5931	0.593	0.5782
6.480	0.593	0.593	0.5782
6.479	0.593	0.5929	0.5781
6.478	0.593	0.5929	0.5781
6.477	0.593	0.5929	0.5781
6.476	0.593	0.5929	0.5781
6.475	0.593	0.5928	0.5781
6.474	0.593	0.5928	0.5781
6.473	0.593	0.5928	0.5781
6.472	0.593	0.5927	0.5781
6.471	0.5929	0.5927	0.578
6.470	0.5929	0.5927	0.578
6.469	0.5929	0.5927	0.578
6.468	0.5929	0.5926	0.578
6.467	0.5929	0.5926	0.578
6.466	0.5928	0.5926	0.578
6.465	0.5928	0.5926	0.578
6.464	0.5928	0.5926	0.5779
6.463	0.5928	0.5925	0.5779
6.462	0.5927	0.5925	0.5779
6.461	0.5927	0.5925	0.5779
6.460	0.5927	0.5925	0.5779
6.459	0.5926	0.5925	0.5779
6.458	0.5926	0.5925	0.5779
6.457	0.5926	0.5924	0.5779
6.456	0.5926	0.5924	0.5779
6.455	0.5926	0.5924	0.5778
6.454	0.5926	0.5924	0.5778
6.453	0.5925	0.5924	0.5778
6.452	0.5925	0.5923	0.5778
6.451	0.5925	0.5923	0.5778
6.450	0.5925	0.5923	0.5778
6.449	0.5925	0.5923	0.5778
6.448	0.5924	0.5923	0.5778
6.447	0.5924	0.5922	0.5777
6.446	0.5924	0.5922	0.5777
6.445	0.5924	0.5922	0.5777
6.444	0.5924	0.5922	0.5777
6.443	0.5924	0.5922	0.5777
6.442	0.5923	0.5921	0.5777
6.441	0.5923	0.5921	0.5777
6.440	0.5923	0.5921	0.5776
6.439	0.5923	0.5921	0.5776
6.438	0.5923	0.5921	0.5776
6.437	0.5922	0.592	0.5776
6.436	0.5922	0.592	0.5776
6.435	0.5922	0.592	0.5776
6.434	0.5922	0.592	0.5776
6.433	0.5921	0.592	0.5776
6.432	0.5921	0.5919	0.5776
6.431	0.5921	0.5919	0.5775
6.430	0.5921	0.5919	0.5775
6.429	0.5921	0.5919	0.5775
6.428	0.5921	0.5918	0.5775
6.427	0.592	0.5918	0.5775
6.426	0.592	0.5918	0.5775
6.425	0.592	0.5918	0.5775
6.424	0.592	0.5917	0.5775
6.423	0.592	0.5917	0.5775
6.422	0.5919	0.5917	0.5774
6.421	0.5919	0.5917	0.5774
6.420	0.5919	0.5917	0.5774
6.419	0.5919	0.5916	0.5774
6.418	0.5919	0.5916	0.5774
6.417	0.5918	0.5916	0.5774
6.416	0.5918	0.5916	0.5773
6.415	0.5918	0.5916	0.5773
6.414	0.5918	0.5915	0.5773
6.413	0.5917	0.5915	0.5773
6.412	0.5917	0.5915	0.5773
6.411	0.5917	0.5915	0.5773
6.410	0.5917	0.5915	0.5773
6.409	0.5917	0.5914	0.5772
6.408	0.5916	0.5914	0.5772
6.407	0.5916	0.5914	0.5772
6.406	0.5916	0.5914	0.5772
6.405	0.5916	0.5913	0.5772
6.404	0.5915	0.5913	0.5772
6.403	0.5915	0.5913	0.5772
6.402	0.5914	0.5913	0.5772
6.401	0.5914	0.5913	0.5771
6.400	0.5914	0.5912	0.5771
6.399	0.5913	0.5912	0.5771
6.398	0.5913	0.5912	0.5771
6.397	0.5913	0.5912	0.5771
6.396	0.5913	0.5912	0.5771
6.395	0.5912	0.5912	0.5771
6.394	0.5912	0.5912	0.5771
6.393	0.5912	0.5911	0.5771
6.392	0.5912	0.5911	0.5771
6.391	0.5912	0.5911	0.577
6.390	0.5911	0.5911	0.577
6.389	0.5911	0.5911	0.577
6.388	0.5911	0.591	0.577
6.387	0.5911	0.591	0.577
6.386	0.591	0.591	0.577
6.385	0.591	0.591	0.577
6.384	0.591	0.591	0.577
6.383	0.591	0.591	0.577
6.382	0.591	0.5909	0.577
6.381	0.591	0.5909	0.577
6.380	0.5909	0.5909	0.5769
6.379	0.5909	0.5909	0.5769
6.378	0.5909	0.5909	0.5769
6.377	0.5909	0.5908	0.5769
6.376	0.5909	0.5908	0.5769
6.375	0.5909	0.5908	0.5769
6.374	0.5909	0.5908	0.5769
6.373	0.5908	0.5908	0.5769
6.372	0.5908	0.5908	0.5769
6.371	0.5908	0.5907	0.5768
6.370	0.5908	0.5907	0.5768
6.369	0.5908	0.5907	0.5768
6.368	0.5908	0.5907	0.5768
6.367	0.5907	0.5906	0.5768
6.366	0.5907	0.5906	0.5768
6.365	0.5907	0.5906	0.5768
6.364	0.5907	0.5906	0.5768
6.363	0.5907	0.5906	0.5768
6.362	0.5906	0.5905	0.5768
6.361	0.5906	0.5905	0.5768
6.360	0.5906	0.5905	0.5767
6.359	0.5905	0.5905	0.5767
6.358	0.5905	0.5905	0.5767
6.357	0.5905	0.5904	0.5767
6.356	0.5905	0.5904	0.5767
6.355	0.5905	0.5904	0.5767
6.354	0.5904	0.5903	0.5767
6.353	0.5904	0.5903	0.5767
6.352	0.5904	0.5903	0.5767
6.351	0.5904	0.5903	0.5766
6.350	0.5904	0.5903	0.5766
6.349	0.5903	0.5902	0.5766
6.348	0.5903	0.5902	0.5766
6.347	0.5903	0.5902	0.5766
6.346	0.5902	0.5902	0.5766
6.345	0.5902	0.5902	0.5766
6.344	0.5902	0.5901	0.5765
6.343	0.5902	0.5901	0.5765
6.342	0.5901	0.5901	0.5765
6.341	0.5901	0.5901	0.5765
6.340	0.5901	0.59	0.5765
6.339	0.5901	0.59	0.5765
6.338	0.5901	0.59	0.5765
6.337	0.59	0.59	0.5764
6.336	0.59	0.5899	0.5764
6.335	0.59	0.5899	0.5764
6.334	0.59	0.5899	0.5764
6.333	0.5899	0.5899	0.5764
6.332	0.5899	0.5898	0.5764
6.331	0.5899	0.5898	0.5764
6.330	0.5899	0.5898	0.5763
6.329	0.5898	0.5898	0.5763
6.328	0.5898	0.5898	0.5763
6.327	0.5898	0.5897	0.5763
6.326	0.5898	0.5897	0.5763
6.325	0.5897	0.5897	0.5763
6.324	0.5897	0.5897	0.5763
6.323	0.5897	0.5897	0.5762
6.322	0.5897	0.5896	0.5762
6.321	0.5897	0.5896	0.5762
6.320	0.5896	0.5896	0.5762
6.319	0.5896	0.5896	0.5762
6.318	0.5896	0.5896	0.5762
6.317	0.5896	0.5895	0.5762
6.316	0.5896	0.5895	0.5762
6.315	0.5895	0.5895	0.5762
6.314	0.5895	0.5895	0.5761
6.313	0.5895	0.5895	0.5761
6.312	0.5895	0.5895	0.5761
6.311	0.5894	0.5895	0.5761
6.310	0.5894	0.5894	0.5761
6.309	0.5894	0.5894	0.5761
6.308	0.5894	0.5894	0.5761
6.307	0.5894	0.5894	0.5761
6.306	0.5894	0.5893	0.576
6.305	0.5893	0.5893	0.576
6.304	0.5893	0.5893	0.576
6.303	0.5893	0.5893	0.576
6.302	0.5893	0.5892	0.576
6.301	0.5892	0.5892	0.576
6.300	0.5892	0.5892	0.576
6.299	0.5892	0.5892	0.576
6.298	0.5892	0.5891	0.5759
6.297	0.5892	0.5891	0.5759
6.296	0.5891	0.5891	0.5759
6.295	0.5891	0.5891	0.5759
6.294	0.5891	0.589	0.5759
6.293	0.5891	0.589	0.5759
6.292	0.5891	0.589	0.5759
6.291	0.5891	0.589	0.5759
6.290	0.589	0.5889	0.5758
6.289	0.589	0.5889	0.5758
6.288	0.589	0.5889	0.5758
6.287	0.589	0.5889	0.5758
6.286	0.589	0.5889	0.5758
6.285	0.589	0.5889	0.5758
6.284	0.5889	0.5888	0.5758
6.283	0.5889	0.5888	0.5757
6.282	0.5889	0.5888	0.5757
6.281	0.5889	0.5888	0.5757
6.280	0.5889	0.5888	0.5757
6.279	0.5888	0.5888	0.5757
6.278	0.5888	0.5887	0.5757
6.277	0.5888	0.5887	0.5757
6.276	0.5888	0.5887	0.5757
6.275	0.5887	0.5887	0.5757
6.274	0.5887	0.5887	0.5756
6.273	0.5887	0.5886	0.5756
6.272	0.5886	0.5886	0.5756
6.271	0.5886	0.5886	0.5756
6.270	0.5886	0.5886	0.5756
6.269	0.5886	0.5885	0.5756
6.268	0.5885	0.5885	0.5756
6.267	0.5885	0.5885	0.5756
6.266	0.5885	0.5885	0.5755
6.265	0.5885	0.5885	0.5755
6.264	0.5885	0.5884	0.5755
6.263	0.5885	0.5884	0.5755
6.262	0.5884	0.5884	0.5755
6.261	0.5884	0.5884	0.5755
6.260	0.5884	0.5884	0.5755
6.259	0.5884	0.5883	0.5755
6.258	0.5884	0.5883	0.5754
6.257	0.5883	0.5883	0.5754
6.256	0.5883	0.5883	0.5754
6.255	0.5883	0.5882	0.5754
6.254	0.5883	0.5882	0.5754
6.253	0.5882	0.5882	0.5754
6.252	0.5882	0.5882	0.5754
6.251	0.5882	0.5881	0.5754
6.250	0.5882	0.5881	0.5754
6.249	0.5882	0.5881	0.5753
6.248	0.5881	0.5881	0.5753
6.247	0.5881	0.5881	0.5753
6.246	0.5881	0.5881	0.5753
6.245	0.5881	0.588	0.5753
6.244	0.5881	0.588	0.5753
6.243	0.5881	0.588	0.5753
6.242	0.588	0.5879	0.5752
6.241	0.588	0.5879	0.5752
6.240	0.588	0.5879	0.5752
6.239	0.588	0.5879	0.5752
6.238	0.5879	0.5879	0.5752
6.237	0.5879	0.5878	0.5752
6.236	0.5879	0.5878	0.5751
6.235	0.5879	0.5878	0.5751
6.234	0.5878	0.5878	0.5751
6.233	0.5878	0.5877	0.5751
6.232	0.5878	0.5877	0.5751
6.231	0.5877	0.5877	0.5751
6.230	0.5877	0.5877	0.5751
6.229	0.5877	0.5876	0.5751
6.228	0.5877	0.5876	0.5751
6.227	0.5877	0.5876	0.575
6.226	0.5876	0.5876	0.575
6.225	0.5876	0.5875	0.575
6.224	0.5876	0.5875	0.575
6.223	0.5876	0.5875	0.575
6.222	0.5876	0.5875	0.575
6.221	0.5876	0.5875	0.575
6.220	0.5876	0.5874	0.5749
6.219	0.5875	0.5874	0.5749
6.218	0.5875	0.5874	0.5749
6.217	0.5875	0.5873	0.5749
6.216	0.5874	0.5873	0.5749
6.215	0.5874	0.5873	0.5749
6.214	0.5874	0.5873	0.5748
6.213	0.5874	0.5873	0.5748
6.212	0.5874	0.5873	0.5748
6.211	0.5873	0.5872	0.5748
6.210	0.5873	0.5872	0.5748
6.209	0.5873	0.5872	0.5748
6.208	0.5873	0.5872	0.5748
6.207	0.5872	0.5871	0.5748
6.206	0.5872	0.5871	0.5747
6.205	0.5872	0.5871	0.5747
6.204	0.5872	0.5871	0.5747
6.203	0.5872	0.5871	0.5747
6.202	0.5872	0.5871	0.5747
6.201	0.5871	0.5871	0.5747
6.200	0.5871	0.587	0.5747
6.199	0.5871	0.587	0.5747
6.198	0.587	0.587	0.5747
6.197	0.587	0.587	0.5747
6.196	0.587	0.5869	0.5747
6.195	0.587	0.5869	0.5746
6.194	0.5869	0.5869	0.5746
6.193	0.5869	0.5869	0.5746
6.192	0.5869	0.5869	0.5746
6.191	0.5869	0.5868	0.5746
6.190	0.5868	0.5868	0.5746
6.189	0.5868	0.5868	0.5746
6.188	0.5868	0.5868	0.5746
6.187	0.5868	0.5868	0.5746
6.186	0.5868	0.5867	0.5745
6.185	0.5867	0.5867	0.5745
6.184	0.5867	0.5867	0.5745
6.183	0.5867	0.5867	0.5745
6.182	0.5867	0.5867	0.5745
6.181	0.5867	0.5866	0.5745
6.180	0.5866	0.5866	0.5745
6.179	0.5866	0.5866	0.5745
6.178	0.5866	0.5866	0.5744
6.177	0.5866	0.5865	0.5744
6.176	0.5865	0.5865	0.5744
6.175	0.5865	0.5865	0.5744
6.174	0.5865	0.5865	0.5744
6.173	0.5865	0.5865	0.5744
6.172	0.5864	0.5864	0.5744
6.171	0.5864	0.5864	0.5744
6.170	0.5864	0.5864	0.5744
6.169	0.5864	0.5864	0.5743
6.168	0.5863	0.5864	0.5743
6.167	0.5863	0.5863	0.5743
6.166	0.5863	0.5863	0.5743
6.165	0.5863	0.5863	0.5743
6.164	0.5863	0.5863	0.5743
6.163	0.5863	0.5863	0.5743
6.162	0.5863	0.5862	0.5742
6.161	0.5862	0.5862	0.5742
6.160	0.5862	0.5862	0.5742
6.159	0.5862	0.5862	0.5742
6.158	0.5862	0.5862	0.5742
6.157	0.5862	0.5861	0.5742
6.156	0.5861	0.5861	0.5742
6.155	0.5861	0.5861	0.5742
6.154	0.5861	0.586	0.5741
6.153	0.5861	0.586	0.5741
6.152	0.5861	0.586	0.5741
6.151	0.586	0.586	0.5741
6.150	0.586	0.5859	0.5741
6.149	0.586	0.5859	0.5741
6.148	0.586	0.5859	0.5741
6.147	0.586	0.5859	0.5741
6.146	0.5859	0.5859	0.5741
6.145	0.5859	0.5858	0.5741
6.144	0.5859	0.5858	0.574
6.143	0.5859	0.5858	0.574
6.142	0.5858	0.5858	0.574
6.141	0.5858	0.5858	0.574
6.140	0.5858	0.5857	0.574
6.139	0.5858	0.5857	0.574
6.138	0.5858	0.5857	0.574
6.137	0.5857	0.5857	0.574
6.136	0.5857	0.5856	0.5739
6.135	0.5857	0.5856	0.5739
6.134	0.5857	0.5856	0.5739
6.133	0.5857	0.5856	0.5739
6.132	0.5856	0.5856	0.5739
6.131	0.5856	0.5856	0.5739
6.130	0.5856	0.5855	0.5739
6.129	0.5856	0.5855	0.5739
6.128	0.5855	0.5855	0.5738
6.127	0.5855	0.5855	0.5738
6.126	0.5855	0.5854	0.5738
6.125	0.5855	0.5854	0.5738
6.124	0.5855	0.5854	0.5738
6.123	0.5854	0.5854	0.5738
6.122	0.5854	0.5854	0.5738
6.121	0.5854	0.5853	0.5738
6.120	0.5853	0.5853	0.5737
6.119	0.5853	0.5853	0.5737
6.118	0.5853	0.5853	0.5737
6.117	0.5853	0.5852	0.5737
6.116	0.5853	0.5852	0.5737
6.115	0.5852	0.5852	0.5737
6.114	0.5852	0.5852	0.5737
6.113	0.5852	0.5851	0.5737
6.112	0.5852	0.5851	0.5737
6.111	0.5852	0.5851	0.5736
6.110	0.5851	0.5851	0.5736
6.109	0.5851	0.585	0.5736
6.108	0.5851	0.585	0.5736
6.107	0.5851	0.585	0.5736
6.106	0.5851	0.585	0.5736
6.105	0.585	0.585	0.5736
6.104	0.585	0.585	0.5736
6.103	0.585	0.585	0.5736
6.102	0.585	0.5849	0.5735
6.101	0.585	0.5849	0.5735
6.100	0.585	0.5848	0.5735
6.099	0.5849	0.5848	0.5735
6.098	0.5849	0.5848	0.5735
6.097	0.5848	0.5848	0.5735
6.096	0.5848	0.5848	0.5735
6.095	0.5848	0.5847	0.5735
6.094	0.5848	0.5847	0.5734
6.093	0.5848	0.5847	0.5734
6.092	0.5847	0.5847	0.5734
6.091	0.5847	0.5847	0.5734
6.090	0.5847	0.5846	0.5734
6.089	0.5847	0.5846	0.5734
6.088	0.5847	0.5846	0.5734
6.087	0.5847	0.5846	0.5733
6.086	0.5847	0.5845	0.5733
6.085	0.5846	0.5845	0.5733
6.084	0.5846	0.5845	0.5733
6.083	0.5846	0.5845	0.5733
6.082	0.5846	0.5844	0.5733
6.081	0.5846	0.5844	0.5733
6.080	0.5846	0.5844	0.5732
6.079	0.5845	0.5844	0.5732
6.078	0.5845	0.5844	0.5732
6.077	0.5845	0.5844	0.5732
6.076	0.5845	0.5844	0.5732
6.075	0.5845	0.5843	0.5732
6.074	0.5844	0.5843	0.5732
6.073	0.5844	0.5843	0.5731
6.072	0.5844	0.5843	0.5731
6.071	0.5844	0.5843	0.5731
6.070	0.5843	0.5842	0.5731
6.069	0.5843	0.5842	0.5731
6.068	0.5843	0.5842	0.5731
6.067	0.5843	0.5841	0.5731
6.066	0.5843	0.5841	0.573
6.065	0.5842	0.5841	0.573
6.064	0.5842	0.5841	0.573
6.063	0.5842	0.5841	0.573
6.062	0.5842	0.5841	0.573
6.061	0.5841	0.5841	0.573
6.060	0.5841	0.584	0.5729
6.059	0.5841	0.584	0.5729
6.058	0.5841	0.584	0.5729
6.057	0.584	0.584	0.5729
6.056	0.584	0.5839	0.5729
6.055	0.584	0.5839	0.5729
6.054	0.584	0.5839	0.5729
6.053	0.5839	0.5839	0.5729
6.052	0.5839	0.5839	0.5729
6.051	0.5839	0.5838	0.5728
6.050	0.5839	0.5838	0.5728
6.049	0.5839	0.5838	0.5728
6.048	0.5838	0.5838	0.5728
6.047	0.5838	0.5838	0.5728
6.046	0.5838	0.5837	0.5728
6.045	0.5838	0.5837	0.5728
6.044	0.5838	0.5837	0.5727
6.043	0.5837	0.5836	0.5727
6.042	0.5837	0.5836	0.5727
6.041	0.5837	0.5836	0.5727
6.040	0.5836	0.5836	0.5727
6.039	0.5836	0.5836	0.5727
6.038	0.5836	0.5835	0.5727
6.037	0.5835	0.5835	0.5726
6.036	0.5835	0.5835	0.5726
6.035	0.5835	0.5835	0.5726
6.034	0.5835	0.5835	0.5726
6.033	0.5835	0.5835	0.5726
6.032	0.5835	0.5834	0.5726
6.031	0.5835	0.5834	0.5726
6.030	0.5834	0.5834	0.5725
6.029	0.5834	0.5833	0.5725
6.028	0.5834	0.5833	0.5725
6.027	0.5834	0.5833	0.5725
6.026	0.5834	0.5833	0.5725
6.025	0.5833	0.5833	0.5725
6.024	0.5833	0.5832	0.5725
6.023	0.5833	0.5832	0.5724
6.022	0.5833	0.5832	0.5724
6.021	0.5833	0.5832	0.5724
6.020	0.5832	0.5832	0.5724
6.019	0.5832	0.5831	0.5724
6.018	0.5832	0.5831	0.5724
6.017	0.5832	0.5831	0.5724
6.016	0.5831	0.5831	0.5724
6.015	0.5831	0.5831	0.5724
6.014	0.5831	0.5831	0.5723
6.013	0.5831	0.5831	0.5723
6.012	0.583	0.583	0.5723
6.011	0.583	0.583	0.5723
6.010	0.583	0.583	0.5723
6.009	0.5829	0.583	0.5723
6.008	0.5829	0.583	0.5723
6.007	0.5829	0.583	0.5723
6.006	0.5829	0.5829	0.5722
6.005	0.5829	0.5829	0.5722
6.004	0.5829	0.5829	0.5722
6.003	0.5828	0.5829	0.5722
6.002	0.5828	0.5829	0.5722
6.001	0.5828	0.5829	0.5722
6.000	0.5828	0.5828	0.5722
5.999	0.5828	0.5828	0.5722
5.998	0.5827	0.5828	0.5722
5.997	0.5827	0.5827	0.5721
5.996	0.5827	0.5827	0.5721
5.995	0.5826	0.5827	0.5721
5.994	0.5826	0.5827	0.5721
5.993	0.5826	0.5826	0.5721
5.992	0.5826	0.5826	0.5721
5.991	0.5825	0.5826	0.5721
5.990	0.5825	0.5826	0.572
5.989	0.5825	0.5825	0.572
5.988	0.5825	0.5825	0.572
5.987	0.5825	0.5825	0.572
5.986	0.5824	0.5824	0.572
5.985	0.5824	0.5824	0.572
5.984	0.5824	0.5824	0.572
5.983	0.5824	0.5824	0.572
5.982	0.5824	0.5824	0.572
5.981	0.5823	0.5824	0.5719
5.980	0.5823	0.5823	0.5719
5.979	0.5823	0.5823	0.5719
5.978	0.5823	0.5823	0.5719
5.977	0.5822	0.5823	0.5719
5.976	0.5822	0.5823	0.5719
5.975	0.5822	0.5823	0.5719
5.974	0.5822	0.5822	0.5719
5.973	0.5822	0.5822	0.5718
5.972	0.5821	0.5822	0.5718
5.971	0.5821	0.5822	0.5718
5.970	0.5821	0.5822	0.5718
5.969	0.5821	0.5821	0.5718
5.968	0.5821	0.5821	0.5718
5.967	0.582	0.5821	0.5718
5.966	0.582	0.5821	0.5718
5.965	0.582	0.582	0.5718
5.964	0.582	0.582	0.5717
5.963	0.582	0.582	0.5717
5.962	0.582	0.582	0.5717
5.961	0.5819	0.582	0.5717
5.960	0.5819	0.582	0.5717
5.959	0.5819	0.5819	0.5717
5.958	0.5819	0.5819	0.5717
5.957	0.5818	0.5819	0.5717
5.956	0.5818	0.5819	0.5717
5.955	0.5818	0.5819	0.5717
5.954	0.5818	0.5819	0.5716
5.953	0.5818	0.5818	0.5716
5.952	0.5818	0.5818	0.5716
5.951	0.5817	0.5818	0.5716
5.950	0.5817	0.5818	0.5716
5.949	0.5817	0.5818	0.5716
5.948	0.5817	0.5817	0.5716
5.947	0.5816	0.5817	0.5715
5.946	0.5816	0.5817	0.5715
5.945	0.5816	0.5817	0.5715
5.944	0.5816	0.5817	0.5715
5.943	0.5816	0.5817	0.5715
5.942	0.5815	0.5817	0.5715
5.941	0.5815	0.5816	0.5715
5.940	0.5815	0.5816	0.5715
5.939	0.5815	0.5816	0.5715
5.938	0.5814	0.5816	0.5715
5.937	0.5814	0.5816	0.5714
5.936	0.5814	0.5815	0.5714
5.935	0.5814	0.5815	0.5714
5.934	0.5813	0.5815	0.5714
5.933	0.5813	0.5815	0.5714
5.932	0.5813	0.5815	0.5714
5.931	0.5813	0.5814	0.5714
5.930	0.5813	0.5814	0.5714
5.929	0.5812	0.5814	0.5713
5.928	0.5812	0.5814	0.5713
5.927	0.5812	0.5814	0.5713
5.926	0.5812	0.5813	0.5713
5.925	0.5812	0.5813	0.5713
5.924	0.5811	0.5813	0.5712
5.923	0.5811	0.5813	0.5712
5.922	0.5811	0.5813	0.5712
5.921	0.5811	0.5812	0.5712
5.920	0.5811	0.5812	0.5712
5.919	0.581	0.5812	0.5712
5.918	0.581	0.5812	0.5711
5.917	0.581	0.5812	0.5711
5.916	0.581	0.5811	0.5711
5.915	0.581	0.5811	0.5711
5.914	0.5809	0.5811	0.5711
5.913	0.5809	0.5811	0.5711
5.912	0.5809	0.5811	0.5711
5.911	0.5809	0.581	0.5711
5.910	0.5808	0.581	0.571
5.909	0.5808	0.581	0.571
5.908	0.5808	0.581	0.571
5.907	0.5808	0.581	0.571
5.906	0.5808	0.581	0.571
5.905	0.5807	0.5809	0.5709
5.904	0.5807	0.5809	0.5709
5.903	0.5807	0.5809	0.5709
5.902	0.5806	0.5809	0.5709
5.901	0.5806	0.5809	0.5709
5.900	0.5806	0.5809	0.5709
5.899	0.5806	0.5808	0.5709
5.898	0.5805	0.5808	0.5708
5.897	0.5805	0.5808	0.5708
5.896	0.5805	0.5808	0.5708
5.895	0.5805	0.5808	0.5708
5.894	0.5805	0.5808	0.5708
5.893	0.5804	0.5807	0.5708
5.892	0.5804	0.5807	0.5708
5.891	0.5804	0.5807	0.5708
5.890	0.5804	0.5807	0.5707
5.889	0.5804	0.5806	0.5707
5.888	0.5803	0.5806	0.5707
5.887	0.5803	0.5806	0.5707
5.886	0.5803	0.5806	0.5707
5.885	0.5803	0.5805	0.5707
5.884	0.5802	0.5805	0.5707
5.883	0.5802	0.5805	0.5707
5.882	0.5802	0.5805	0.5707
5.881	0.5801	0.5805	0.5707
5.880	0.5801	0.5804	0.5706
5.879	0.5801	0.5804	0.5706
5.878	0.5801	0.5804	0.5706
5.877	0.5801	0.5804	0.5706
5.876	0.58	0.5804	0.5706
5.875	0.58	0.5803	0.5706
5.874	0.58	0.5803	0.5706
5.873	0.58	0.5803	0.5705
5.872	0.5799	0.5802	0.5705
5.871	0.5799	0.5802	0.5705
5.870	0.5799	0.5802	0.5705
5.869	0.5799	0.5802	0.5705
5.868	0.5798	0.5802	0.5705
5.867	0.5798	0.5801	0.5705
5.866	0.5798	0.5801	0.5704
5.865	0.5798	0.5801	0.5704
5.864	0.5798	0.58	0.5704
5.863	0.5797	0.58	0.5704
5.862	0.5797	0.58	0.5704
5.861	0.5797	0.58	0.5704
5.860	0.5797	0.58	0.5704
5.859	0.5797	0.58	0.5703
5.858	0.5796	0.5799	0.5703
5.857	0.5796	0.5799	0.5703
5.856	0.5796	0.5799	0.5703
5.855	0.5796	0.5799	0.5703
5.854	0.5796	0.5798	0.5703
5.853	0.5795	0.5798	0.5703
5.852	0.5795	0.5798	0.5703
5.851	0.5795	0.5798	0.5702
5.850	0.5795	0.5798	0.5702
5.849	0.5795	0.5797	0.5702
5.848	0.5794	0.5797	0.5702
5.847	0.5794	0.5797	0.5702
5.846	0.5794	0.5797	0.5702
5.845	0.5794	0.5797	0.5702
5.844	0.5794	0.5796	0.5702
5.843	0.5793	0.5796	0.5701
5.842	0.5793	0.5796	0.5701
5.841	0.5793	0.5796	0.5701
5.840	0.5793	0.5795	0.5701
5.839	0.5793	0.5795	0.5701
5.838	0.5792	0.5795	0.5701
5.837	0.5792	0.5795	0.5701
5.836	0.5792	0.5795	0.5701
5.835	0.5792	0.5794	0.5701
5.834	0.5792	0.5794	0.5701
5.833	0.5792	0.5794	0.57
5.832	0.5791	0.5794	0.57
5.831	0.5791	0.5794	0.57
5.830	0.5791	0.5793	0.57
5.829	0.5791	0.5793	0.57
5.828	0.5791	0.5793	0.57
5.827	0.5791	0.5793	0.57
5.826	0.579	0.5793	0.57
5.825	0.579	0.5792	0.57
5.824	0.579	0.5792	0.5699
5.823	0.579	0.5792	0.5699
5.822	0.579	0.5792	0.5699
5.821	0.5789	0.5792	0.5699
5.820	0.5789	0.5792	0.5699
5.819	0.5789	0.5791	0.5699
5.818	0.5789	0.5791	0.5699
5.817	0.5789	0.5791	0.5699
5.816	0.5789	0.5791	0.5698
5.815	0.5788	0.5791	0.5698
5.814	0.5788	0.5791	0.5698
5.813	0.5788	0.579	0.5698
5.812	0.5788	0.579	0.5698
5.811	0.5788	0.579	0.5698
5.810	0.5787	0.579	0.5698
5.809	0.5787	0.579	0.5698
5.808	0.5787	0.5789	0.5697
5.807	0.5787	0.5789	0.5697
5.806	0.5787	0.5789	0.5697
5.805	0.5786	0.5789	0.5697
5.804	0.5786	0.5789	0.5697
5.803	0.5786	0.5788	0.5697
5.802	0.5786	0.5788	0.5697
5.801	0.5786	0.5788	0.5697
5.800	0.5785	0.5788	0.5697
5.799	0.5785	0.5788	0.5697
5.798	0.5785	0.5787	0.5696
5.797	0.5785	0.5787	0.5696
5.796	0.5785	0.5787	0.5696
5.795	0.5785	0.5787	0.5696
5.794	0.5784	0.5786	0.5696
5.793	0.5784	0.5786	0.5696
5.792	0.5784	0.5786	0.5696
5.791	0.5784	0.5786	0.5696
5.790	0.5783	0.5786	0.5695
5.789	0.5783	0.5786	0.5695
5.788	0.5783	0.5785	0.5695
5.787	0.5783	0.5785	0.5695
5.786	0.5782	0.5785	0.5695
5.785	0.5782	0.5785	0.5695
5.784	0.5782	0.5785	0.5694
5.783	0.5782	0.5785	0.5694
5.782	0.5781	0.5784	0.5694
5.781	0.5781	0.5784	0.5694
5.780	0.5781	0.5784	0.5694
5.779	0.5781	0.5784	0.5694
5.778	0.5781	0.5784	0.5694
5.777	0.5781	0.5783	0.5693
5.776	0.578	0.5783	0.5693
5.775	0.578	0.5783	0.5693
5.774	0.578	0.5783	0.5693
5.773	0.578	0.5782	0.5693
5.772	0.578	0.5782	0.5693
5.771	0.5779	0.5782	0.5693
5.770	0.5779	0.5782	0.5693
5.769	0.5779	0.5782	0.5693
5.768	0.5779	0.5781	0.5692
5.767	0.5778	0.5781	0.5692
5.766	0.5778	0.5781	0.5692
5.765	0.5778	0.5781	0.5692
5.764	0.5778	0.578	0.5692
5.763	0.5778	0.578	0.5692
5.762	0.5777	0.578	0.5692
5.761	0.5777	0.578	0.5692
5.760	0.5777	0.578	0.5691
5.759	0.5777	0.578	0.5691
5.758	0.5777	0.5779	0.5691
5.757	0.5777	0.5779	0.5691
5.756	0.5777	0.5779	0.5691
5.755	0.5776	0.5779	0.5691
5.754	0.5776	0.5779	0.5691
5.753	0.5776	0.5778	0.5691
5.752	0.5776	0.5778	0.569
5.751	0.5776	0.5778	0.569
5.750	0.5775	0.5778	0.569
5.749	0.5775	0.5778	0.569
5.748	0.5775	0.5777	0.569
5.747	0.5775	0.5777	0.569
5.746	0.5775	0.5777	0.569
5.745	0.5774	0.5777	0.569
5.744	0.5774	0.5776	0.5689
5.743	0.5774	0.5776	0.5689
5.742	0.5774	0.5776	0.5689
5.741	0.5773	0.5776	0.5689
5.740	0.5773	0.5776	0.5689
5.739	0.5773	0.5776	0.5689
5.738	0.5773	0.5775	0.5689
5.737	0.5773	0.5775	0.5688
5.736	0.5772	0.5775	0.5688
5.735	0.5772	0.5775	0.5688
5.734	0.5772	0.5775	0.5688
5.733	0.5772	0.5774	0.5688
5.732	0.5772	0.5774	0.5688
5.731	0.5771	0.5774	0.5688
5.730	0.5771	0.5774	0.5687
5.729	0.5771	0.5774	0.5687
5.728	0.5771	0.5773	0.5687
5.727	0.5771	0.5773	0.5687
5.726	0.577	0.5773	0.5687
5.725	0.577	0.5773	0.5687
5.724	0.577	0.5772	0.5687
5.723	0.577	0.5772	0.5687
5.722	0.5769	0.5772	0.5686
5.721	0.5769	0.5772	0.5686
5.720	0.5769	0.5772	0.5686
5.719	0.5769	0.5771	0.5686
5.718	0.5769	0.5771	0.5686
5.717	0.5768	0.5771	0.5686
5.716	0.5768	0.5771	0.5686
5.715	0.5768	0.5771	0.5686
5.714	0.5768	0.577	0.5686
5.713	0.5768	0.577	0.5685
5.712	0.5768	0.577	0.5685
5.711	0.5767	0.577	0.5685
5.710	0.5767	0.577	0.5685
5.709	0.5767	0.5769	0.5685
5.708	0.5767	0.5769	0.5685
5.707	0.5766	0.5769	0.5684
5.706	0.5766	0.5769	0.5684
5.705	0.5766	0.5769	0.5684
5.704	0.5766	0.5768	0.5684
5.703	0.5765	0.5768	0.5684
5.702	0.5765	0.5768	0.5684
5.701	0.5765	0.5768	0.5684
5.700	0.5765	0.5767	0.5683
5.699	0.5765	0.5767	0.5683
5.698	0.5764	0.5767	0.5683
5.697	0.5764	0.5767	0.5683
5.696	0.5764	0.5766	0.5683
5.695	0.5764	0.5766	0.5683
5.694	0.5763	0.5766	0.5683
5.693	0.5763	0.5766	0.5683
5.692	0.5763	0.5765	0.5682
5.691	0.5763	0.5765	0.5682
5.690	0.5762	0.5765	0.5682
5.689	0.5762	0.5765	0.5682
5.688	0.5762	0.5764	0.5682
5.687	0.5762	0.5764	0.5682
5.686	0.5762	0.5764	0.5682
5.685	0.5761	0.5764	0.5682
5.684	0.5761	0.5764	0.5681
5.683	0.5761	0.5764	0.5681
5.682	0.5761	0.5763	0.5681
5.681	0.5761	0.5763	0.5681
5.680	0.576	0.5763	0.5681
5.679	0.576	0.5763	0.5681
5.678	0.576	0.5762	0.5681
5.677	0.576	0.5762	0.5681
5.676	0.576	0.5762	0.568
5.675	0.5759	0.5762	0.568
5.674	0.5759	0.5761	0.568
5.673	0.5759	0.5761	0.568
5.672	0.5759	0.5761	0.568
5.671	0.5759	0.5761	0.568
5.670	0.5758	0.5761	0.5679
5.669	0.5758	0.5761	0.5679
5.668	0.5758	0.576	0.5679
5.667	0.5758	0.576	0.5679
5.666	0.5758	0.576	0.5679
5.665	0.5758	0.576	0.5679
5.664	0.5757	0.576	0.5679
5.663	0.5757	0.576	0.5679
5.662	0.5757	0.5759	0.5679
5.661	0.5757	0.5759	0.5678
5.660	0.5757	0.5759	0.5678
5.659	0.5756	0.5759	0.5678
5.658	0.5756	0.5758	0.5678
5.657	0.5756	0.5758	0.5678
5.656	0.5755	0.5758	0.5678
5.655	0.5755	0.5758	0.5678
5.654	0.5755	0.5758	0.5678
5.653	0.5755	0.5758	0.5677
5.652	0.5755	0.5757	0.5677
5.651	0.5755	0.5757	0.5677
5.650	0.5754	0.5757	0.5677
5.649	0.5754	0.5757	0.5677
5.648	0.5754	0.5757	0.5677
5.647	0.5754	0.5756	0.5677
5.646	0.5753	0.5756	0.5677
5.645	0.5753	0.5756	0.5676
5.644	0.5753	0.5756	0.5676
5.643	0.5753	0.5755	0.5676
5.642	0.5752	0.5755	0.5676
5.641	0.5752	0.5755	0.5676
5.640	0.5752	0.5755	0.5676
5.639	0.5752	0.5755	0.5676
5.638	0.5752	0.5754	0.5675
5.637	0.5751	0.5754	0.5675
5.636	0.5751	0.5754	0.5675
5.635	0.5751	0.5754	0.5675
5.634	0.5751	0.5754	0.5675
5.633	0.5751	0.5753	0.5675
5.632	0.575	0.5753	0.5675
5.631	0.575	0.5753	0.5674
5.630	0.575	0.5753	0.5674
5.629	0.575	0.5752	0.5674
5.628	0.575	0.5752	0.5674
5.627	0.5749	0.5752	0.5674
5.626	0.5749	0.5752	0.5674
5.625	0.5749	0.5752	0.5674
5.624	0.5748	0.5751	0.5674
5.623	0.5748	0.5751	0.5674
5.622	0.5748	0.5751	0.5673
5.621	0.5748	0.5751	0.5673
5.620	0.5747	0.575	0.5673
5.619	0.5747	0.575	0.5673
5.618	0.5747	0.575	0.5673
5.617	0.5747	0.575	0.5673
5.616	0.5747	0.575	0.5673
5.615	0.5747	0.5749	0.5672
5.614	0.5746	0.5749	0.5672
5.613	0.5746	0.5749	0.5672
5.612	0.5746	0.5749	0.5672
5.611	0.5746	0.5749	0.5672
5.610	0.5746	0.5748	0.5672
5.609	0.5746	0.5748	0.5672
5.608	0.5745	0.5748	0.5672
5.607	0.5745	0.5748	0.5671
5.606	0.5745	0.5748	0.5671
5.605	0.5745	0.5748	0.5671
5.604	0.5745	0.5747	0.5671
5.603	0.5745	0.5747	0.5671
5.602	0.5744	0.5747	0.5671
5.601	0.5744	0.5747	0.5671
5.600	0.5744	0.5746	0.567
5.599	0.5743	0.5746	0.567
5.598	0.5743	0.5746	0.567
5.597	0.5743	0.5746	0.567
5.596	0.5743	0.5746	0.567
5.595	0.5743	0.5745	0.567
5.594	0.5742	0.5745	0.5669
5.593	0.5742	0.5745	0.5669
5.592	0.5742	0.5745	0.5669
5.591	0.5742	0.5744	0.5669
5.590	0.5742	0.5744	0.5669
5.589	0.5741	0.5744	0.5669
5.588	0.5741	0.5744	0.5668
5.587	0.5741	0.5743	0.5668
5.586	0.5741	0.5743	0.5668
5.585	0.5741	0.5743	0.5668
5.584	0.574	0.5743	0.5668
5.583	0.574	0.5743	0.5668
5.582	0.574	0.5743	0.5668
5.581	0.574	0.5742	0.5668
5.580	0.574	0.5742	0.5668
5.579	0.5739	0.5742	0.5667
5.578	0.5739	0.5742	0.5667
5.577	0.5739	0.5742	0.5667
5.576	0.5739	0.5741	0.5667
5.575	0.5739	0.5741	0.5667
5.574	0.5738	0.5741	0.5667
5.573	0.5738	0.5741	0.5667
5.572	0.5738	0.574	0.5667
5.571	0.5737	0.574	0.5666
5.570	0.5737	0.574	0.5666
5.569	0.5737	0.574	0.5666
5.568	0.5737	0.574	0.5666
5.567	0.5737	0.5739	0.5666
5.566	0.5736	0.5739	0.5666
5.565	0.5736	0.5739	0.5666
5.564	0.5736	0.5739	0.5665
5.563	0.5736	0.5739	0.5665
5.562	0.5735	0.5738	0.5665
5.561	0.5735	0.5738	0.5665
5.560	0.5735	0.5738	0.5665
5.559	0.5735	0.5738	0.5665
5.558	0.5734	0.5738	0.5665
5.557	0.5734	0.5737	0.5664
5.556	0.5734	0.5737	0.5664
5.555	0.5734	0.5737	0.5664
5.554	0.5734	0.5737	0.5664
5.553	0.5734	0.5737	0.5664
5.552	0.5733	0.5737	0.5664
5.551	0.5733	0.5737	0.5664
5.550	0.5733	0.5736	0.5664
5.549	0.5733	0.5736	0.5664
5.548	0.5732	0.5736	0.5663
5.547	0.5732	0.5736	0.5663
5.546	0.5732	0.5735	0.5663
5.545	0.5732	0.5735	0.5663
5.544	0.5732	0.5735	0.5663
5.543	0.5732	0.5735	0.5663
5.542	0.5731	0.5734	0.5662
5.541	0.5731	0.5734	0.5662
5.540	0.5731	0.5734	0.5662
5.539	0.5731	0.5734	0.5662
5.538	0.5731	0.5734	0.5662
5.537	0.5731	0.5734	0.5662
5.536	0.573	0.5733	0.5662
5.535	0.573	0.5733	0.5662
5.534	0.573	0.5733	0.5661
5.533	0.573	0.5733	0.5661
5.532	0.5729	0.5732	0.5661
5.531	0.5729	0.5732	0.5661
5.530	0.5729	0.5732	0.5661
5.529	0.5729	0.5732	0.5661
5.528	0.5729	0.5732	0.5661
5.527	0.5728	0.5731	0.566
5.526	0.5728	0.5731	0.566
5.525	0.5728	0.5731	0.566
5.524	0.5728	0.5731	0.566
5.523	0.5728	0.5731	0.566
5.522	0.5728	0.573	0.566
5.521	0.5727	0.573	0.566
5.520	0.5727	0.573	0.5659
5.519	0.5727	0.573	0.5659
5.518	0.5727	0.573	0.5659
5.517	0.5726	0.573	0.5659
5.516	0.5726	0.5729	0.5659
5.515	0.5726	0.5729	0.5659
5.514	0.5725	0.5729	0.5658
5.513	0.5725	0.5729	0.5658
5.512	0.5725	0.5729	0.5658
5.511	0.5725	0.5728	0.5658
5.510	0.5725	0.5728	0.5658
5.509	0.5724	0.5728	0.5658
5.508	0.5724	0.5728	0.5658
5.507	0.5724	0.5728	0.5658
5.506	0.5724	0.5728	0.5657
5.505	0.5724	0.5727	0.5657
5.504	0.5723	0.5727	0.5657
5.503	0.5723	0.5727	0.5657
5.502	0.5723	0.5727	0.5657
5.501	0.5723	0.5727	0.5657
5.500	0.5723	0.5726	0.5657
5.499	0.5722	0.5726	0.5656
5.498	0.5722	0.5726	0.5656
5.497	0.5722	0.5726	0.5656
5.496	0.5722	0.5726	0.5656
5.495	0.5722	0.5725	0.5656
5.494	0.5721	0.5725	0.5656
5.493	0.5721	0.5725	0.5656
5.492	0.5721	0.5725	0.5655
5.491	0.5721	0.5725	0.5655
5.490	0.572	0.5725	0.5655
5.489	0.572	0.5725	0.5655
5.488	0.572	0.5724	0.5655
5.487	0.572	0.5724	0.5655
5.486	0.572	0.5724	0.5655
5.485	0.572	0.5724	0.5655
5.484	0.5719	0.5724	0.5655
5.483	0.5719	0.5723	0.5654
5.482	0.5719	0.5723	0.5654
5.481	0.5719	0.5723	0.5654
5.480	0.5719	0.5723	0.5654
5.479	0.5719	0.5722	0.5654
5.478	0.5718	0.5722	0.5654
5.477	0.5718	0.5722	0.5654
5.476	0.5718	0.5722	0.5653
5.475	0.5718	0.5722	0.5653
5.474	0.5718	0.5722	0.5653
5.473	0.5717	0.5722	0.5653
5.472	0.5717	0.5721	0.5653
5.471	0.5717	0.5721	0.5653
5.470	0.5717	0.5721	0.5653
5.469	0.5716	0.5721	0.5652
5.468	0.5716	0.572	0.5652
5.467	0.5716	0.572	0.5652
5.466	0.5715	0.572	0.5652
5.465	0.5715	0.572	0.5652
5.464	0.5715	0.5719	0.5652
5.463	0.5715	0.5719	0.5652
5.462	0.5714	0.5719	0.5652
5.461	0.5714	0.5719	0.5651
5.460	0.5714	0.5719	0.5651
5.459	0.5714	0.5718	0.5651
5.458	0.5714	0.5718	0.5651
5.457	0.5713	0.5718	0.5651
5.456	0.5713	0.5718	0.5651
5.455	0.5713	0.5718	0.565
5.454	0.5713	0.5717	0.565
5.453	0.5713	0.5717	0.565
5.452	0.5712	0.5717	0.565
5.451	0.5712	0.5717	0.565
5.450	0.5712	0.5717	0.565
5.449	0.5712	0.5716	0.565
5.448	0.5712	0.5716	0.5649
5.447	0.5711	0.5716	0.5649
5.446	0.5711	0.5716	0.5649
5.445	0.5711	0.5716	0.5649
5.444	0.5711	0.5715	0.5649
5.443	0.5711	0.5715	0.5649
5.442	0.571	0.5715	0.5649
5.441	0.571	0.5715	0.5649
5.440	0.571	0.5715	0.5648
5.439	0.571	0.5714	0.5648
5.438	0.571	0.5714	0.5648
5.437	0.5709	0.5714	0.5648
5.436	0.5709	0.5714	0.5648
5.435	0.5709	0.5713	0.5648
5.434	0.5709	0.5713	0.5648
5.433	0.5709	0.5713	0.5648
5.432	0.5708	0.5713	0.5647
5.431	0.5708	0.5713	0.5647
5.430	0.5708	0.5713	0.5647
5.429	0.5708	0.5712	0.5647
5.428	0.5707	0.5712	0.5647
5.427	0.5707	0.5712	0.5647
5.426	0.5707	0.5712	0.5647
5.425	0.5707	0.5712	0.5647
5.424	0.5707	0.5711	0.5646
5.423	0.5706	0.5711	0.5646
5.422	0.5706	0.5711	0.5646
5.421	0.5706	0.571	0.5646
5.420	0.5706	0.571	0.5646
5.419	0.5705	0.571	0.5646
5.418	0.5705	0.571	0.5646
5.417	0.5705	0.571	0.5646
5.416	0.5705	0.571	0.5645
5.415	0.5704	0.5709	0.5645
5.414	0.5704	0.5709	0.5645
5.413	0.5704	0.5709	0.5645
5.412	0.5704	0.5709	0.5645
5.411	0.5704	0.5709	0.5645
5.410	0.5703	0.5708	0.5645
5.409	0.5703	0.5708	0.5645
5.408	0.5703	0.5708	0.5644
5.407	0.5703	0.5708	0.5644
5.406	0.5702	0.5708	0.5644
5.405	0.5702	0.5708	0.5644
5.404	0.5702	0.5707	0.5644
5.403	0.5702	0.5707	0.5644
5.402	0.5702	0.5707	0.5644
5.401	0.5702	0.5707	0.5644
5.400	0.5701	0.5707	0.5643
5.399	0.5701	0.5707	0.5643
5.398	0.5701	0.5706	0.5643
5.397	0.5701	0.5706	0.5643
5.396	0.57	0.5706	0.5643
5.395	0.57	0.5706	0.5643
5.394	0.57	0.5705	0.5642
5.393	0.5699	0.5705	0.5642
5.392	0.5699	0.5705	0.5642
5.391	0.5699	0.5705	0.5642
5.390	0.5699	0.5705	0.5642
5.389	0.5698	0.5705	0.5642
5.388	0.5698	0.5704	0.5642
5.387	0.5698	0.5704	0.5642
5.386	0.5698	0.5704	0.5641
5.385	0.5697	0.5704	0.5641
5.384	0.5697	0.5704	0.5641
5.383	0.5697	0.5703	0.5641
5.382	0.5697	0.5703	0.5641
5.381	0.5697	0.5703	0.5641
5.380	0.5697	0.5703	0.5641
5.379	0.5696	0.5702	0.564
5.378	0.5696	0.5702	0.564
5.377	0.5696	0.5702	0.564
5.376	0.5696	0.5702	0.564
5.375	0.5696	0.5701	0.564
5.374	0.5695	0.5701	0.564
5.373	0.5695	0.5701	0.564
5.372	0.5695	0.5701	0.564
5.371	0.5695	0.5701	0.564
5.370	0.5694	0.5701	0.5639
5.369	0.5694	0.5701	0.5639
5.368	0.5694	0.57	0.5639
5.367	0.5694	0.57	0.5639
5.366	0.5694	0.57	0.5639
5.365	0.5693	0.57	0.5639
5.364	0.5693	0.5699	0.5639
5.363	0.5693	0.5699	0.5638
5.362	0.5693	0.5699	0.5638
5.361	0.5693	0.5699	0.5638
5.360	0.5693	0.5699	0.5638
5.359	0.5692	0.5699	0.5638
5.358	0.5692	0.5699	0.5638
5.357	0.5692	0.5698	0.5638
5.356	0.5692	0.5698	0.5637
5.355	0.5692	0.5698	0.5637
5.354	0.5691	0.5698	0.5637
5.353	0.5691	0.5698	0.5637
5.352	0.5691	0.5697	0.5637
5.351	0.5691	0.5697	0.5637
5.350	0.569	0.5697	0.5637
5.349	0.569	0.5697	0.5637
5.348	0.569	0.5696	0.5636
5.347	0.569	0.5696	0.5636
5.346	0.569	0.5696	0.5636
5.345	0.5689	0.5696	0.5636
5.344	0.5689	0.5696	0.5636
5.343	0.5689	0.5695	0.5636
5.342	0.5689	0.5695	0.5636
5.341	0.5689	0.5695	0.5636
5.340	0.5689	0.5695	0.5636
5.339	0.5688	0.5695	0.5635
5.338	0.5688	0.5695	0.5635
5.337	0.5688	0.5695	0.5635
5.336	0.5688	0.5694	0.5635
5.335	0.5688	0.5694	0.5635
5.334	0.5688	0.5694	0.5635
5.333	0.5687	0.5694	0.5635
5.332	0.5687	0.5694	0.5635
5.331	0.5687	0.5694	0.5634
5.330	0.5687	0.5693	0.5634
5.329	0.5687	0.5693	0.5634
5.328	0.5686	0.5693	0.5634
5.327	0.5686	0.5693	0.5634
5.326	0.5686	0.5692	0.5634
5.325	0.5686	0.5692	0.5634
5.324	0.5686	0.5692	0.5634
5.323	0.5686	0.5692	0.5633
5.322	0.5685	0.5692	0.5633
5.321	0.5685	0.5691	0.5633
5.320	0.5685	0.5691	0.5633
5.319	0.5685	0.5691	0.5633
5.318	0.5685	0.5691	0.5632
5.317	0.5684	0.5691	0.5632
5.316	0.5684	0.569	0.5632
5.315	0.5684	0.569	0.5632
5.314	0.5684	0.569	0.5632
5.313	0.5684	0.569	0.5632
5.312	0.5684	0.569	0.5632
5.311	0.5683	0.5689	0.5632
5.310	0.5683	0.5689	0.5632
5.309	0.5683	0.5689	0.5631
5.308	0.5683	0.5689	0.5631
5.307	0.5683	0.5688	0.5631
5.306	0.5682	0.5688	0.5631
5.305	0.5682	0.5688	0.5631
5.304	0.5682	0.5688	0.5631
5.303	0.5681	0.5688	0.5631
5.302	0.5681	0.5687	0.5631
5.301	0.5681	0.5687	0.563
5.300	0.5681	0.5687	0.563
5.299	0.5681	0.5687	0.563
5.298	0.568	0.5687	0.563
5.297	0.568	0.5687	0.563
5.296	0.568	0.5686	0.563
5.295	0.568	0.5686	0.563
5.294	0.5679	0.5686	0.5629
5.293	0.5679	0.5686	0.5629
5.292	0.5679	0.5686	0.5629
5.291	0.5679	0.5685	0.5629
5.290	0.5679	0.5685	0.5629
5.289	0.5679	0.5685	0.5629
5.288	0.5679	0.5685	0.5628
5.287	0.5678	0.5685	0.5628
5.286	0.5678	0.5684	0.5628
5.285	0.5678	0.5684	0.5628
5.284	0.5678	0.5684	0.5628
5.283	0.5677	0.5684	0.5628
5.282	0.5677	0.5683	0.5627
5.281	0.5677	0.5683	0.5627
5.280	0.5677	0.5683	0.5627
5.279	0.5676	0.5683	0.5627
5.278	0.5676	0.5682	0.5627
5.277	0.5676	0.5682	0.5627
5.276	0.5676	0.5682	0.5627
5.275	0.5676	0.5682	0.5627
5.274	0.5675	0.5681	0.5626
5.273	0.5675	0.5681	0.5626
5.272	0.5675	0.5681	0.5626
5.271	0.5675	0.5681	0.5626
5.270	0.5675	0.5681	0.5626
5.269	0.5674	0.5681	0.5626
5.268	0.5674	0.568	0.5626
5.267	0.5674	0.568	0.5625
5.266	0.5674	0.568	0.5625
5.265	0.5674	0.568	0.5625
5.264	0.5673	0.568	0.5625
5.263	0.5673	0.568	0.5625
5.262	0.5673	0.568	0.5625
5.261	0.5673	0.5679	0.5625
5.260	0.5673	0.5679	0.5625
5.259	0.5673	0.5679	0.5624
5.258	0.5672	0.5679	0.5624
5.257	0.5672	0.5678	0.5624
5.256	0.5672	0.5678	0.5624
5.255	0.5672	0.5678	0.5624
5.254	0.5671	0.5678	0.5624
5.253	0.5671	0.5678	0.5624
5.252	0.5671	0.5678	0.5624
5.251	0.5671	0.5678	0.5623
5.250	0.567	0.5677	0.5623
5.249	0.567	0.5677	0.5623
5.248	0.567	0.5677	0.5623
5.247	0.567	0.5677	0.5623
5.246	0.567	0.5676	0.5623
5.245	0.5669	0.5676	0.5623
5.244	0.5669	0.5676	0.5622
5.243	0.5669	0.5676	0.5622
5.242	0.5669	0.5675	0.5622
5.241	0.5669	0.5675	0.5622
5.240	0.5668	0.5675	0.5622
5.239	0.5668	0.5675	0.5622
5.238	0.5668	0.5675	0.5622
5.237	0.5668	0.5674	0.5621
5.236	0.5668	0.5674	0.5621
5.235	0.5667	0.5674	0.5621
5.234	0.5667	0.5673	0.5621
5.233	0.5667	0.5673	0.5621
5.232	0.5667	0.5673	0.562
5.231	0.5666	0.5673	0.562
5.230	0.5666	0.5673	0.562
5.229	0.5666	0.5673	0.562
5.228	0.5666	0.5672	0.562
5.227	0.5666	0.5672	0.562
5.226	0.5666	0.5672	0.562
5.225	0.5665	0.5672	0.5619
5.224	0.5665	0.5671	0.5619
5.223	0.5665	0.5671	0.5619
5.222	0.5665	0.5671	0.5619
5.221	0.5665	0.5671	0.5619
5.220	0.5665	0.567	0.5619
5.219	0.5665	0.567	0.5619
5.218	0.5664	0.567	0.5619
5.217	0.5664	0.567	0.5618
5.216	0.5664	0.567	0.5618
5.215	0.5664	0.5669	0.5618
5.214	0.5663	0.5669	0.5618
5.213	0.5663	0.5669	0.5618
5.212	0.5663	0.5669	0.5617
5.211	0.5663	0.5668	0.5617
5.210	0.5663	0.5668	0.5617
5.209	0.5662	0.5668	0.5617
5.208	0.5662	0.5668	0.5617
5.207	0.5662	0.5668	0.5617
5.206	0.5662	0.5667	0.5617
5.205	0.5661	0.5667	0.5616
5.204	0.5661	0.5667	0.5616
5.203	0.5661	0.5667	0.5616
5.202	0.5661	0.5667	0.5616
5.201	0.5661	0.5667	0.5616
5.200	0.566	0.5667	0.5616
5.199	0.566	0.5666	0.5616
5.198	0.566	0.5666	0.5616
5.197	0.566	0.5666	0.5615
5.196	0.566	0.5666	0.5615
5.195	0.566	0.5665	0.5615
5.194	0.5659	0.5665	0.5615
5.193	0.5659	0.5665	0.5615
5.192	0.5659	0.5665	0.5615
5.191	0.5659	0.5665	0.5615
5.190	0.5659	0.5664	0.5614
5.189	0.5658	0.5664	0.5614
5.188	0.5658	0.5664	0.5614
5.187	0.5658	0.5664	0.5614
5.186	0.5658	0.5664	0.5614
5.185	0.5658	0.5663	0.5614
5.184	0.5657	0.5663	0.5614
5.183	0.5657	0.5663	0.5614
5.182	0.5657	0.5663	0.5613
5.181	0.5657	0.5663	0.5613
5.180	0.5657	0.5662	0.5613
5.179	0.5657	0.5662	0.5613
5.178	0.5656	0.5662	0.5613
5.177	0.5656	0.5662	0.5613
5.176	0.5656	0.5661	0.5613
5.175	0.5656	0.5661	0.5613
5.174	0.5656	0.5661	0.5612
5.173	0.5655	0.5661	0.5612
5.172	0.5655	0.566	0.5612
5.171	0.5655	0.566	0.5612
5.170	0.5655	0.566	0.5612
5.169	0.5654	0.566	0.5612
5.168	0.5654	0.566	0.5612
5.167	0.5654	0.5659	0.5612
5.166	0.5654	0.5659	0.5611
5.165	0.5653	0.5659	0.5611
5.164	0.5653	0.5659	0.5611
5.163	0.5653	0.5659	0.5611
5.162	0.5653	0.5659	0.5611
5.161	0.5653	0.5658	0.5611
5.160	0.5652	0.5658	0.561
5.159	0.5652	0.5658	0.561
5.158	0.5652	0.5658	0.561
5.157	0.5651	0.5658	0.561
5.156	0.5651	0.5658	0.561
5.155	0.5651	0.5657	0.561
5.154	0.5651	0.5657	0.5609
5.153	0.5651	0.5657	0.5609
5.152	0.565	0.5657	0.5609
5.151	0.565	0.5657	0.5609
5.150	0.565	0.5657	0.5609
5.149	0.565	0.5657	0.5609
5.148	0.5649	0.5656	0.5609
5.147	0.5649	0.5656	0.5608
5.146	0.5649	0.5656	0.5608
5.145	0.5649	0.5656	0.5608
5.144	0.5649	0.5656	0.5608
5.143	0.5648	0.5655	0.5608
5.142	0.5648	0.5655	0.5608
5.141	0.5648	0.5655	0.5608
5.140	0.5648	0.5655	0.5607
5.139	0.5648	0.5655	0.5607
5.138	0.5647	0.5654	0.5607
5.137	0.5647	0.5654	0.5607
5.136	0.5647	0.5654	0.5607
5.135	0.5646	0.5654	0.5607
5.134	0.5646	0.5653	0.5606
5.133	0.5646	0.5653	0.5606
5.132	0.5646	0.5653	0.5606
5.131	0.5646	0.5653	0.5606
5.130	0.5645	0.5653	0.5606
5.129	0.5645	0.5653	0.5606
5.128	0.5645	0.5652	0.5605
5.127	0.5645	0.5652	0.5605
5.126	0.5645	0.5652	0.5605
5.125	0.5645	0.5652	0.5605
5.124	0.5644	0.5652	0.5605
5.123	0.5644	0.5651	0.5605
5.122	0.5644	0.5651	0.5605
5.121	0.5644	0.5651	0.5604
5.120	0.5643	0.5651	0.5604
5.119	0.5643	0.5651	0.5604
5.118	0.5643	0.565	0.5604
5.117	0.5643	0.565	0.5604
5.116	0.5643	0.565	0.5604
5.115	0.5642	0.5649	0.5604
5.114	0.5642	0.5649	0.5603
5.113	0.5642	0.5649	0.5603
5.112	0.5642	0.5649	0.5603
5.111	0.5642	0.5649	0.5603
5.110	0.5641	0.5648	0.5603
5.109	0.5641	0.5648	0.5603
5.108	0.5641	0.5648	0.5603
5.107	0.5641	0.5648	0.5602
5.106	0.5641	0.5648	0.5602
5.105	0.564	0.5648	0.5602
5.104	0.564	0.5647	0.5602
5.103	0.564	0.5647	0.5602
5.102	0.564	0.5647	0.5602
5.101	0.564	0.5646	0.5602
5.100	0.5639	0.5646	0.5601
5.099	0.5639	0.5646	0.5601
5.098	0.5639	0.5646	0.5601
5.097	0.5639	0.5646	0.5601
5.096	0.5639	0.5646	0.5601
5.095	0.5638	0.5646	0.5601
5.094	0.5638	0.5645	0.5601
5.093	0.5638	0.5645	0.56
5.092	0.5638	0.5645	0.56
5.091	0.5637	0.5645	0.56
5.090	0.5637	0.5645	0.56
5.089	0.5637	0.5644	0.56
5.088	0.5637	0.5644	0.56
5.087	0.5637	0.5644	0.5599
5.086	0.5636	0.5644	0.5599
5.085	0.5636	0.5643	0.5599
5.084	0.5636	0.5643	0.5599
5.083	0.5636	0.5643	0.5599
5.082	0.5636	0.5643	0.5599
5.081	0.5635	0.5642	0.5598
5.080	0.5635	0.5642	0.5598
5.079	0.5635	0.5642	0.5598
5.078	0.5635	0.5642	0.5598
5.077	0.5634	0.5642	0.5598
5.076	0.5634	0.5641	0.5598
5.075	0.5634	0.5641	0.5598
5.074	0.5634	0.5641	0.5598
5.073	0.5634	0.5641	0.5598
5.072	0.5634	0.5641	0.5597
5.071	0.5633	0.564	0.5597
5.070	0.5633	0.564	0.5597
5.069	0.5633	0.564	0.5597
5.068	0.5633	0.564	0.5597
5.067	0.5633	0.564	0.5597
5.066	0.5633	0.564	0.5597
5.065	0.5633	0.5639	0.5596
5.064	0.5632	0.5639	0.5596
5.063	0.5632	0.5639	0.5596
5.062	0.5632	0.5639	0.5596
5.061	0.5632	0.5639	0.5596
5.060	0.5632	0.5639	0.5596
5.059	0.5631	0.5639	0.5595
5.058	0.5631	0.5638	0.5595
5.057	0.5631	0.5638	0.5595
5.056	0.5631	0.5638	0.5595
5.055	0.5631	0.5638	0.5595
5.054	0.563	0.5638	0.5595
5.053	0.563	0.5638	0.5594
5.052	0.563	0.5637	0.5594
5.051	0.563	0.5637	0.5594
5.050	0.5629	0.5637	0.5594
5.049	0.5629	0.5637	0.5594
5.048	0.5629	0.5637	0.5594
5.047	0.5629	0.5636	0.5594
5.046	0.5629	0.5636	0.5593
5.045	0.5628	0.5636	0.5593
5.044	0.5628	0.5636	0.5593
5.043	0.5628	0.5636	0.5593
5.042	0.5628	0.5635	0.5593
5.041	0.5627	0.5635	0.5592
5.040	0.5627	0.5635	0.5592
5.039	0.5627	0.5635	0.5592
5.038	0.5627	0.5635	0.5592
5.037	0.5626	0.5635	0.5592
5.036	0.5626	0.5634	0.5592
5.035	0.5626	0.5634	0.5591
5.034	0.5626	0.5634	0.5591
5.033	0.5625	0.5634	0.5591
5.032	0.5625	0.5634	0.5591
5.031	0.5625	0.5633	0.5591
5.030	0.5625	0.5633	0.5591
5.029	0.5625	0.5633	0.5591
5.028	0.5624	0.5633	0.5591
5.027	0.5624	0.5632	0.559
5.026	0.5624	0.5632	0.559
5.025	0.5624	0.5632	0.559
5.024	0.5624	0.5632	0.559
5.023	0.5623	0.5632	0.559
5.022	0.5623	0.5631	0.559
5.021	0.5623	0.5631	0.559
5.020	0.5623	0.5631	0.5589
5.019	0.5623	0.5631	0.5589
5.018	0.5623	0.5631	0.5589
5.017	0.5622	0.563	0.5589
5.016	0.5622	0.563	0.5589
5.015	0.5622	0.563	0.5589
5.014	0.5622	0.563	0.5589
5.013	0.5622	0.563	0.5588
5.012	0.5621	0.5629	0.5588
5.011	0.5621	0.5629	0.5588
5.010	0.5621	0.5629	0.5588
5.009	0.5621	0.5629	0.5588
5.008	0.5621	0.5629	0.5588
5.007	0.562	0.5628	0.5588
5.006	0.562	0.5628	0.5588
5.005	0.562	0.5628	0.5587
5.004	0.562	0.5628	0.5587
5.003	0.5619	0.5628	0.5587
5.002	0.5619	0.5628	0.5587
5.001	0.5619	0.5627	0.5587
5.000	0.5618	0.5627	0.5587
4.999	0.5618	0.5627	0.5587
4.998	0.5618	0.5627	0.5586
4.997	0.5617	0.5627	0.5586
4.996	0.5617	0.5627	0.5586
4.995	0.5617	0.5626	0.5586
4.994	0.5617	0.5626	0.5586
4.993	0.5617	0.5626	0.5586
4.992	0.5617	0.5626	0.5586
4.991	0.5616	0.5626	0.5585
4.990	0.5616	0.5625	0.5585
4.989	0.5616	0.5625	0.5585
4.988	0.5616	0.5625	0.5585
4.987	0.5616	0.5625	0.5585
4.986	0.5615	0.5624	0.5585
4.985	0.5615	0.5624	0.5585
4.984	0.5615	0.5624	0.5584
4.983	0.5615	0.5624	0.5584
4.982	0.5615	0.5624	0.5584
4.981	0.5614	0.5623	0.5584
4.980	0.5614	0.5623	0.5584
4.979	0.5614	0.5623	0.5584
4.978	0.5614	0.5623	0.5583
4.977	0.5614	0.5623	0.5583
4.976	0.5614	0.5623	0.5583
4.975	0.5614	0.5622	0.5583
4.974	0.5613	0.5622	0.5583
4.973	0.5613	0.5622	0.5582
4.972	0.5613	0.5621	0.5582
4.971	0.5613	0.5621	0.5582
4.970	0.5613	0.5621	0.5582
4.969	0.5613	0.5621	0.5582
4.968	0.5612	0.562	0.5582
4.967	0.5612	0.562	0.5582
4.966	0.5612	0.562	0.5582
4.965	0.5612	0.562	0.5582
4.964	0.5612	0.562	0.5581
4.963	0.5611	0.562	0.5581
4.962	0.5611	0.5619	0.5581
4.961	0.5611	0.5619	0.5581
4.960	0.5611	0.5619	0.5581
4.959	0.561	0.5619	0.5581
4.958	0.561	0.5619	0.5581
4.957	0.561	0.5619	0.558
4.956	0.561	0.5619	0.558
4.955	0.561	0.5618	0.558
4.954	0.561	0.5618	0.558
4.953	0.5609	0.5618	0.558
4.952	0.5609	0.5618	0.558
4.951	0.5609	0.5618	0.558
4.950	0.5609	0.5617	0.558
4.949	0.5609	0.5617	0.5579
4.948	0.5608	0.5617	0.5579
4.947	0.5608	0.5617	0.5579
4.946	0.5608	0.5617	0.5579
4.945	0.5608	0.5617	0.5579
4.944	0.5608	0.5617	0.5579
4.943	0.5607	0.5616	0.5579
4.942	0.5607	0.5616	0.5579
4.941	0.5607	0.5616	0.5578
4.940	0.5607	0.5616	0.5578
4.939	0.5607	0.5615	0.5578
4.938	0.5607	0.5615	0.5578
4.937	0.5606	0.5615	0.5578
4.936	0.5606	0.5615	0.5578
4.935	0.5606	0.5614	0.5578
4.934	0.5606	0.5614	0.5577
4.933	0.5605	0.5614	0.5577
4.932	0.5605	0.5614	0.5577
4.931	0.5605	0.5614	0.5577
4.930	0.5605	0.5614	0.5577
4.929	0.5605	0.5613	0.5577
4.928	0.5604	0.5613	0.5577
4.927	0.5604	0.5613	0.5577
4.926	0.5604	0.5613	0.5576
4.925	0.5604	0.5613	0.5576
4.924	0.5604	0.5613	0.5576
4.923	0.5603	0.5612	0.5576
4.922	0.5603	0.5612	0.5576
4.921	0.5603	0.5612	0.5576
4.920	0.5603	0.5612	0.5576
4.919	0.5603	0.5612	0.5575
4.918	0.5602	0.5612	0.5575
4.917	0.5602	0.5611	0.5575
4.916	0.5602	0.5611	0.5575
4.915	0.5602	0.5611	0.5575
4.914	0.5602	0.5611	0.5575
4.913	0.5601	0.5611	0.5574
4.912	0.5601	0.561	0.5574
4.911	0.5601	0.561	0.5574
4.910	0.5601	0.561	0.5574
4.909	0.56	0.561	0.5574
4.908	0.56	0.561	0.5574
4.907	0.56	0.561	0.5574
4.906	0.56	0.5609	0.5573
4.905	0.56	0.5609	0.5573
4.904	0.5599	0.5609	0.5573
4.903	0.5599	0.5609	0.5573
4.902	0.5599	0.5609	0.5573
4.901	0.5599	0.5608	0.5573
4.900	0.5599	0.5608	0.5573
4.899	0.5598	0.5608	0.5572
4.898	0.5598	0.5608	0.5572
4.897	0.5598	0.5608	0.5572
4.896	0.5598	0.5607	0.5572
4.895	0.5598	0.5607	0.5572
4.894	0.5597	0.5607	0.5572
4.893	0.5597	0.5607	0.5572
4.892	0.5597	0.5606	0.5571
4.891	0.5597	0.5606	0.5571
4.890	0.5596	0.5606	0.5571
4.889	0.5596	0.5606	0.5571
4.888	0.5596	0.5606	0.5571
4.887	0.5596	0.5605	0.5571
4.886	0.5596	0.5605	0.5571
4.885	0.5595	0.5605	0.557
4.884	0.5595	0.5605	0.557
4.883	0.5595	0.5605	0.557
4.882	0.5595	0.5604	0.557
4.881	0.5595	0.5604	0.557
4.880	0.5594	0.5604	0.557
4.879	0.5594	0.5604	0.557
4.878	0.5594	0.5604	0.5569
4.877	0.5594	0.5604	0.5569
4.876	0.5594	0.5603	0.5569
4.875	0.5594	0.5603	0.5569
4.874	0.5593	0.5603	0.5569
4.873	0.5593	0.5603	0.5569
4.872	0.5593	0.5603	0.5568
4.871	0.5593	0.5602	0.5568
4.870	0.5593	0.5602	0.5568
4.869	0.5592	0.5602	0.5568
4.868	0.5592	0.5602	0.5568
4.867	0.5592	0.5602	0.5568
4.866	0.5592	0.5602	0.5568
4.865	0.5591	0.5601	0.5568
4.864	0.5591	0.5601	0.5567
4.863	0.5591	0.5601	0.5567
4.862	0.5591	0.5601	0.5567
4.861	0.5591	0.5601	0.5567
4.860	0.559	0.5601	0.5567
4.859	0.559	0.56	0.5567
4.858	0.559	0.56	0.5567
4.857	0.559	0.56	0.5566
4.856	0.5589	0.56	0.5566
4.855	0.5589	0.56	0.5566
4.854	0.5589	0.56	0.5566
4.853	0.5589	0.5599	0.5566
4.852	0.5589	0.5599	0.5566
4.851	0.5589	0.5599	0.5565
4.850	0.5588	0.5599	0.5565
4.849	0.5588	0.5599	0.5565
4.848	0.5588	0.5599	0.5565
4.847	0.5588	0.5598	0.5565
4.846	0.5587	0.5598	0.5565
4.845	0.5587	0.5598	0.5564
4.844	0.5587	0.5598	0.5564
4.843	0.5587	0.5597	0.5564
4.842	0.5586	0.5597	0.5564
4.841	0.5586	0.5597	0.5564
4.840	0.5586	0.5597	0.5564
4.839	0.5585	0.5597	0.5564
4.838	0.5585	0.5596	0.5563
4.837	0.5585	0.5596	0.5563
4.836	0.5585	0.5596	0.5563
4.835	0.5585	0.5596	0.5563
4.834	0.5584	0.5595	0.5563
4.833	0.5584	0.5595	0.5562
4.832	0.5584	0.5595	0.5562
4.831	0.5584	0.5595	0.5562
4.830	0.5584	0.5595	0.5562
4.829	0.5584	0.5595	0.5562
4.828	0.5583	0.5594	0.5562
4.827	0.5583	0.5594	0.5562
4.826	0.5583	0.5594	0.5562
4.825	0.5583	0.5594	0.5561
4.824	0.5582	0.5594	0.5561
4.823	0.5582	0.5594	0.5561
4.822	0.5582	0.5594	0.5561
4.821	0.5582	0.5593	0.5561
4.820	0.5582	0.5593	0.5561
4.819	0.5581	0.5593	0.5561
4.818	0.5581	0.5593	0.556
4.817	0.5581	0.5593	0.556
4.816	0.5581	0.5592	0.556
4.815	0.5581	0.5592	0.556
4.814	0.558	0.5592	0.556
4.813	0.558	0.5592	0.556
4.812	0.558	0.5591	0.556
4.811	0.558	0.5591	0.5559
4.810	0.558	0.5591	0.5559
4.809	0.5579	0.5591	0.5559
4.808	0.5579	0.5591	0.5559
4.807	0.5579	0.5591	0.5559
4.806	0.5579	0.559	0.5559
4.805	0.5579	0.559	0.5559
4.804	0.5578	0.559	0.5558
4.803	0.5578	0.559	0.5558
4.802	0.5578	0.5589	0.5558
4.801	0.5578	0.5589	0.5558
4.800	0.5578	0.5589	0.5558
4.799	0.5578	0.5589	0.5558
4.798	0.5577	0.5589	0.5557
4.797	0.5577	0.5589	0.5557
4.796	0.5577	0.5589	0.5557
4.795	0.5577	0.5588	0.5557
4.794	0.5576	0.5588	0.5557
4.793	0.5576	0.5588	0.5556
4.792	0.5576	0.5588	0.5556
4.791	0.5576	0.5587	0.5556
4.790	0.5576	0.5587	0.5556
4.789	0.5575	0.5587	0.5556
4.788	0.5575	0.5587	0.5555
4.787	0.5575	0.5587	0.5555
4.786	0.5575	0.5587	0.5555
4.785	0.5574	0.5586	0.5555
4.784	0.5574	0.5586	0.5555
4.783	0.5574	0.5586	0.5555
4.782	0.5574	0.5586	0.5555
4.781	0.5573	0.5586	0.5554
4.780	0.5573	0.5586	0.5554
4.779	0.5573	0.5585	0.5554
4.778	0.5573	0.5585	0.5554
4.777	0.5573	0.5585	0.5554
4.776	0.5572	0.5585	0.5554
4.775	0.5572	0.5585	0.5554
4.774	0.5572	0.5585	0.5554
4.773	0.5572	0.5584	0.5553
4.772	0.5572	0.5584	0.5553
4.771	0.5572	0.5584	0.5553
4.770	0.5571	0.5584	0.5553
4.769	0.5571	0.5584	0.5553
4.768	0.5571	0.5583	0.5553
4.767	0.5571	0.5583	0.5553
4.766	0.5571	0.5583	0.5552
4.765	0.5571	0.5583	0.5552
4.764	0.5571	0.5583	0.5552
4.763	0.557	0.5582	0.5552
4.762	0.557	0.5582	0.5552
4.761	0.557	0.5582	0.5552
4.760	0.557	0.5582	0.5551
4.759	0.557	0.5582	0.5551
4.758	0.557	0.5581	0.5551
4.757	0.5569	0.5581	0.5551
4.756	0.5569	0.5581	0.5551
4.755	0.5569	0.5581	0.5551
4.754	0.5569	0.5581	0.5551
4.753	0.5569	0.558	0.5551
4.752	0.5568	0.558	0.555
4.751	0.5568	0.558	0.555
4.750	0.5568	0.558	0.555
4.749	0.5568	0.558	0.555
4.748	0.5568	0.5579	0.555
4.747	0.5567	0.5579	0.5549
4.746	0.5567	0.5579	0.5549
4.745	0.5567	0.5579	0.5549
4.744	0.5567	0.5579	0.5549
4.743	0.5567	0.5578	0.5549
4.742	0.5567	0.5578	0.5549
4.741	0.5566	0.5578	0.5548
4.740	0.5566	0.5578	0.5548
4.739	0.5566	0.5578	0.5548
4.738	0.5566	0.5578	0.5547
4.737	0.5565	0.5577	0.5547
4.736	0.5565	0.5577	0.5547
4.735	0.5565	0.5577	0.5547
4.734	0.5565	0.5577	0.5547
4.733	0.5565	0.5577	0.5547
4.732	0.5564	0.5577	0.5546
4.731	0.5564	0.5577	0.5546
4.730	0.5564	0.5576	0.5546
4.729	0.5564	0.5576	0.5546
4.728	0.5564	0.5576	0.5546
4.727	0.5564	0.5576	0.5545
4.726	0.5563	0.5576	0.5545
4.725	0.5563	0.5576	0.5545
4.724	0.5563	0.5575	0.5545
4.723	0.5562	0.5575	0.5545
4.722	0.5562	0.5575	0.5545
4.721	0.5562	0.5575	0.5545
4.720	0.5562	0.5575	0.5544
4.719	0.5562	0.5575	0.5544
4.718	0.5561	0.5574	0.5544
4.717	0.5561	0.5574	0.5544
4.716	0.5561	0.5574	0.5544
4.715	0.5561	0.5574	0.5544
4.714	0.556	0.5574	0.5543
4.713	0.556	0.5574	0.5543
4.712	0.556	0.5573	0.5543
4.711	0.556	0.5573	0.5543
4.710	0.556	0.5573	0.5543
4.709	0.5559	0.5573	0.5543
4.708	0.5559	0.5573	0.5543
4.707	0.5559	0.5573	0.5542
4.706	0.5559	0.5572	0.5542
4.705	0.5559	0.5572	0.5542
4.704	0.5558	0.5572	0.5542
4.703	0.5558	0.5572	0.5542
4.702	0.5558	0.5571	0.5542
4.701	0.5558	0.5571	0.5541
4.700	0.5557	0.5571	0.5541
4.699	0.5557	0.5571	0.5541
4.698	0.5557	0.557	0.5541
4.697	0.5557	0.557	0.5541
4.696	0.5556	0.557	0.5541
4.695	0.5556	0.557	0.5541
4.694	0.5556	0.557	0.5541
4.693	0.5556	0.5569	0.554
4.692	0.5556	0.5569	0.554
4.691	0.5555	0.5569	0.554
4.690	0.5555	0.5569	0.554
4.689	0.5555	0.5569	0.554
4.688	0.5555	0.5568	0.554
4.687	0.5555	0.5568	0.5539
4.686	0.5554	0.5568	0.5539
4.685	0.5554	0.5568	0.5539
4.684	0.5554	0.5568	0.5539
4.683	0.5554	0.5568	0.5539
4.682	0.5554	0.5568	0.5538
4.681	0.5553	0.5567	0.5538
4.680	0.5553	0.5567	0.5538
4.679	0.5553	0.5567	0.5538
4.678	0.5553	0.5567	0.5538
4.677	0.5553	0.5567	0.5538
4.676	0.5552	0.5567	0.5537
4.675	0.5552	0.5567	0.5537
4.674	0.5552	0.5566	0.5537
4.673	0.5552	0.5566	0.5537
4.672	0.5552	0.5566	0.5537
4.671	0.5551	0.5566	0.5536
4.670	0.5551	0.5566	0.5536
4.669	0.5551	0.5565	0.5536
4.668	0.5551	0.5565	0.5536
4.667	0.5551	0.5565	0.5536
4.666	0.555	0.5565	0.5536
4.665	0.555	0.5565	0.5535
4.664	0.555	0.5564	0.5535
4.663	0.555	0.5564	0.5535
4.662	0.5549	0.5564	0.5535
4.661	0.5549	0.5564	0.5535
4.660	0.5549	0.5564	0.5535
4.659	0.5549	0.5564	0.5535
4.658	0.5549	0.5563	0.5534
4.657	0.5548	0.5563	0.5534
4.656	0.5548	0.5563	0.5534
4.655	0.5548	0.5563	0.5534
4.654	0.5548	0.5563	0.5534
4.653	0.5547	0.5562	0.5534
4.652	0.5547	0.5562	0.5533
4.651	0.5547	0.5562	0.5533
4.650	0.5547	0.5562	0.5533
4.649	0.5547	0.5562	0.5533
4.648	0.5546	0.5562	0.5533
4.647	0.5546	0.5561	0.5533
4.646	0.5546	0.5561	0.5532
4.645	0.5546	0.5561	0.5532
4.644	0.5546	0.5561	0.5532
4.643	0.5546	0.5561	0.5532
4.642	0.5546	0.556	0.5532
4.641	0.5545	0.556	0.5532
4.640	0.5545	0.556	0.5532
4.639	0.5545	0.556	0.5531
4.638	0.5545	0.556	0.5531
4.637	0.5545	0.5559	0.5531
4.636	0.5545	0.5559	0.5531
4.635	0.5545	0.5559	0.5531
4.634	0.5544	0.5559	0.5531
4.633	0.5544	0.5559	0.553
4.632	0.5544	0.5559	0.553
4.631	0.5544	0.5558	0.553
4.630	0.5544	0.5558	0.553
4.629	0.5544	0.5558	0.553
4.628	0.5543	0.5558	0.553
4.627	0.5543	0.5558	0.5529
4.626	0.5543	0.5558	0.5529
4.625	0.5543	0.5558	0.5529
4.624	0.5543	0.5557	0.5529
4.623	0.5543	0.5557	0.5529
4.622	0.5542	0.5557	0.5529
4.621	0.5542	0.5557	0.5529
4.620	0.5542	0.5557	0.5528
4.619	0.5542	0.5556	0.5528
4.618	0.5542	0.5556	0.5528
4.617	0.5541	0.5556	0.5528
4.616	0.5541	0.5556	0.5528
4.615	0.5541	0.5555	0.5528
4.614	0.5541	0.5555	0.5527
4.613	0.5541	0.5555	0.5527
4.612	0.5541	0.5555	0.5527
4.611	0.554	0.5555	0.5527
4.610	0.554	0.5554	0.5527
4.609	0.554	0.5554	0.5526
4.608	0.5539	0.5554	0.5526
4.607	0.5539	0.5554	0.5526
4.606	0.5539	0.5554	0.5526
4.605	0.5539	0.5553	0.5526
4.604	0.5539	0.5553	0.5526
4.603	0.5538	0.5553	0.5525
4.602	0.5538	0.5553	0.5525
4.601	0.5538	0.5553	0.5525
4.600	0.5537	0.5552	0.5525
4.599	0.5537	0.5552	0.5525
4.598	0.5537	0.5552	0.5525
4.597	0.5537	0.5552	0.5525
4.596	0.5537	0.5552	0.5524
4.595	0.5536	0.5552	0.5524
4.594	0.5536	0.5551	0.5524
4.593	0.5536	0.5551	0.5524
4.592	0.5536	0.5551	0.5524
4.591	0.5536	0.5551	0.5524
4.590	0.5535	0.5551	0.5523
4.589	0.5535	0.555	0.5523
4.588	0.5535	0.555	0.5523
4.587	0.5535	0.555	0.5523
4.586	0.5535	0.555	0.5523
4.585	0.5535	0.555	0.5522
4.584	0.5534	0.5549	0.5522
4.583	0.5534	0.5549	0.5522
4.582	0.5534	0.5549	0.5522
4.581	0.5533	0.5549	0.5522
4.580	0.5533	0.5549	0.5522
4.579	0.5533	0.5548	0.5522
4.578	0.5533	0.5548	0.5521
4.577	0.5533	0.5548	0.5521
4.576	0.5532	0.5548	0.5521
4.575	0.5532	0.5548	0.5521
4.574	0.5532	0.5547	0.5521
4.573	0.5532	0.5547	0.552
4.572	0.5531	0.5547	0.552
4.571	0.5531	0.5547	0.552
4.570	0.5531	0.5547	0.552
4.569	0.5531	0.5547	0.552
4.568	0.5531	0.5546	0.5519
4.567	0.553	0.5546	0.5519
4.566	0.553	0.5546	0.5519
4.565	0.553	0.5546	0.5519
4.564	0.553	0.5545	0.5519
4.563	0.553	0.5545	0.5519
4.562	0.553	0.5545	0.5519
4.561	0.5529	0.5544	0.5519
4.560	0.5529	0.5544	0.5518
4.559	0.5529	0.5544	0.5518
4.558	0.5529	0.5543	0.5518
4.557	0.5529	0.5543	0.5518
4.556	0.5529	0.5543	0.5518
4.555	0.5528	0.5543	0.5518
4.554	0.5528	0.5543	0.5517
4.553	0.5528	0.5542	0.5517
4.552	0.5528	0.5542	0.5517
4.551	0.5527	0.5542	0.5517
4.550	0.5527	0.5542	0.5517
4.549	0.5527	0.5542	0.5516
4.548	0.5527	0.5541	0.5516
4.547	0.5526	0.5541	0.5516
4.546	0.5526	0.5541	0.5516
4.545	0.5526	0.5541	0.5516
4.544	0.5526	0.5541	0.5516
4.543	0.5526	0.5541	0.5516
4.542	0.5525	0.554	0.5515
4.541	0.5525	0.554	0.5515
4.540	0.5525	0.554	0.5515
4.539	0.5525	0.5539	0.5515
4.538	0.5524	0.5539	0.5515
4.537	0.5524	0.5539	0.5515
4.536	0.5524	0.5539	0.5515
4.535	0.5524	0.5539	0.5514
4.534	0.5524	0.5539	0.5514
4.533	0.5523	0.5538	0.5514
4.532	0.5523	0.5538	0.5514
4.531	0.5523	0.5538	0.5514
4.530	0.5523	0.5538	0.5514
4.529	0.5523	0.5538	0.5513
4.528	0.5522	0.5537	0.5513
4.527	0.5522	0.5537	0.5513
4.526	0.5522	0.5537	0.5513
4.525	0.5522	0.5537	0.5513
4.524	0.5522	0.5537	0.5513
4.523	0.5522	0.5536	0.5512
4.522	0.5521	0.5536	0.5512
4.521	0.5521	0.5536	0.5512
4.520	0.5521	0.5536	0.5512
4.519	0.5521	0.5535	0.5512
4.518	0.5521	0.5535	0.5511
4.517	0.552	0.5535	0.5511
4.516	0.552	0.5535	0.5511
4.515	0.552	0.5535	0.5511
4.514	0.552	0.5534	0.5511
4.513	0.552	0.5534	0.5511
4.512	0.5519	0.5534	0.5511
4.511	0.5519	0.5534	0.551
4.510	0.5519	0.5534	0.551
4.509	0.5519	0.5533	0.551
4.508	0.5518	0.5533	0.551
4.507	0.5518	0.5533	0.551
4.506	0.5518	0.5533	0.551
4.505	0.5518	0.5533	0.5509
4.504	0.5517	0.5532	0.5509
4.503	0.5517	0.5532	0.5509
4.502	0.5517	0.5532	0.5509
4.501	0.5517	0.5532	0.5509
4.500	0.5517	0.5531	0.5509
4.499	0.5516	0.5531	0.5508
4.498	0.5516	0.5531	0.5508
4.497	0.5516	0.5531	0.5508
4.496	0.5516	0.5531	0.5508
4.495	0.5516	0.5531	0.5508
4.494	0.5515	0.5531	0.5508
4.493	0.5515	0.553	0.5508
4.492	0.5515	0.553	0.5507
4.491	0.5515	0.553	0.5507
4.490	0.5515	0.553	0.5507
4.489	0.5514	0.553	0.5507
4.488	0.5514	0.5529	0.5507
4.487	0.5514	0.5529	0.5507
4.486	0.5514	0.5529	0.5506
4.485	0.5514	0.5529	0.5506
4.484	0.5513	0.5529	0.5506
4.483	0.5513	0.5529	0.5506
4.482	0.5513	0.5529	0.5506
4.481	0.5513	0.5528	0.5506
4.480	0.5513	0.5528	0.5505
4.479	0.5512	0.5528	0.5505
4.478	0.5512	0.5528	0.5505
4.477	0.5512	0.5528	0.5505
4.476	0.5512	0.5527	0.5504
4.475	0.5511	0.5527	0.5504
4.474	0.5511	0.5527	0.5504
4.473	0.5511	0.5527	0.5504
4.472	0.5511	0.5527	0.5504
4.471	0.5511	0.5526	0.5504
4.470	0.551	0.5526	0.5503
4.469	0.551	0.5526	0.5503
4.468	0.551	0.5526	0.5503
4.467	0.551	0.5526	0.5503
4.466	0.551	0.5526	0.5503
4.465	0.5509	0.5525	0.5502
4.464	0.5509	0.5525	0.5502
4.463	0.5509	0.5525	0.5502
4.462	0.5508	0.5525	0.5502
4.461	0.5508	0.5525	0.5502
4.460	0.5508	0.5525	0.5502
4.459	0.5508	0.5524	0.5501
4.458	0.5508	0.5524	0.5501
4.457	0.5508	0.5524	0.5501
4.456	0.5507	0.5524	0.5501
4.455	0.5507	0.5524	0.5501
4.454	0.5507	0.5523	0.5501
4.453	0.5507	0.5523	0.5501
4.452	0.5507	0.5523	0.55
4.451	0.5507	0.5523	0.55
4.450	0.5506	0.5523	0.55
4.449	0.5506	0.5522	0.55
4.448	0.5506	0.5522	0.55
4.447	0.5506	0.5522	0.55
4.446	0.5505	0.5522	0.5499
4.445	0.5505	0.5522	0.5499
4.444	0.5505	0.5521	0.5499
4.443	0.5505	0.5521	0.5499
4.442	0.5505	0.5521	0.5499
4.441	0.5505	0.5521	0.5499
4.440	0.5505	0.5521	0.5498
4.439	0.5504	0.5521	0.5498
4.438	0.5504	0.552	0.5498
4.437	0.5504	0.552	0.5498
4.436	0.5504	0.552	0.5498
4.435	0.5504	0.552	0.5498
4.434	0.5503	0.552	0.5497
4.433	0.5503	0.5519	0.5497
4.432	0.5503	0.5519	0.5497
4.431	0.5503	0.5519	0.5497
4.430	0.5503	0.5519	0.5497
4.429	0.5503	0.5519	0.5496
4.428	0.5502	0.5518	0.5496
4.427	0.5502	0.5518	0.5496
4.426	0.5502	0.5518	0.5496
4.425	0.5502	0.5518	0.5496
4.424	0.5501	0.5518	0.5496
4.423	0.5501	0.5518	0.5495
4.422	0.5501	0.5518	0.5495
4.421	0.5501	0.5517	0.5495
4.420	0.5501	0.5517	0.5495
4.419	0.55	0.5517	0.5495
4.418	0.55	0.5517	0.5495
4.417	0.55	0.5517	0.5495
4.416	0.55	0.5517	0.5495
4.415	0.55	0.5516	0.5494
4.414	0.5499	0.5516	0.5494
4.413	0.5499	0.5516	0.5494
4.412	0.5499	0.5516	0.5494
4.411	0.5499	0.5516	0.5494
4.410	0.5499	0.5515	0.5494
4.409	0.5499	0.5515	0.5494
4.408	0.5498	0.5515	0.5493
4.407	0.5498	0.5515	0.5493
4.406	0.5498	0.5514	0.5493
4.405	0.5498	0.5514	0.5493
4.404	0.5498	0.5514	0.5493
4.403	0.5497	0.5514	0.5493
4.402	0.5497	0.5514	0.5492
4.401	0.5497	0.5513	0.5492
4.400	0.5497	0.5513	0.5492
4.399	0.5496	0.5513	0.5492
4.398	0.5496	0.5513	0.5492
4.397	0.5496	0.5513	0.5492
4.396	0.5496	0.5512	0.5491
4.395	0.5496	0.5512	0.5491
4.394	0.5495	0.5512	0.5491
4.393	0.5495	0.5512	0.5491
4.392	0.5495	0.5512	0.5491
4.391	0.5495	0.5512	0.5491
4.390	0.5495	0.5511	0.549
4.389	0.5494	0.5511	0.549
4.388	0.5494	0.5511	0.549
4.387	0.5494	0.5511	0.549
4.386	0.5494	0.5511	0.549
4.385	0.5494	0.551	0.5489
4.384	0.5494	0.551	0.5489
4.383	0.5493	0.551	0.5489
4.382	0.5493	0.551	0.5489
4.381	0.5493	0.551	0.5489
4.380	0.5493	0.5509	0.5489
4.379	0.5493	0.5509	0.5489
4.378	0.5492	0.5509	0.5488
4.377	0.5492	0.5509	0.5488
4.376	0.5492	0.5509	0.5488
4.375	0.5492	0.5509	0.5488
4.374	0.5492	0.5508	0.5488
4.373	0.5491	0.5508	0.5488
4.372	0.5491	0.5508	0.5487
4.371	0.5491	0.5508	0.5487
4.370	0.5491	0.5508	0.5487
4.369	0.5491	0.5507	0.5487
4.368	0.5491	0.5507	0.5487
4.367	0.549	0.5507	0.5486
4.366	0.549	0.5507	0.5486
4.365	0.549	0.5507	0.5486
4.364	0.549	0.5506	0.5486
4.363	0.549	0.5506	0.5486
4.362	0.5489	0.5506	0.5486
4.361	0.5489	0.5506	0.5486
4.360	0.5489	0.5506	0.5486
4.359	0.5489	0.5506	0.5485
4.358	0.5489	0.5506	0.5485
4.357	0.5488	0.5505	0.5485
4.356	0.5488	0.5505	0.5485
4.355	0.5488	0.5505	0.5484
4.354	0.5488	0.5505	0.5484
4.353	0.5487	0.5505	0.5484
4.352	0.5487	0.5504	0.5484
4.351	0.5487	0.5504	0.5484
4.350	0.5487	0.5504	0.5484
4.349	0.5487	0.5504	0.5483
4.348	0.5486	0.5504	0.5483
4.347	0.5486	0.5503	0.5483
4.346	0.5486	0.5503	0.5483
4.345	0.5486	0.5503	0.5483
4.344	0.5486	0.5503	0.5483
4.343	0.5486	0.5503	0.5483
4.342	0.5486	0.5502	0.5483
4.341	0.5485	0.5502	0.5482
4.340	0.5485	0.5502	0.5482
4.339	0.5485	0.5502	0.5482
4.338	0.5485	0.5502	0.5482
4.337	0.5485	0.5501	0.5482
4.336	0.5485	0.5501	0.5482
4.335	0.5484	0.5501	0.5481
4.334	0.5484	0.5501	0.5481
4.333	0.5484	0.5501	0.5481
4.332	0.5484	0.5501	0.5481
4.331	0.5483	0.55	0.5481
4.330	0.5483	0.55	0.5481
4.329	0.5483	0.55	0.548
4.328	0.5483	0.55	0.548
4.327	0.5482	0.55	0.548
4.326	0.5482	0.5499	0.548
4.325	0.5482	0.5499	0.548
4.324	0.5482	0.5499	0.548
4.323	0.5482	0.5499	0.548
4.322	0.5481	0.5498	0.5479
4.321	0.5481	0.5498	0.5479
4.320	0.5481	0.5498	0.5479
4.319	0.5481	0.5498	0.5479
4.318	0.5481	0.5498	0.5479
4.317	0.5481	0.5497	0.5479
4.316	0.548	0.5497	0.5478
4.315	0.548	0.5497	0.5478
4.314	0.548	0.5497	0.5478
4.313	0.548	0.5497	0.5478
4.312	0.548	0.5496	0.5478
4.311	0.5479	0.5496	0.5478
4.310	0.5479	0.5496	0.5478
4.309	0.5479	0.5496	0.5477
4.308	0.5479	0.5496	0.5477
4.307	0.5479	0.5495	0.5477
4.306	0.5479	0.5495	0.5477
4.305	0.5478	0.5495	0.5477
4.304	0.5478	0.5495	0.5477
4.303	0.5478	0.5495	0.5476
4.302	0.5478	0.5494	0.5476
4.301	0.5477	0.5494	0.5476
4.300	0.5477	0.5494	0.5476
4.299	0.5477	0.5494	0.5476
4.298	0.5477	0.5494	0.5476
4.297	0.5477	0.5494	0.5475
4.296	0.5477	0.5493	0.5475
4.295	0.5476	0.5493	0.5475
4.294	0.5476	0.5493	0.5475
4.293	0.5476	0.5493	0.5475
4.292	0.5476	0.5492	0.5475
4.291	0.5476	0.5492	0.5474
4.290	0.5476	0.5492	0.5474
4.289	0.5475	0.5492	0.5474
4.288	0.5475	0.5492	0.5474
4.287	0.5475	0.5492	0.5474
4.286	0.5475	0.5491	0.5473
4.285	0.5475	0.5491	0.5473
4.284	0.5474	0.5491	0.5473
4.283	0.5474	0.5491	0.5473
4.282	0.5474	0.549	0.5473
4.281	0.5474	0.549	0.5473
4.280	0.5473	0.549	0.5472
4.279	0.5473	0.549	0.5472
4.278	0.5473	0.549	0.5472
4.277	0.5473	0.5489	0.5472
4.276	0.5472	0.5489	0.5472
4.275	0.5472	0.5489	0.5472
4.274	0.5472	0.5489	0.5472
4.273	0.5472	0.5489	0.5471
4.272	0.5472	0.5488	0.5471
4.271	0.5471	0.5488	0.5471
4.270	0.5471	0.5488	0.5471
4.269	0.5471	0.5488	0.5471
4.268	0.5471	0.5488	0.5471
4.267	0.547	0.5487	0.547
4.266	0.547	0.5487	0.547
4.265	0.547	0.5487	0.547
4.264	0.547	0.5487	0.547
4.263	0.547	0.5487	0.5469
4.262	0.547	0.5486	0.5469
4.261	0.5469	0.5486	0.5469
4.260	0.5469	0.5486	0.5469
4.259	0.5469	0.5486	0.5469
4.258	0.5469	0.5485	0.5469
4.257	0.5469	0.5485	0.5468
4.256	0.5468	0.5485	0.5468
4.255	0.5468	0.5485	0.5468
4.254	0.5468	0.5485	0.5468
4.253	0.5468	0.5484	0.5468
4.252	0.5468	0.5484	0.5467
4.251	0.5467	0.5484	0.5467
4.250	0.5467	0.5484	0.5467
4.249	0.5467	0.5484	0.5467
4.248	0.5467	0.5484	0.5467
4.247	0.5467	0.5483	0.5467
4.246	0.5467	0.5483	0.5466
4.245	0.5466	0.5483	0.5466
4.244	0.5466	0.5483	0.5466
4.243	0.5466	0.5483	0.5466
4.242	0.5466	0.5482	0.5466
4.241	0.5465	0.5482	0.5466
4.240	0.5465	0.5482	0.5465
4.239	0.5465	0.5482	0.5465
4.238	0.5465	0.5482	0.5465
4.237	0.5464	0.5481	0.5465
4.236	0.5464	0.5481	0.5465
4.235	0.5464	0.5481	0.5465
4.234	0.5464	0.5481	0.5465
4.233	0.5464	0.5481	0.5464
4.232	0.5463	0.548	0.5464
4.231	0.5463	0.548	0.5464
4.230	0.5463	0.548	0.5464
4.229	0.5463	0.548	0.5464
4.228	0.5463	0.548	0.5464
4.227	0.5462	0.5479	0.5464
4.226	0.5462	0.5479	0.5463
4.225	0.5462	0.5479	0.5463
4.224	0.5462	0.5479	0.5463
4.223	0.5462	0.5478	0.5463
4.222	0.5462	0.5478	0.5463
4.221	0.5461	0.5478	0.5463
4.220	0.5461	0.5478	0.5462
4.219	0.5461	0.5478	0.5462
4.218	0.5461	0.5477	0.5462
4.217	0.5461	0.5477	0.5462
4.216	0.5461	0.5477	0.5462
4.215	0.546	0.5477	0.5461
4.214	0.546	0.5476	0.5461
4.213	0.546	0.5476	0.5461
4.212	0.546	0.5476	0.5461
4.211	0.546	0.5476	0.5461
4.210	0.546	0.5476	0.5461
4.209	0.546	0.5476	0.546
4.208	0.5459	0.5475	0.546
4.207	0.5459	0.5475	0.546
4.206	0.5459	0.5475	0.546
4.205	0.5459	0.5475	0.546
4.204	0.5458	0.5475	0.546
4.203	0.5458	0.5474	0.5459
4.202	0.5458	0.5474	0.5459
4.201	0.5458	0.5474	0.5459
4.200	0.5458	0.5474	0.5459
4.199	0.5457	0.5474	0.5459
4.198	0.5457	0.5474	0.5459
4.197	0.5457	0.5473	0.5458
4.196	0.5457	0.5473	0.5458
4.195	0.5457	0.5473	0.5458
4.194	0.5456	0.5473	0.5458
4.193	0.5456	0.5472	0.5458
4.192	0.5456	0.5472	0.5457
4.191	0.5456	0.5472	0.5457
4.190	0.5456	0.5472	0.5457
4.189	0.5455	0.5472	0.5457
4.188	0.5455	0.5471	0.5457
4.187	0.5455	0.5471	0.5457
4.186	0.5455	0.5471	0.5456
4.185	0.5454	0.5471	0.5456
4.184	0.5454	0.5471	0.5456
4.183	0.5454	0.5471	0.5456
4.182	0.5454	0.547	0.5456
4.181	0.5454	0.547	0.5456
4.180	0.5453	0.547	0.5456
4.179	0.5453	0.547	0.5455
4.178	0.5453	0.5469	0.5455
4.177	0.5453	0.5469	0.5455
4.176	0.5452	0.5469	0.5455
4.175	0.5452	0.5469	0.5455
4.174	0.5452	0.5469	0.5455
4.173	0.5452	0.5469	0.5454
4.172	0.5452	0.5469	0.5454
4.171	0.5451	0.5468	0.5454
4.170	0.5451	0.5468	0.5454
4.169	0.5451	0.5468	0.5454
4.168	0.5451	0.5468	0.5454
4.167	0.5451	0.5468	0.5454
4.166	0.545	0.5468	0.5453
4.165	0.545	0.5467	0.5453
4.164	0.545	0.5467	0.5453
4.163	0.545	0.5467	0.5453
4.162	0.545	0.5467	0.5453
4.161	0.5449	0.5467	0.5452
4.160	0.5449	0.5467	0.5452
4.159	0.5449	0.5466	0.5452
4.158	0.5449	0.5466	0.5452
4.157	0.5449	0.5466	0.5452
4.156	0.5448	0.5466	0.5452
4.155	0.5448	0.5466	0.5451
4.154	0.5448	0.5465	0.5451
4.153	0.5448	0.5465	0.5451
4.152	0.5448	0.5465	0.5451
4.151	0.5447	0.5465	0.5451
4.150	0.5447	0.5465	0.5451
4.149	0.5447	0.5464	0.545
4.148	0.5447	0.5464	0.545
4.147	0.5447	0.5464	0.545
4.146	0.5446	0.5464	0.545
4.145	0.5446	0.5464	0.545
4.144	0.5446	0.5464	0.5449
4.143	0.5446	0.5463	0.5449
4.142	0.5446	0.5463	0.5449
4.141	0.5446	0.5463	0.5449
4.140	0.5445	0.5463	0.5449
4.139	0.5445	0.5462	0.5449
4.138	0.5445	0.5462	0.5448
4.137	0.5445	0.5462	0.5448
4.136	0.5445	0.5462	0.5448
4.135	0.5444	0.5462	0.5448
4.134	0.5444	0.5461	0.5448
4.133	0.5444	0.5461	0.5448
4.132	0.5444	0.5461	0.5447
4.131	0.5444	0.5461	0.5447
4.130	0.5443	0.5461	0.5447
4.129	0.5443	0.546	0.5447
4.128	0.5443	0.546	0.5447
4.127	0.5443	0.546	0.5447
4.126	0.5443	0.546	0.5447
4.125	0.5442	0.5459	0.5446
4.124	0.5442	0.5459	0.5446
4.123	0.5442	0.5459	0.5446
4.122	0.5442	0.5459	0.5446
4.121	0.5442	0.5459	0.5445
4.120	0.5441	0.5459	0.5445
4.119	0.5441	0.5458	0.5445
4.118	0.5441	0.5458	0.5445
4.117	0.5441	0.5458	0.5445
4.116	0.544	0.5458	0.5445
4.115	0.544	0.5458	0.5444
4.114	0.544	0.5457	0.5444
4.113	0.544	0.5457	0.5444
4.112	0.5439	0.5457	0.5444
4.111	0.5439	0.5457	0.5444
4.110	0.5439	0.5457	0.5444
4.109	0.5439	0.5456	0.5443
4.108	0.5439	0.5456	0.5443
4.107	0.5438	0.5456	0.5443
4.106	0.5438	0.5456	0.5443
4.105	0.5438	0.5455	0.5443
4.104	0.5438	0.5455	0.5443
4.103	0.5438	0.5455	0.5443
4.102	0.5437	0.5455	0.5442
4.101	0.5437	0.5455	0.5442
4.100	0.5437	0.5454	0.5442
4.099	0.5436	0.5454	0.5442
4.098	0.5436	0.5454	0.5442
4.097	0.5436	0.5454	0.5442
4.096	0.5436	0.5454	0.5441
4.095	0.5436	0.5453	0.5441
4.094	0.5436	0.5453	0.5441
4.093	0.5435	0.5453	0.5441
4.092	0.5435	0.5453	0.5441
4.091	0.5435	0.5453	0.5441
4.090	0.5435	0.5453	0.544
4.089	0.5435	0.5452	0.544
4.088	0.5434	0.5452	0.544
4.087	0.5434	0.5452	0.544
4.086	0.5434	0.5452	0.544
4.085	0.5434	0.5452	0.544
4.084	0.5434	0.5451	0.544
4.083	0.5433	0.5451	0.5439
4.082	0.5433	0.5451	0.5439
4.081	0.5433	0.5451	0.5439
4.080	0.5433	0.5451	0.5439
4.079	0.5432	0.545	0.5439
4.078	0.5432	0.545	0.5439
4.077	0.5432	0.545	0.5439
4.076	0.5432	0.545	0.5438
4.075	0.5432	0.545	0.5438
4.074	0.5432	0.5449	0.5438
4.073	0.5431	0.5449	0.5438
4.072	0.5431	0.5449	0.5438
4.071	0.5431	0.5449	0.5437
4.070	0.5431	0.5449	0.5437
4.069	0.5431	0.5448	0.5437
4.068	0.5431	0.5448	0.5437
4.067	0.543	0.5448	0.5437
4.066	0.543	0.5448	0.5436
4.065	0.543	0.5447	0.5436
4.064	0.543	0.5447	0.5436
4.063	0.5429	0.5447	0.5436
4.062	0.5429	0.5447	0.5436
4.061	0.5429	0.5447	0.5435
4.060	0.5429	0.5446	0.5435
4.059	0.5429	0.5446	0.5435
4.058	0.5428	0.5446	0.5435
4.057	0.5428	0.5446	0.5434
4.056	0.5428	0.5445	0.5434
4.055	0.5427	0.5445	0.5434
4.054	0.5427	0.5445	0.5434
4.053	0.5427	0.5445	0.5434
4.052	0.5427	0.5445	0.5434
4.051	0.5426	0.5445	0.5433
4.050	0.5426	0.5444	0.5433
4.049	0.5426	0.5444	0.5433
4.048	0.5426	0.5444	0.5433
4.047	0.5426	0.5444	0.5433
4.046	0.5425	0.5444	0.5433
4.045	0.5425	0.5443	0.5433
4.044	0.5425	0.5443	0.5432
4.043	0.5425	0.5443	0.5432
4.042	0.5425	0.5443	0.5432
4.041	0.5425	0.5443	0.5432
4.040	0.5424	0.5442	0.5432
4.039	0.5424	0.5442	0.5432
4.038	0.5424	0.5442	0.5431
4.037	0.5424	0.5442	0.5431
4.036	0.5424	0.5441	0.5431
4.035	0.5423	0.5441	0.5431
4.034	0.5423	0.5441	0.5431
4.033	0.5423	0.5441	0.5431
4.032	0.5423	0.5441	0.543
4.031	0.5423	0.544	0.543
4.030	0.5423	0.544	0.543
4.029	0.5422	0.544	0.543
4.028	0.5422	0.544	0.5429
4.027	0.5422	0.544	0.5429
4.026	0.5422	0.544	0.5429
4.025	0.5422	0.5439	0.5429
4.024	0.5421	0.5439	0.5429
4.023	0.5421	0.5439	0.5429
4.022	0.5421	0.5439	0.5428
4.021	0.5421	0.5439	0.5428
4.020	0.5421	0.5438	0.5428
4.019	0.5421	0.5438	0.5428
4.018	0.5421	0.5438	0.5428
4.017	0.542	0.5438	0.5428
4.016	0.542	0.5438	0.5428
4.015	0.542	0.5438	0.5428
4.014	0.542	0.5437	0.5427
4.013	0.542	0.5437	0.5427
4.012	0.5419	0.5437	0.5427
4.011	0.5419	0.5437	0.5427
4.010	0.5419	0.5436	0.5427
4.009	0.5419	0.5436	0.5427
4.008	0.5418	0.5436	0.5426
4.007	0.5418	0.5436	0.5426
4.006	0.5418	0.5435	0.5426
4.005	0.5418	0.5435	0.5426
4.004	0.5418	0.5435	0.5426
4.003	0.5418	0.5435	0.5426
4.002	0.5417	0.5435	0.5426
4.001	0.5417	0.5435	0.5425
4.000	0.5417	0.5434	0.5425
3.999	0.5417	0.5434	0.5425
3.998	0.5417	0.5434	0.5425
3.997	0.5416	0.5434	0.5425
3.996	0.5416	0.5434	0.5425
3.995	0.5416	0.5433	0.5424
3.994	0.5416	0.5433	0.5424
3.993	0.5416	0.5433	0.5424
3.992	0.5415	0.5433	0.5424
3.991	0.5415	0.5432	0.5424
3.990	0.5415	0.5432	0.5423
3.989	0.5415	0.5432	0.5423
3.988	0.5415	0.5432	0.5423
3.987	0.5415	0.5431	0.5423
3.986	0.5415	0.5431	0.5423
3.985	0.5414	0.5431	0.5423
3.984	0.5414	0.5431	0.5422
3.983	0.5414	0.5431	0.5422
3.982	0.5414	0.543	0.5422
3.981	0.5414	0.543	0.5422
3.980	0.5413	0.543	0.5422
3.979	0.5413	0.543	0.5421
3.978	0.5413	0.543	0.5421
3.977	0.5413	0.5429	0.5421
3.976	0.5413	0.5429	0.5421
3.975	0.5412	0.5429	0.542
3.974	0.5412	0.5429	0.542
3.973	0.5412	0.5429	0.542
3.972	0.5411	0.5429	0.542
3.971	0.5411	0.5428	0.542
3.970	0.5411	0.5428	0.542
3.969	0.5411	0.5428	0.5419
3.968	0.5411	0.5428	0.5419
3.967	0.5411	0.5428	0.5419
3.966	0.5411	0.5427	0.5419
3.965	0.541	0.5427	0.5419
3.964	0.541	0.5427	0.5419
3.963	0.541	0.5427	0.5419
3.962	0.541	0.5427	0.5418
3.961	0.541	0.5427	0.5418
3.960	0.5409	0.5427	0.5418
3.959	0.5409	0.5426	0.5418
3.958	0.5409	0.5426	0.5418
3.957	0.5409	0.5426	0.5418
3.956	0.5409	0.5426	0.5417
3.955	0.5408	0.5426	0.5417
3.954	0.5408	0.5425	0.5417
3.953	0.5408	0.5425	0.5417
3.952	0.5408	0.5425	0.5417
3.951	0.5408	0.5425	0.5416
3.950	0.5408	0.5425	0.5416
3.949	0.5407	0.5424	0.5416
3.948	0.5407	0.5424	0.5416
3.947	0.5407	0.5424	0.5415
3.946	0.5407	0.5424	0.5415
3.945	0.5407	0.5424	0.5415
3.944	0.5406	0.5424	0.5415
3.943	0.5406	0.5423	0.5415
3.942	0.5406	0.5423	0.5415
3.941	0.5406	0.5423	0.5415
3.940	0.5405	0.5423	0.5414
3.939	0.5405	0.5423	0.5414
3.938	0.5405	0.5423	0.5414
3.937	0.5405	0.5422	0.5414
3.936	0.5405	0.5422	0.5413
3.935	0.5404	0.5422	0.5413
3.934	0.5404	0.5422	0.5413
3.933	0.5404	0.5422	0.5413
3.932	0.5404	0.5421	0.5413
3.931	0.5403	0.5421	0.5413
3.930	0.5403	0.5421	0.5412
3.929	0.5403	0.5421	0.5412
3.928	0.5403	0.5421	0.5412
3.927	0.5403	0.542	0.5412
3.926	0.5402	0.542	0.5412
3.925	0.5402	0.542	0.5412
3.924	0.5402	0.5419	0.5411
3.923	0.5402	0.5419	0.5411
3.922	0.5401	0.5419	0.5411
3.921	0.5401	0.5419	0.5411
3.920	0.5401	0.5419	0.5411
3.919	0.5401	0.5418	0.5411
3.918	0.5401	0.5418	0.541
3.917	0.5401	0.5418	0.541
3.916	0.54	0.5418	0.541
3.915	0.54	0.5418	0.541
3.914	0.54	0.5417	0.5409
3.913	0.54	0.5417	0.5409
3.912	0.54	0.5417	0.5409
3.911	0.5399	0.5417	0.5409
3.910	0.5399	0.5417	0.5409
3.909	0.5399	0.5416	0.5409
3.908	0.5399	0.5416	0.5409
3.907	0.5398	0.5416	0.5408
3.906	0.5398	0.5416	0.5408
3.905	0.5398	0.5416	0.5408
3.904	0.5398	0.5415	0.5408
3.903	0.5398	0.5415	0.5408
3.902	0.5398	0.5415	0.5408
3.901	0.5397	0.5415	0.5407
3.900	0.5397	0.5415	0.5407
3.899	0.5397	0.5414	0.5407
3.898	0.5397	0.5414	0.5407
3.897	0.5397	0.5414	0.5407
3.896	0.5397	0.5414	0.5407
3.895	0.5396	0.5414	0.5406
3.894	0.5396	0.5413	0.5406
3.893	0.5396	0.5413	0.5406
3.892	0.5396	0.5413	0.5406
3.891	0.5396	0.5413	0.5406
3.890	0.5396	0.5412	0.5405
3.889	0.5395	0.5412	0.5405
3.888	0.5395	0.5412	0.5405
3.887	0.5395	0.5412	0.5405
3.886	0.5395	0.5412	0.5404
3.885	0.5395	0.5412	0.5404
3.884	0.5394	0.5411	0.5404
3.883	0.5394	0.5411	0.5404
3.882	0.5394	0.5411	0.5404
3.881	0.5394	0.5411	0.5403
3.880	0.5394	0.541	0.5403
3.879	0.5393	0.541	0.5403
3.878	0.5393	0.541	0.5403
3.877	0.5393	0.541	0.5403
3.876	0.5393	0.541	0.5402
3.875	0.5392	0.5409	0.5402
3.874	0.5392	0.5409	0.5402
3.873	0.5392	0.5409	0.5402
3.872	0.5392	0.5409	0.5402
3.871	0.5392	0.5408	0.5401
3.870	0.5391	0.5408	0.5401
3.869	0.5391	0.5408	0.5401
3.868	0.5391	0.5408	0.5401
3.867	0.539	0.5408	0.5401
3.866	0.539	0.5408	0.5401
3.865	0.539	0.5407	0.54
3.864	0.539	0.5407	0.54
3.863	0.539	0.5407	0.54
3.862	0.5389	0.5407	0.54
3.861	0.5389	0.5406	0.5399
3.860	0.5389	0.5406	0.5399
3.859	0.5389	0.5406	0.5399
3.858	0.5389	0.5406	0.5399
3.857	0.5388	0.5406	0.5399
3.856	0.5388	0.5406	0.5399
3.855	0.5388	0.5405	0.5398
3.854	0.5388	0.5405	0.5398
3.853	0.5388	0.5405	0.5398
3.852	0.5387	0.5405	0.5398
3.851	0.5387	0.5404	0.5398
3.850	0.5387	0.5404	0.5397
3.849	0.5387	0.5404	0.5397
3.848	0.5387	0.5404	0.5397
3.847	0.5386	0.5404	0.5397
3.846	0.5386	0.5404	0.5397
3.845	0.5386	0.5403	0.5396
3.844	0.5386	0.5403	0.5396
3.843	0.5386	0.5403	0.5396
3.842	0.5385	0.5403	0.5396
3.841	0.5385	0.5403	0.5396
3.840	0.5385	0.5403	0.5395
3.839	0.5385	0.5402	0.5395
3.838	0.5384	0.5402	0.5395
3.837	0.5384	0.5402	0.5395
3.836	0.5384	0.5402	0.5395
3.835	0.5384	0.5402	0.5394
3.834	0.5384	0.5401	0.5394
3.833	0.5384	0.5401	0.5394
3.832	0.5383	0.5401	0.5394
3.831	0.5383	0.5401	0.5394
3.830	0.5383	0.54	0.5394
3.829	0.5383	0.54	0.5394
3.828	0.5383	0.54	0.5393
3.827	0.5382	0.54	0.5393
3.826	0.5382	0.54	0.5393
3.825	0.5382	0.54	0.5393
3.824	0.5382	0.5399	0.5393
3.823	0.5382	0.5399	0.5393
3.822	0.5382	0.5399	0.5393
3.821	0.5381	0.5399	0.5392
3.820	0.5381	0.5398	0.5392
3.819	0.5381	0.5398	0.5392
3.818	0.5381	0.5398	0.5392
3.817	0.5381	0.5398	0.5392
3.816	0.538	0.5398	0.5391
3.815	0.538	0.5398	0.5391
3.814	0.538	0.5397	0.5391
3.813	0.538	0.5397	0.5391
3.812	0.538	0.5397	0.5391
3.811	0.5379	0.5397	0.539
3.810	0.5379	0.5396	0.539
3.809	0.5379	0.5396	0.539
3.808	0.5379	0.5396	0.539
3.807	0.5379	0.5396	0.539
3.806	0.5378	0.5396	0.539
3.805	0.5378	0.5396	0.5389
3.804	0.5378	0.5395	0.5389
3.803	0.5378	0.5395	0.5389
3.802	0.5378	0.5395	0.5389
3.801	0.5378	0.5395	0.5389
3.800	0.5377	0.5394	0.5389
3.799	0.5377	0.5394	0.5388
3.798	0.5377	0.5394	0.5388
3.797	0.5377	0.5394	0.5388
3.796	0.5377	0.5394	0.5388
3.795	0.5376	0.5393	0.5388
3.794	0.5376	0.5393	0.5387
3.793	0.5376	0.5393	0.5387
3.792	0.5376	0.5393	0.5387
3.791	0.5375	0.5392	0.5387
3.790	0.5375	0.5392	0.5386
3.789	0.5375	0.5392	0.5386
3.788	0.5375	0.5392	0.5386
3.787	0.5375	0.5392	0.5386
3.786	0.5374	0.5391	0.5386
3.785	0.5374	0.5391	0.5385
3.784	0.5374	0.5391	0.5385
3.783	0.5374	0.5391	0.5385
3.782	0.5374	0.5391	0.5385
3.781	0.5373	0.5391	0.5385
3.780	0.5373	0.5391	0.5384
3.779	0.5373	0.539	0.5384
3.778	0.5373	0.539	0.5384
3.777	0.5373	0.539	0.5384
3.776	0.5372	0.539	0.5384
3.775	0.5372	0.5389	0.5384
3.774	0.5372	0.5389	0.5383
3.773	0.5372	0.5389	0.5383
3.772	0.5371	0.5389	0.5383
3.771	0.5371	0.5389	0.5383
3.770	0.5371	0.5388	0.5382
3.769	0.5371	0.5388	0.5382
3.768	0.5371	0.5388	0.5382
3.767	0.5371	0.5388	0.5382
3.766	0.537	0.5387	0.5382
3.765	0.537	0.5387	0.5382
3.764	0.537	0.5387	0.5382
3.763	0.537	0.5387	0.5381
3.762	0.537	0.5387	0.5381
3.761	0.5369	0.5387	0.5381
3.760	0.5369	0.5386	0.5381
3.759	0.5369	0.5386	0.5381
3.758	0.5369	0.5386	0.538
3.757	0.5369	0.5386	0.538
3.756	0.5368	0.5386	0.538
3.755	0.5368	0.5385	0.538
3.754	0.5368	0.5385	0.538
3.753	0.5368	0.5385	0.5379
3.752	0.5368	0.5385	0.5379
3.751	0.5367	0.5385	0.5379
3.750	0.5367	0.5385	0.5379
3.749	0.5367	0.5384	0.5379
3.748	0.5367	0.5384	0.5378
3.747	0.5367	0.5384	0.5378
3.746	0.5366	0.5384	0.5378
3.745	0.5366	0.5383	0.5378
3.744	0.5366	0.5383	0.5378
3.743	0.5366	0.5383	0.5377
3.742	0.5366	0.5383	0.5377
3.741	0.5365	0.5383	0.5377
3.740	0.5365	0.5383	0.5377
3.739	0.5365	0.5382	0.5377
3.738	0.5365	0.5382	0.5376
3.737	0.5365	0.5382	0.5376
3.736	0.5364	0.5382	0.5376
3.735	0.5364	0.5382	0.5376
3.734	0.5364	0.5381	0.5375
3.733	0.5364	0.5381	0.5375
3.732	0.5364	0.5381	0.5375
3.731	0.5364	0.5381	0.5375
3.730	0.5363	0.5381	0.5375
3.729	0.5363	0.538	0.5375
3.728	0.5363	0.538	0.5374
3.727	0.5363	0.538	0.5374
3.726	0.5363	0.538	0.5374
3.725	0.5363	0.538	0.5374
3.724	0.5362	0.5379	0.5373
3.723	0.5362	0.5379	0.5373
3.722	0.5362	0.5379	0.5373
3.721	0.5362	0.5379	0.5373
3.720	0.5362	0.5378	0.5373
3.719	0.5362	0.5378	0.5373
3.718	0.5361	0.5378	0.5372
3.717	0.5361	0.5378	0.5372
3.716	0.5361	0.5377	0.5372
3.715	0.5361	0.5377	0.5372
3.714	0.5361	0.5377	0.5372
3.713	0.5361	0.5377	0.5371
3.712	0.536	0.5377	0.5371
3.711	0.536	0.5376	0.5371
3.710	0.536	0.5376	0.5371
3.709	0.536	0.5376	0.5371
3.708	0.5359	0.5376	0.537
3.707	0.5359	0.5376	0.537
3.706	0.5359	0.5375	0.537
3.705	0.5359	0.5375	0.537
3.704	0.5359	0.5375	0.537
3.703	0.5358	0.5375	0.537
3.702	0.5358	0.5375	0.537
3.701	0.5358	0.5374	0.5369
3.700	0.5358	0.5374	0.5369
3.699	0.5357	0.5374	0.5369
3.698	0.5357	0.5374	0.5369
3.697	0.5357	0.5374	0.5369
3.696	0.5357	0.5374	0.5368
3.695	0.5356	0.5373	0.5368
3.694	0.5356	0.5373	0.5368
3.693	0.5356	0.5373	0.5368
3.692	0.5356	0.5373	0.5367
3.691	0.5356	0.5373	0.5367
3.690	0.5355	0.5372	0.5367
3.689	0.5355	0.5372	0.5367
3.688	0.5355	0.5372	0.5367
3.687	0.5355	0.5372	0.5367
3.686	0.5355	0.5372	0.5366
3.685	0.5354	0.5371	0.5366
3.684	0.5354	0.5371	0.5366
3.683	0.5354	0.5371	0.5366
3.682	0.5354	0.5371	0.5366
3.681	0.5354	0.537	0.5366
3.680	0.5353	0.537	0.5365
3.679	0.5353	0.537	0.5365
3.678	0.5353	0.537	0.5365
3.677	0.5353	0.537	0.5365
3.676	0.5353	0.5369	0.5365
3.675	0.5352	0.5369	0.5364
3.674	0.5352	0.5369	0.5364
3.673	0.5352	0.5369	0.5364
3.672	0.5352	0.5369	0.5364
3.671	0.5351	0.5369	0.5364
3.670	0.5351	0.5368	0.5363
3.669	0.5351	0.5368	0.5363
3.668	0.5351	0.5368	0.5363
3.667	0.5351	0.5368	0.5363
3.666	0.5351	0.5367	0.5363
3.665	0.535	0.5367	0.5363
3.664	0.535	0.5367	0.5363
3.663	0.535	0.5367	0.5362
3.662	0.535	0.5367	0.5362
3.661	0.535	0.5366	0.5362
3.660	0.5349	0.5366	0.5362
3.659	0.5349	0.5366	0.5362
3.658	0.5349	0.5366	0.5362
3.657	0.5349	0.5366	0.5361
3.656	0.5348	0.5366	0.5361
3.655	0.5348	0.5365	0.5361
3.654	0.5348	0.5365	0.5361
3.653	0.5348	0.5365	0.5361
3.652	0.5348	0.5365	0.5361
3.651	0.5347	0.5364	0.536
3.650	0.5347	0.5364	0.536
3.649	0.5347	0.5364	0.536
3.648	0.5347	0.5364	0.536
3.647	0.5346	0.5363	0.536
3.646	0.5346	0.5363	0.5359
3.645	0.5346	0.5363	0.5359
3.644	0.5346	0.5363	0.5359
3.643	0.5346	0.5363	0.5359
3.642	0.5346	0.5363	0.5359
3.641	0.5345	0.5362	0.5358
3.640	0.5345	0.5362	0.5358
3.639	0.5345	0.5362	0.5358
3.638	0.5345	0.5362	0.5358
3.637	0.5344	0.5361	0.5357
3.636	0.5344	0.5361	0.5357
3.635	0.5344	0.5361	0.5357
3.634	0.5344	0.5361	0.5357
3.633	0.5343	0.5361	0.5357
3.632	0.5343	0.536	0.5356
3.631	0.5343	0.536	0.5356
3.630	0.5343	0.536	0.5356
3.629	0.5343	0.536	0.5356
3.628	0.5343	0.536	0.5356
3.627	0.5342	0.5359	0.5356
3.626	0.5342	0.5359	0.5355
3.625	0.5342	0.5359	0.5355
3.624	0.5342	0.5359	0.5355
3.623	0.5342	0.5358	0.5355
3.622	0.5341	0.5358	0.5354
3.621	0.5341	0.5358	0.5354
3.620	0.5341	0.5358	0.5354
3.619	0.5341	0.5358	0.5354
3.618	0.534	0.5357	0.5354
3.617	0.534	0.5357	0.5353
3.616	0.534	0.5357	0.5353
3.615	0.534	0.5357	0.5353
3.614	0.5339	0.5357	0.5353
3.613	0.5339	0.5356	0.5353
3.612	0.5339	0.5356	0.5352
3.611	0.5339	0.5356	0.5352
3.610	0.5339	0.5356	0.5352
3.609	0.5339	0.5356	0.5352
3.608	0.5338	0.5356	0.5351
3.607	0.5338	0.5355	0.5351
3.606	0.5338	0.5355	0.5351
3.605	0.5338	0.5355	0.5351
3.604	0.5338	0.5355	0.5351
3.603	0.5337	0.5354	0.535
3.602	0.5337	0.5354	0.535
3.601	0.5337	0.5354	0.535
3.600	0.5337	0.5354	0.535
3.599	0.5337	0.5354	0.5349
3.598	0.5336	0.5353	0.5349
3.597	0.5336	0.5353	0.5349
3.596	0.5336	0.5353	0.5349
3.595	0.5336	0.5353	0.5349
3.594	0.5336	0.5353	0.5349
3.593	0.5335	0.5352	0.5348
3.592	0.5335	0.5352	0.5348
3.591	0.5335	0.5352	0.5348
3.590	0.5335	0.5352	0.5348
3.589	0.5335	0.5351	0.5348
3.588	0.5334	0.5351	0.5347
3.587	0.5334	0.5351	0.5347
3.586	0.5334	0.5351	0.5347
3.585	0.5333	0.5351	0.5347
3.584	0.5333	0.5351	0.5346
3.583	0.5333	0.535	0.5346
3.582	0.5333	0.535	0.5346
3.581	0.5333	0.535	0.5346
3.580	0.5333	0.535	0.5345
3.579	0.5332	0.535	0.5345
3.578	0.5332	0.5349	0.5345
3.577	0.5332	0.5349	0.5345
3.576	0.5332	0.5349	0.5345
3.575	0.5332	0.5349	0.5345
3.574	0.5331	0.5349	0.5344
3.573	0.5331	0.5348	0.5344
3.572	0.5331	0.5348	0.5344
3.571	0.5331	0.5348	0.5344
3.570	0.5331	0.5348	0.5344
3.569	0.533	0.5348	0.5343
3.568	0.533	0.5347	0.5343
3.567	0.533	0.5347	0.5343
3.566	0.533	0.5347	0.5343
3.565	0.533	0.5347	0.5343
3.564	0.5329	0.5347	0.5342
3.563	0.5329	0.5346	0.5342
3.562	0.5329	0.5346	0.5342
3.561	0.5329	0.5346	0.5342
3.560	0.5329	0.5346	0.5342
3.559	0.5329	0.5346	0.5342
3.558	0.5328	0.5346	0.5342
3.557	0.5328	0.5345	0.5341
3.556	0.5328	0.5345	0.5341
3.555	0.5328	0.5345	0.5341
3.554	0.5327	0.5345	0.5341
3.553	0.5327	0.5344	0.5341
3.552	0.5327	0.5344	0.534
3.551	0.5327	0.5344	0.534
3.550	0.5327	0.5344	0.534
3.549	0.5327	0.5344	0.534
3.548	0.5326	0.5343	0.534
3.547	0.5326	0.5343	0.534
3.546	0.5326	0.5343	0.5339
3.545	0.5326	0.5343	0.5339
3.544	0.5325	0.5343	0.5339
3.543	0.5325	0.5343	0.5339
3.542	0.5325	0.5342	0.5339
3.541	0.5325	0.5342	0.5338
3.540	0.5325	0.5342	0.5338
3.539	0.5324	0.5342	0.5338
3.538	0.5324	0.5341	0.5338
3.537	0.5324	0.5341	0.5338
3.536	0.5324	0.5341	0.5337
3.535	0.5324	0.5341	0.5337
3.534	0.5323	0.5341	0.5337
3.533	0.5323	0.5341	0.5337
3.532	0.5323	0.534	0.5337
3.531	0.5323	0.534	0.5336
3.530	0.5323	0.534	0.5336
3.529	0.5323	0.534	0.5336
3.528	0.5322	0.5339	0.5336
3.527	0.5322	0.5339	0.5336
3.526	0.5322	0.5339	0.5336
3.525	0.5322	0.5339	0.5335
3.524	0.5322	0.5339	0.5335
3.523	0.5321	0.5339	0.5335
3.522	0.5321	0.5338	0.5335
3.521	0.5321	0.5338	0.5335
3.520	0.5321	0.5338	0.5335
3.519	0.532	0.5338	0.5334
3.518	0.532	0.5338	0.5334
3.517	0.532	0.5337	0.5334
3.516	0.532	0.5337	0.5334
3.515	0.532	0.5337	0.5333
3.514	0.532	0.5337	0.5333
3.513	0.5319	0.5336	0.5333
3.512	0.5319	0.5336	0.5333
3.511	0.5319	0.5336	0.5332
3.510	0.5318	0.5336	0.5332
3.509	0.5318	0.5336	0.5332
3.508	0.5318	0.5335	0.5332
3.507	0.5318	0.5335	0.5332
3.506	0.5317	0.5335	0.5332
3.505	0.5317	0.5335	0.5331
3.504	0.5317	0.5335	0.5331
3.503	0.5317	0.5334	0.5331
3.502	0.5317	0.5334	0.5331
3.501	0.5317	0.5334	0.5331
3.500	0.5316	0.5334	0.5331
3.499	0.5316	0.5334	0.533
3.498	0.5316	0.5333	0.533
3.497	0.5316	0.5333	0.533
3.496	0.5316	0.5333	0.533
3.495	0.5316	0.5333	0.533
3.494	0.5316	0.5333	0.5329
3.493	0.5315	0.5333	0.5329
3.492	0.5315	0.5332	0.5329
3.491	0.5315	0.5332	0.5329
3.490	0.5315	0.5332	0.5329
3.489	0.5314	0.5332	0.5328
3.488	0.5314	0.5332	0.5328
3.487	0.5314	0.5331	0.5328
3.486	0.5314	0.5331	0.5328
3.485	0.5314	0.5331	0.5328
3.484	0.5314	0.5331	0.5327
3.483	0.5314	0.533	0.5327
3.482	0.5313	0.533	0.5327
3.481	0.5313	0.533	0.5327
3.480	0.5313	0.533	0.5327
3.479	0.5313	0.533	0.5327
3.478	0.5312	0.5329	0.5326
3.477	0.5312	0.5329	0.5326
3.476	0.5312	0.5329	0.5326
3.475	0.5312	0.5329	0.5326
3.474	0.5312	0.5329	0.5326
3.473	0.5311	0.5328	0.5325
3.472	0.5311	0.5328	0.5325
3.471	0.5311	0.5328	0.5325
3.470	0.5311	0.5328	0.5325
3.469	0.5311	0.5328	0.5325
3.468	0.531	0.5328	0.5324
3.467	0.531	0.5327	0.5324
3.466	0.531	0.5327	0.5324
3.465	0.531	0.5327	0.5324
3.464	0.531	0.5327	0.5324
3.463	0.5309	0.5327	0.5323
3.462	0.5309	0.5326	0.5323
3.461	0.5309	0.5326	0.5323
3.460	0.5309	0.5326	0.5323
3.459	0.5308	0.5326	0.5323
3.458	0.5308	0.5325	0.5322
3.457	0.5308	0.5325	0.5322
3.456	0.5308	0.5325	0.5322
3.455	0.5308	0.5325	0.5322
3.454	0.5307	0.5324	0.5322
3.453	0.5307	0.5324	0.5322
3.452	0.5307	0.5324	0.5321
3.451	0.5307	0.5324	0.5321
3.450	0.5307	0.5323	0.5321
3.449	0.5307	0.5323	0.5321
3.448	0.5306	0.5323	0.5321
3.447	0.5306	0.5323	0.532
3.446	0.5306	0.5323	0.532
3.445	0.5305	0.5322	0.532
3.444	0.5305	0.5322	0.532
3.443	0.5305	0.5322	0.532
3.442	0.5305	0.5322	0.532
3.441	0.5304	0.5321	0.5319
3.440	0.5304	0.5321	0.5319
3.439	0.5304	0.5321	0.5319
3.438	0.5304	0.5321	0.5319
3.437	0.5304	0.5321	0.5318
3.436	0.5303	0.532	0.5318
3.435	0.5303	0.532	0.5318
3.434	0.5303	0.532	0.5318
3.433	0.5303	0.532	0.5318
3.432	0.5303	0.532	0.5317
3.431	0.5302	0.532	0.5317
3.430	0.5302	0.5319	0.5317
3.429	0.5302	0.5319	0.5317
3.428	0.5302	0.5319	0.5317
3.427	0.5302	0.5318	0.5316
3.426	0.5301	0.5318	0.5316
3.425	0.5301	0.5318	0.5316
3.424	0.5301	0.5318	0.5316
3.423	0.5301	0.5318	0.5316
3.422	0.5301	0.5317	0.5315
3.421	0.53	0.5317	0.5315
3.420	0.53	0.5317	0.5315
3.419	0.53	0.5317	0.5315
3.418	0.53	0.5316	0.5315
3.417	0.5299	0.5316	0.5315
3.416	0.5299	0.5316	0.5314
3.415	0.5299	0.5316	0.5314
3.414	0.5299	0.5316	0.5314
3.413	0.5299	0.5316	0.5314
3.412	0.5298	0.5315	0.5314
3.411	0.5298	0.5315	0.5314
3.410	0.5298	0.5315	0.5313
3.409	0.5298	0.5315	0.5313
3.408	0.5298	0.5315	0.5313
3.407	0.5297	0.5314	0.5313
3.406	0.5297	0.5314	0.5312
3.405	0.5297	0.5314	0.5312
3.404	0.5297	0.5314	0.5312
3.403	0.5297	0.5314	0.5312
3.402	0.5297	0.5313	0.5312
3.401	0.5296	0.5313	0.5311
3.400	0.5296	0.5313	0.5311
3.399	0.5296	0.5313	0.5311
3.398	0.5296	0.5313	0.5311
3.397	0.5295	0.5313	0.531
3.396	0.5295	0.5312	0.531
3.395	0.5295	0.5312	0.531
3.394	0.5295	0.5312	0.531
3.393	0.5295	0.5312	0.531
3.392	0.5294	0.5311	0.531
3.391	0.5294	0.5311	0.5309
3.390	0.5294	0.5311	0.5309
3.389	0.5294	0.5311	0.5309
3.388	0.5293	0.5311	0.5309
3.387	0.5293	0.5311	0.5309
3.386	0.5293	0.531	0.5309
3.385	0.5293	0.531	0.5309
3.384	0.5293	0.531	0.5308
3.383	0.5293	0.531	0.5308
3.382	0.5293	0.5309	0.5308
3.381	0.5292	0.5309	0.5308
3.380	0.5292	0.5309	0.5308
3.379	0.5292	0.5309	0.5307
3.378	0.5292	0.5309	0.5307
3.377	0.5292	0.5308	0.5307
3.376	0.5292	0.5308	0.5307
3.375	0.5291	0.5308	0.5307
3.374	0.5291	0.5308	0.5306
3.373	0.5291	0.5307	0.5306
3.372	0.5291	0.5307	0.5306
3.371	0.5291	0.5307	0.5306
3.370	0.529	0.5307	0.5306
3.369	0.529	0.5307	0.5306
3.368	0.529	0.5306	0.5305
3.367	0.529	0.5306	0.5305
3.366	0.5289	0.5306	0.5305
3.365	0.5289	0.5306	0.5305
3.364	0.5289	0.5306	0.5305
3.363	0.5288	0.5305	0.5304
3.362	0.5288	0.5305	0.5304
3.361	0.5288	0.5305	0.5304
3.360	0.5288	0.5305	0.5304
3.359	0.5288	0.5305	0.5303
3.358	0.5287	0.5304	0.5303
3.357	0.5287	0.5304	0.5303
3.356	0.5287	0.5304	0.5303
3.355	0.5287	0.5304	0.5303
3.354	0.5286	0.5304	0.5303
3.353	0.5286	0.5303	0.5303
3.352	0.5286	0.5303	0.5302
3.351	0.5286	0.5303	0.5302
3.350	0.5285	0.5303	0.5302
3.349	0.5285	0.5303	0.5302
3.348	0.5285	0.5303	0.5302
3.347	0.5285	0.5302	0.5301
3.346	0.5284	0.5302	0.5301
3.345	0.5284	0.5302	0.5301
3.344	0.5284	0.5302	0.5301
3.343	0.5284	0.5302	0.5301
3.342	0.5284	0.5302	0.5301
3.341	0.5284	0.5301	0.5301
3.340	0.5283	0.5301	0.53
3.339	0.5283	0.5301	0.53
3.338	0.5283	0.5301	0.53
3.337	0.5283	0.5301	0.53
3.336	0.5282	0.53	0.53
3.335	0.5282	0.53	0.5299
3.334	0.5282	0.53	0.5299
3.333	0.5282	0.53	0.5299
3.332	0.5282	0.53	0.5299
3.331	0.5281	0.5299	0.5298
3.330	0.5281	0.5299	0.5298
3.329	0.5281	0.5299	0.5298
3.328	0.5281	0.5299	0.5298
3.327	0.5281	0.5298	0.5298
3.326	0.528	0.5298	0.5298
3.325	0.528	0.5298	0.5297
3.324	0.528	0.5298	0.5297
3.323	0.528	0.5298	0.5297
3.322	0.528	0.5297	0.5297
3.321	0.5279	0.5297	0.5297
3.320	0.5279	0.5297	0.5296
3.319	0.5279	0.5297	0.5296
3.318	0.5279	0.5297	0.5296
3.317	0.5279	0.5296	0.5296
3.316	0.5278	0.5296	0.5296
3.315	0.5278	0.5296	0.5295
3.314	0.5278	0.5296	0.5295
3.313	0.5278	0.5295	0.5295
3.312	0.5277	0.5295	0.5295
3.311	0.5277	0.5295	0.5294
3.310	0.5277	0.5295	0.5294
3.309	0.5277	0.5294	0.5294
3.308	0.5277	0.5294	0.5294
3.307	0.5276	0.5294	0.5294
3.306	0.5276	0.5294	0.5293
3.305	0.5276	0.5294	0.5293
3.304	0.5276	0.5293	0.5293
3.303	0.5276	0.5293	0.5293
3.302	0.5276	0.5293	0.5292
3.301	0.5275	0.5293	0.5292
3.300	0.5275	0.5293	0.5292
3.299	0.5275	0.5292	0.5292
3.298	0.5275	0.5292	0.5292
3.297	0.5275	0.5292	0.5291
3.296	0.5274	0.5292	0.5291
3.295	0.5274	0.5292	0.5291
3.294	0.5274	0.5292	0.5291
3.293	0.5274	0.5292	0.5291
3.292	0.5273	0.5291	0.529
3.291	0.5273	0.5291	0.529
3.290	0.5273	0.5291	0.529
3.289	0.5273	0.5291	0.529
3.288	0.5273	0.529	0.529
3.287	0.5272	0.529	0.5289
3.286	0.5272	0.529	0.5289
3.285	0.5272	0.529	0.5289
3.284	0.5272	0.5289	0.5289
3.283	0.5272	0.5289	0.5289
3.282	0.5271	0.5289	0.5288
3.281	0.5271	0.5289	0.5288
3.280	0.5271	0.5288	0.5288
3.279	0.5271	0.5288	0.5288
3.278	0.527	0.5288	0.5287
3.277	0.527	0.5288	0.5287
3.276	0.527	0.5288	0.5287
3.275	0.527	0.5287	0.5287
3.274	0.527	0.5287	0.5287
3.273	0.527	0.5287	0.5287
3.272	0.5269	0.5287	0.5286
3.271	0.5269	0.5287	0.5286
3.270	0.5269	0.5286	0.5286
3.269	0.5269	0.5286	0.5286
3.268	0.5269	0.5286	0.5285
3.267	0.5269	0.5285	0.5285
3.266	0.5268	0.5285	0.5285
3.265	0.5268	0.5285	0.5285
3.264	0.5268	0.5285	0.5285
3.263	0.5268	0.5285	0.5284
3.262	0.5267	0.5284	0.5284
3.261	0.5267	0.5284	0.5284
3.260	0.5267	0.5284	0.5284
3.259	0.5267	0.5284	0.5284
3.258	0.5266	0.5284	0.5283
3.257	0.5266	0.5283	0.5283
3.256	0.5266	0.5283	0.5283
3.255	0.5266	0.5283	0.5283
3.254	0.5266	0.5282	0.5282
3.253	0.5265	0.5282	0.5282
3.252	0.5265	0.5282	0.5282
3.251	0.5265	0.5282	0.5282
3.250	0.5265	0.5281	0.5281
3.249	0.5265	0.5281	0.5281
3.248	0.5264	0.5281	0.5281
3.247	0.5264	0.5281	0.5281
3.246	0.5264	0.528	0.5281
3.245	0.5264	0.528	0.528
3.244	0.5264	0.528	0.528
3.243	0.5264	0.528	0.528
3.242	0.5263	0.528	0.528
3.241	0.5263	0.5279	0.528
3.240	0.5263	0.5279	0.5279
3.239	0.5263	0.5279	0.5279
3.238	0.5262	0.5279	0.5279
3.237	0.5262	0.5279	0.5279
3.236	0.5262	0.5279	0.5278
3.235	0.5262	0.5278	0.5278
3.234	0.5262	0.5278	0.5278
3.233	0.5261	0.5278	0.5278
3.232	0.5261	0.5278	0.5278
3.231	0.5261	0.5278	0.5278
3.230	0.5261	0.5278	0.5278
3.229	0.526	0.5277	0.5277
3.228	0.526	0.5277	0.5277
3.227	0.526	0.5277	0.5277
3.226	0.526	0.5277	0.5277
3.225	0.526	0.5277	0.5277
3.224	0.5259	0.5276	0.5276
3.223	0.5259	0.5276	0.5276
3.222	0.5259	0.5276	0.5276
3.221	0.5259	0.5276	0.5276
3.220	0.5259	0.5276	0.5276
3.219	0.5258	0.5275	0.5275
3.218	0.5258	0.5275	0.5275
3.217	0.5258	0.5275	0.5275
3.216	0.5258	0.5275	0.5275
3.215	0.5258	0.5275	0.5274
3.214	0.5257	0.5275	0.5274
3.213	0.5257	0.5274	0.5274
3.212	0.5257	0.5274	0.5274
3.211	0.5257	0.5274	0.5274
3.210	0.5256	0.5274	0.5273
3.209	0.5256	0.5274	0.5273
3.208	0.5256	0.5273	0.5273
3.207	0.5256	0.5273	0.5273
3.206	0.5256	0.5273	0.5272
3.205	0.5256	0.5273	0.5272
3.204	0.5255	0.5273	0.5272
3.203	0.5255	0.5272	0.5272
3.202	0.5255	0.5272	0.5272
3.201	0.5255	0.5272	0.5271
3.200	0.5255	0.5272	0.5271
3.199	0.5254	0.5271	0.5271
3.198	0.5254	0.5271	0.5271
3.197	0.5254	0.5271	0.5271
3.196	0.5254	0.5271	0.527
3.195	0.5253	0.5271	0.527
3.194	0.5253	0.527	0.527
3.193	0.5253	0.527	0.527
3.192	0.5253	0.527	0.5269
3.191	0.5253	0.527	0.5269
3.190	0.5252	0.5269	0.5269
3.189	0.5252	0.5269	0.5269
3.188	0.5252	0.5269	0.5269
3.187	0.5252	0.5269	0.5268
3.186	0.5252	0.5269	0.5268
3.185	0.5251	0.5268	0.5268
3.184	0.5251	0.5268	0.5268
3.183	0.5251	0.5268	0.5268
3.182	0.5251	0.5268	0.5267
3.181	0.5251	0.5267	0.5267
3.180	0.525	0.5267	0.5267
3.179	0.525	0.5267	0.5267
3.178	0.525	0.5267	0.5267
3.177	0.525	0.5267	0.5266
3.176	0.525	0.5267	0.5266
3.175	0.5249	0.5266	0.5266
3.174	0.5249	0.5266	0.5266
3.173	0.5249	0.5266	0.5266
3.172	0.5249	0.5266	0.5265
3.171	0.5249	0.5266	0.5265
3.170	0.5248	0.5266	0.5265
3.169	0.5248	0.5265	0.5265
3.168	0.5248	0.5265	0.5264
3.167	0.5248	0.5265	0.5264
3.166	0.5248	0.5265	0.5264
3.165	0.5248	0.5265	0.5264
3.164	0.5247	0.5264	0.5264
3.163	0.5247	0.5264	0.5263
3.162	0.5247	0.5264	0.5263
3.161	0.5247	0.5264	0.5263
3.160	0.5246	0.5264	0.5263
3.159	0.5246	0.5263	0.5262
3.158	0.5246	0.5263	0.5262
3.157	0.5246	0.5263	0.5262
3.156	0.5246	0.5263	0.5262
3.155	0.5245	0.5262	0.5261
3.154	0.5245	0.5262	0.5261
3.153	0.5245	0.5262	0.5261
3.152	0.5245	0.5262	0.5261
3.151	0.5244	0.5262	0.5261
3.150	0.5244	0.5262	0.5261
3.149	0.5244	0.5261	0.526
3.148	0.5244	0.5261	0.526
3.147	0.5244	0.5261	0.526
3.146	0.5243	0.5261	0.526
3.145	0.5243	0.526	0.526
3.144	0.5243	0.526	0.5259
3.143	0.5243	0.526	0.5259
3.142	0.5242	0.5259	0.5259
3.141	0.5242	0.5259	0.5259
3.140	0.5242	0.5259	0.5259
3.139	0.5242	0.5259	0.5258
3.138	0.5242	0.5259	0.5258
3.137	0.5242	0.5258	0.5258
3.136	0.5241	0.5258	0.5258
3.135	0.5241	0.5258	0.5258
3.134	0.5241	0.5258	0.5257
3.133	0.5241	0.5257	0.5257
3.132	0.524	0.5257	0.5257
3.131	0.524	0.5257	0.5257
3.130	0.524	0.5257	0.5256
3.129	0.524	0.5256	0.5256
3.128	0.5239	0.5256	0.5256
3.127	0.5239	0.5256	0.5256
3.126	0.5239	0.5256	0.5256
3.125	0.5239	0.5256	0.5255
3.124	0.5239	0.5255	0.5255
3.123	0.5239	0.5255	0.5255
3.122	0.5238	0.5255	0.5255
3.121	0.5238	0.5255	0.5255
3.120	0.5238	0.5254	0.5254
3.119	0.5238	0.5254	0.5254
3.118	0.5237	0.5254	0.5254
3.117	0.5237	0.5254	0.5254
3.116	0.5237	0.5254	0.5254
3.115	0.5237	0.5253	0.5253
3.114	0.5237	0.5253	0.5253
3.113	0.5236	0.5253	0.5253
3.112	0.5236	0.5253	0.5253
3.111	0.5236	0.5253	0.5253
3.110	0.5235	0.5252	0.5252
3.109	0.5235	0.5252	0.5252
3.108	0.5235	0.5252	0.5252
3.107	0.5235	0.5252	0.5252
3.106	0.5234	0.5252	0.5251
3.105	0.5234	0.5252	0.5251
3.104	0.5234	0.5251	0.5251
3.103	0.5234	0.5251	0.5251
3.102	0.5234	0.5251	0.5251
3.101	0.5234	0.5251	0.525
3.100	0.5234	0.5251	0.525
3.099	0.5233	0.525	0.525
3.098	0.5233	0.525	0.525
3.097	0.5233	0.525	0.5249
3.096	0.5233	0.525	0.5249
3.095	0.5233	0.525	0.5249
3.094	0.5232	0.525	0.5249
3.093	0.5232	0.5249	0.5248
3.092	0.5232	0.5249	0.5248
3.091	0.5231	0.5249	0.5248
3.090	0.5231	0.5249	0.5248
3.089	0.5231	0.5248	0.5247
3.088	0.5231	0.5248	0.5247
3.087	0.5231	0.5248	0.5247
3.086	0.5231	0.5248	0.5247
3.085	0.523	0.5248	0.5247
3.084	0.523	0.5247	0.5246
3.083	0.523	0.5247	0.5246
3.082	0.523	0.5247	0.5246
3.081	0.5229	0.5247	0.5246
3.080	0.5229	0.5246	0.5246
3.079	0.5229	0.5246	0.5245
3.078	0.5229	0.5246	0.5245
3.077	0.5229	0.5246	0.5245
3.076	0.5228	0.5246	0.5245
3.075	0.5228	0.5245	0.5244
3.074	0.5228	0.5245	0.5244
3.073	0.5228	0.5245	0.5244
3.072	0.5228	0.5245	0.5244
3.071	0.5228	0.5245	0.5244
3.070	0.5227	0.5244	0.5243
3.069	0.5227	0.5244	0.5243
3.068	0.5227	0.5244	0.5243
3.067	0.5227	0.5244	0.5243
3.066	0.5226	0.5244	0.5243
3.065	0.5226	0.5243	0.5242
3.064	0.5226	0.5243	0.5242
3.063	0.5226	0.5243	0.5242
3.062	0.5226	0.5243	0.5242
3.061	0.5225	0.5243	0.5241
3.060	0.5225	0.5242	0.5241
3.059	0.5225	0.5242	0.5241
3.058	0.5225	0.5242	0.5241
3.057	0.5225	0.5242	0.5241
3.056	0.5224	0.5241	0.5241
3.055	0.5224	0.5241	0.524
3.054	0.5224	0.5241	0.524
3.053	0.5224	0.5241	0.524
3.052	0.5223	0.5241	0.524
3.051	0.5223	0.524	0.524
3.050	0.5223	0.524	0.5239
3.049	0.5223	0.524	0.5239
3.048	0.5223	0.524	0.5239
3.047	0.5223	0.5239	0.5239
3.046	0.5222	0.5239	0.5239
3.045	0.5222	0.5239	0.5238
3.044	0.5222	0.5239	0.5238
3.043	0.5222	0.5239	0.5238
3.042	0.5222	0.5239	0.5238
3.041	0.5221	0.5238	0.5238
3.040	0.5221	0.5238	0.5238
3.039	0.5221	0.5238	0.5237
3.038	0.5221	0.5238	0.5237
3.037	0.522	0.5237	0.5237
3.036	0.522	0.5237	0.5237
3.035	0.522	0.5237	0.5237
3.034	0.522	0.5237	0.5236
3.033	0.522	0.5237	0.5236
3.032	0.5219	0.5236	0.5236
3.031	0.5219	0.5236	0.5236
3.030	0.5219	0.5236	0.5235
3.029	0.5219	0.5236	0.5235
3.028	0.5219	0.5236	0.5235
3.027	0.5218	0.5235	0.5235
3.026	0.5218	0.5235	0.5234
3.025	0.5218	0.5235	0.5234
3.024	0.5218	0.5235	0.5234
3.023	0.5218	0.5234	0.5234
3.022	0.5217	0.5234	0.5234
3.021	0.5217	0.5234	0.5233
3.020	0.5217	0.5234	0.5233
3.019	0.5217	0.5233	0.5233
3.018	0.5217	0.5233	0.5233
3.017	0.5216	0.5233	0.5232
3.016	0.5216	0.5232	0.5232
3.015	0.5216	0.5232	0.5232
3.014	0.5216	0.5232	0.5232
3.013	0.5216	0.5232	0.5232
3.012	0.5216	0.5232	0.5231
3.011	0.5215	0.5232	0.5231
3.010	0.5215	0.5231	0.5231
3.009	0.5215	0.5231	0.5231
3.008	0.5215	0.5231	0.523
3.007	0.5215	0.5231	0.523
3.006	0.5215	0.5231	0.523
3.005	0.5215	0.523	0.523
3.004	0.5214	0.523	0.523
3.003	0.5214	0.523	0.523
3.002	0.5214	0.523	0.5229
3.001	0.5214	0.5229	0.5229
3.000	0.5213	0.5229	0.5229
2.999	0.5213	0.5229	0.5229
2.998	0.5213	0.5229	0.5229
2.997	0.5213	0.5229	0.5228
2.996	0.5213	0.5228	0.5228
2.995	0.5212	0.5228	0.5228
2.994	0.5212	0.5228	0.5228
2.993	0.5212	0.5228	0.5228
2.992	0.5212	0.5227	0.5227
2.991	0.5212	0.5227	0.5227
2.990	0.5211	0.5227	0.5227
2.989	0.5211	0.5227	0.5227
2.988	0.5211	0.5226	0.5226
2.987	0.5211	0.5226	0.5226
2.986	0.5211	0.5226	0.5226
2.985	0.5211	0.5226	0.5226
2.984	0.521	0.5225	0.5226
2.983	0.521	0.5225	0.5225
2.982	0.521	0.5225	0.5225
2.981	0.521	0.5224	0.5225
2.980	0.5209	0.5224	0.5225
2.979	0.5209	0.5224	0.5224
2.978	0.5209	0.5224	0.5224
2.977	0.5209	0.5224	0.5224
2.976	0.5209	0.5223	0.5224
2.975	0.5208	0.5223	0.5223
2.974	0.5208	0.5223	0.5223
2.973	0.5208	0.5223	0.5223
2.972	0.5208	0.5223	0.5222
2.971	0.5207	0.5222	0.5222
2.970	0.5207	0.5222	0.5222
2.969	0.5207	0.5222	0.5222
2.968	0.5207	0.5222	0.5221
2.967	0.5207	0.5222	0.5221
2.966	0.5207	0.5221	0.5221
2.965	0.5206	0.5221	0.5221
2.964	0.5206	0.5221	0.522
2.963	0.5206	0.5221	0.522
2.962	0.5206	0.5221	0.522
2.961	0.5205	0.522	0.522
2.960	0.5205	0.522	0.522
2.959	0.5205	0.522	0.522
2.958	0.5205	0.522	0.5219
2.957	0.5204	0.522	0.5219
2.956	0.5204	0.5219	0.5219
2.955	0.5204	0.5219	0.5219
2.954	0.5204	0.5219	0.5219
2.953	0.5203	0.5218	0.5218
2.952	0.5203	0.5218	0.5218
2.951	0.5203	0.5218	0.5218
2.950	0.5203	0.5218	0.5217
2.949	0.5203	0.5218	0.5217
2.948	0.5202	0.5217	0.5217
2.947	0.5202	0.5217	0.5217
2.946	0.5202	0.5217	0.5217
2.945	0.5202	0.5217	0.5217
2.944	0.5201	0.5216	0.5216
2.943	0.5201	0.5216	0.5216
2.942	0.5201	0.5216	0.5216
2.941	0.5201	0.5216	0.5216
2.940	0.5201	0.5216	0.5215
2.939	0.52	0.5215	0.5215
2.938	0.52	0.5215	0.5215
2.937	0.52	0.5215	0.5215
2.936	0.52	0.5215	0.5214
2.935	0.5199	0.5215	0.5214
2.934	0.5199	0.5214	0.5214
2.933	0.5199	0.5214	0.5214
2.932	0.5198	0.5214	0.5213
2.931	0.5198	0.5214	0.5213
2.930	0.5198	0.5214	0.5213
2.929	0.5198	0.5214	0.5213
2.928	0.5198	0.5213	0.5212
2.927	0.5197	0.5213	0.5212
2.926	0.5197	0.5213	0.5212
2.925	0.5197	0.5213	0.5212
2.924	0.5197	0.5212	0.5212
2.923	0.5196	0.5212	0.5211
2.922	0.5196	0.5212	0.5211
2.921	0.5196	0.5212	0.5211
2.920	0.5196	0.5211	0.5211
2.919	0.5195	0.5211	0.5211
2.918	0.5195	0.5211	0.521
2.917	0.5195	0.5211	0.521
2.916	0.5195	0.5211	0.521
2.915	0.5195	0.521	0.521
2.914	0.5195	0.521	0.5209
2.913	0.5194	0.521	0.5209
2.912	0.5194	0.521	0.5209
2.911	0.5194	0.521	0.5209
2.910	0.5194	0.5209	0.5209
2.909	0.5194	0.5209	0.5208
2.908	0.5193	0.5209	0.5208
2.907	0.5193	0.5208	0.5208
2.906	0.5193	0.5208	0.5208
2.905	0.5193	0.5208	0.5208
2.904	0.5192	0.5208	0.5207
2.903	0.5192	0.5208	0.5207
2.902	0.5192	0.5207	0.5207
2.901	0.5192	0.5207	0.5207
2.900	0.5191	0.5207	0.5206
2.899	0.5191	0.5207	0.5206
2.898	0.5191	0.5206	0.5206
2.897	0.5191	0.5206	0.5206
2.896	0.519	0.5206	0.5205
2.895	0.519	0.5206	0.5205
2.894	0.519	0.5206	0.5205
2.893	0.519	0.5205	0.5205
2.892	0.519	0.5205	0.5205
2.891	0.5189	0.5205	0.5204
2.890	0.5189	0.5205	0.5204
2.889	0.5189	0.5204	0.5204
2.888	0.5189	0.5204	0.5204
2.887	0.5188	0.5204	0.5204
2.886	0.5188	0.5204	0.5203
2.885	0.5188	0.5203	0.5203
2.884	0.5188	0.5203	0.5203
2.883	0.5188	0.5203	0.5203
2.882	0.5187	0.5203	0.5202
2.881	0.5187	0.5203	0.5202
2.880	0.5187	0.5202	0.5202
2.879	0.5187	0.5202	0.5202
2.878	0.5187	0.5202	0.5202
2.877	0.5186	0.5202	0.5201
2.876	0.5186	0.5201	0.5201
2.875	0.5186	0.5201	0.5201
2.874	0.5186	0.5201	0.52
2.873	0.5185	0.5201	0.52
2.872	0.5185	0.52	0.52
2.871	0.5185	0.52	0.5199
2.870	0.5185	0.52	0.5199
2.869	0.5184	0.52	0.5199
2.868	0.5184	0.5199	0.5199
2.867	0.5184	0.5199	0.5199
2.866	0.5184	0.5199	0.5198
2.865	0.5184	0.5199	0.5198
2.864	0.5183	0.5199	0.5198
2.863	0.5183	0.5198	0.5198
2.862	0.5183	0.5198	0.5197
2.861	0.5183	0.5198	0.5197
2.860	0.5183	0.5198	0.5197
2.859	0.5182	0.5197	0.5197
2.858	0.5182	0.5197	0.5196
2.857	0.5182	0.5197	0.5196
2.856	0.5182	0.5197	0.5196
2.855	0.5182	0.5196	0.5196
2.854	0.5181	0.5196	0.5195
2.853	0.5181	0.5196	0.5195
2.852	0.5181	0.5195	0.5195
2.851	0.5181	0.5195	0.5195
2.850	0.5181	0.5195	0.5194
2.849	0.518	0.5195	0.5194
2.848	0.518	0.5194	0.5194
2.847	0.518	0.5194	0.5194
2.846	0.518	0.5194	0.5193
2.845	0.518	0.5194	0.5193
2.844	0.5179	0.5194	0.5193
2.843	0.5179	0.5194	0.5193
2.842	0.5179	0.5193	0.5193
2.841	0.5179	0.5193	0.5192
2.840	0.5178	0.5193	0.5192
2.839	0.5178	0.5192	0.5192
2.838	0.5178	0.5192	0.5192
2.837	0.5178	0.5192	0.5191
2.836	0.5178	0.5192	0.5191
2.835	0.5177	0.5192	0.5191
2.834	0.5177	0.5191	0.5191
2.833	0.5177	0.5191	0.5191
2.832	0.5177	0.5191	0.519
2.831	0.5176	0.5191	0.519
2.830	0.5176	0.519	0.519
2.829	0.5176	0.519	0.519
2.828	0.5176	0.519	0.5189
2.827	0.5175	0.519	0.5189
2.826	0.5175	0.5189	0.5189
2.825	0.5175	0.5189	0.5188
2.824	0.5175	0.5189	0.5188
2.823	0.5175	0.5189	0.5188
2.822	0.5174	0.5189	0.5188
2.821	0.5174	0.5188	0.5187
2.820	0.5174	0.5188	0.5187
2.819	0.5174	0.5188	0.5187
2.818	0.5173	0.5188	0.5187
2.817	0.5173	0.5188	0.5187
2.816	0.5173	0.5187	0.5187
2.815	0.5173	0.5187	0.5186
2.814	0.5172	0.5187	0.5186
2.813	0.5172	0.5187	0.5186
2.812	0.5172	0.5187	0.5186
2.811	0.5172	0.5186	0.5186
2.810	0.5172	0.5186	0.5185
2.809	0.5171	0.5186	0.5185
2.808	0.5171	0.5186	0.5185
2.807	0.5171	0.5186	0.5185
2.806	0.517	0.5185	0.5184
2.805	0.517	0.5185	0.5184
2.804	0.517	0.5185	0.5184
2.803	0.517	0.5185	0.5184
2.802	0.5169	0.5184	0.5184
2.801	0.5169	0.5184	0.5183
2.800	0.5169	0.5184	0.5183
2.799	0.5169	0.5184	0.5183
2.798	0.5169	0.5183	0.5182
2.797	0.5168	0.5183	0.5182
2.796	0.5168	0.5183	0.5182
2.795	0.5168	0.5183	0.5182
2.794	0.5168	0.5182	0.5181
2.793	0.5168	0.5182	0.5181
2.792	0.5167	0.5182	0.5181
2.791	0.5167	0.5182	0.5181
2.790	0.5167	0.5181	0.5181
2.789	0.5167	0.5181	0.518
2.788	0.5166	0.5181	0.518
2.787	0.5166	0.5181	0.518
2.786	0.5166	0.518	0.518
2.785	0.5166	0.518	0.518
2.784	0.5165	0.518	0.5179
2.783	0.5165	0.518	0.5179
2.782	0.5165	0.518	0.5179
2.781	0.5165	0.5179	0.5179
2.780	0.5165	0.5179	0.5178
2.779	0.5164	0.5179	0.5178
2.778	0.5164	0.5179	0.5178
2.777	0.5164	0.5179	0.5178
2.776	0.5164	0.5178	0.5178
2.775	0.5164	0.5178	0.5177
2.774	0.5163	0.5178	0.5177
2.773	0.5163	0.5178	0.5177
2.772	0.5163	0.5177	0.5177
2.771	0.5163	0.5177	0.5177
2.770	0.5163	0.5177	0.5176
2.769	0.5162	0.5177	0.5176
2.768	0.5162	0.5176	0.5176
2.767	0.5162	0.5176	0.5176
2.766	0.5162	0.5176	0.5176
2.765	0.5161	0.5176	0.5175
2.764	0.5161	0.5176	0.5175
2.763	0.5161	0.5175	0.5175
2.762	0.5161	0.5175	0.5175
2.761	0.5161	0.5175	0.5174
2.760	0.516	0.5175	0.5174
2.759	0.516	0.5174	0.5174
2.758	0.516	0.5174	0.5174
2.757	0.5159	0.5174	0.5174
2.756	0.5159	0.5174	0.5173
2.755	0.5159	0.5173	0.5173
2.754	0.5159	0.5173	0.5173
2.753	0.5158	0.5173	0.5173
2.752	0.5158	0.5173	0.5172
2.751	0.5158	0.5172	0.5172
2.750	0.5158	0.5172	0.5172
2.749	0.5157	0.5172	0.5172
2.748	0.5157	0.5172	0.5171
2.747	0.5157	0.5171	0.5171
2.746	0.5157	0.5171	0.5171
2.745	0.5156	0.5171	0.5171
2.744	0.5156	0.5171	0.5171
2.743	0.5156	0.517	0.517
2.742	0.5156	0.517	0.517
2.741	0.5155	0.517	0.517
2.740	0.5155	0.517	0.517
2.739	0.5155	0.517	0.5169
2.738	0.5155	0.5169	0.5169
2.737	0.5154	0.5169	0.5169
2.736	0.5154	0.5169	0.5169
2.735	0.5154	0.5169	0.5168
2.734	0.5154	0.5168	0.5168
2.733	0.5154	0.5168	0.5168
2.732	0.5153	0.5168	0.5168
2.731	0.5153	0.5168	0.5167
2.730	0.5153	0.5168	0.5167
2.729	0.5153	0.5168	0.5167
2.728	0.5152	0.5167	0.5167
2.727	0.5152	0.5167	0.5167
2.726	0.5152	0.5167	0.5166
2.725	0.5152	0.5167	0.5166
2.724	0.5151	0.5167	0.5166
2.723	0.5151	0.5166	0.5166
2.722	0.5151	0.5166	0.5166
2.721	0.5151	0.5166	0.5165
2.720	0.5151	0.5166	0.5165
2.719	0.515	0.5165	0.5165
2.718	0.515	0.5165	0.5165
2.717	0.515	0.5165	0.5164
2.716	0.5149	0.5164	0.5164
2.715	0.5149	0.5164	0.5164
2.714	0.5149	0.5164	0.5164
2.713	0.5149	0.5164	0.5163
2.712	0.5148	0.5163	0.5163
2.711	0.5148	0.5163	0.5163
2.710	0.5148	0.5163	0.5163
2.709	0.5148	0.5163	0.5163
2.708	0.5148	0.5163	0.5162
2.707	0.5147	0.5162	0.5162
2.706	0.5147	0.5162	0.5162
2.705	0.5147	0.5162	0.5162
2.704	0.5147	0.5162	0.5161
2.703	0.5146	0.5161	0.5161
2.702	0.5146	0.5161	0.5161
2.701	0.5146	0.5161	0.5161
2.700	0.5146	0.5161	0.516
2.699	0.5146	0.5161	0.516
2.698	0.5145	0.516	0.516
2.697	0.5145	0.516	0.5159
2.696	0.5145	0.516	0.5159
2.695	0.5144	0.516	0.5159
2.694	0.5144	0.5159	0.5159
2.693	0.5144	0.5159	0.5158
2.692	0.5144	0.5159	0.5158
2.691	0.5144	0.5159	0.5158
2.690	0.5143	0.5158	0.5158
2.689	0.5143	0.5158	0.5157
2.688	0.5143	0.5158	0.5157
2.687	0.5143	0.5158	0.5157
2.686	0.5143	0.5157	0.5157
2.685	0.5142	0.5157	0.5156
2.684	0.5142	0.5157	0.5156
2.683	0.5142	0.5157	0.5156
2.682	0.5142	0.5157	0.5156
2.681	0.5141	0.5156	0.5155
2.680	0.5141	0.5156	0.5155
2.679	0.5141	0.5156	0.5155
2.678	0.5141	0.5156	0.5154
2.677	0.514	0.5155	0.5154
2.676	0.514	0.5155	0.5154
2.675	0.514	0.5155	0.5154
2.674	0.514	0.5155	0.5154
2.673	0.5139	0.5154	0.5153
2.672	0.5139	0.5154	0.5153
2.671	0.5139	0.5154	0.5153
2.670	0.5139	0.5154	0.5153
2.669	0.5139	0.5154	0.5153
2.668	0.5138	0.5153	0.5152
2.667	0.5138	0.5153	0.5152
2.666	0.5138	0.5153	0.5152
2.665	0.5138	0.5153	0.5152
2.664	0.5138	0.5152	0.5151
2.663	0.5137	0.5152	0.5151
2.662	0.5137	0.5152	0.5151
2.661	0.5137	0.5152	0.5151
2.660	0.5137	0.5152	0.5151
2.659	0.5136	0.5151	0.515
2.658	0.5136	0.5151	0.515
2.657	0.5136	0.5151	0.515
2.656	0.5136	0.5151	0.515
2.655	0.5135	0.515	0.5149
2.654	0.5135	0.515	0.5149
2.653	0.5135	0.515	0.5149
2.652	0.5135	0.515	0.5149
2.651	0.5135	0.5149	0.5148
2.650	0.5134	0.5149	0.5148
2.649	0.5134	0.5149	0.5148
2.648	0.5134	0.5149	0.5148
2.647	0.5134	0.5148	0.5147
2.646	0.5133	0.5148	0.5147
2.645	0.5133	0.5148	0.5147
2.644	0.5133	0.5148	0.5147
2.643	0.5133	0.5147	0.5147
2.642	0.5133	0.5147	0.5146
2.641	0.5132	0.5147	0.5146
2.640	0.5132	0.5147	0.5146
2.639	0.5132	0.5146	0.5146
2.638	0.5132	0.5146	0.5145
2.637	0.5131	0.5146	0.5145
2.636	0.5131	0.5146	0.5145
2.635	0.5131	0.5145	0.5145
2.634	0.5131	0.5145	0.5145
2.633	0.5131	0.5145	0.5144
2.632	0.513	0.5144	0.5144
2.631	0.513	0.5144	0.5144
2.630	0.513	0.5144	0.5144
2.629	0.513	0.5144	0.5143
2.628	0.5129	0.5143	0.5143
2.627	0.5129	0.5143	0.5143
2.626	0.5129	0.5143	0.5143
2.625	0.5129	0.5143	0.5143
2.624	0.5128	0.5142	0.5142
2.623	0.5128	0.5142	0.5142
2.622	0.5128	0.5142	0.5142
2.621	0.5128	0.5141	0.5141
2.620	0.5128	0.5141	0.5141
2.619	0.5127	0.5141	0.5141
2.618	0.5127	0.5141	0.5141
2.617	0.5127	0.5141	0.514
2.616	0.5127	0.514	0.514
2.615	0.5126	0.514	0.514
2.614	0.5126	0.514	0.514
2.613	0.5126	0.514	0.514
2.612	0.5126	0.5139	0.5139
2.611	0.5125	0.5139	0.5139
2.610	0.5125	0.5139	0.5139
2.609	0.5125	0.5139	0.5139
2.608	0.5125	0.5138	0.5139
2.607	0.5124	0.5138	0.5138
2.606	0.5124	0.5138	0.5138
2.605	0.5124	0.5138	0.5138
2.604	0.5124	0.5138	0.5138
2.603	0.5123	0.5137	0.5137
2.602	0.5123	0.5137	0.5137
2.601	0.5123	0.5137	0.5137
2.600	0.5123	0.5137	0.5137
2.599	0.5123	0.5136	0.5136
2.598	0.5122	0.5136	0.5136
2.597	0.5122	0.5136	0.5136
2.596	0.5122	0.5136	0.5136
2.595	0.5122	0.5135	0.5136
2.594	0.5121	0.5135	0.5135
2.593	0.5121	0.5135	0.5135
2.592	0.5121	0.5135	0.5135
2.591	0.5121	0.5135	0.5135
2.590	0.512	0.5134	0.5135
2.589	0.512	0.5134	0.5134
2.588	0.512	0.5134	0.5134
2.587	0.5119	0.5134	0.5134
2.586	0.5119	0.5134	0.5134
2.585	0.5119	0.5133	0.5133
2.584	0.5119	0.5133	0.5133
2.583	0.5118	0.5133	0.5133
2.582	0.5118	0.5133	0.5133
2.581	0.5118	0.5132	0.5133
2.580	0.5117	0.5132	0.5132
2.579	0.5117	0.5132	0.5132
2.578	0.5117	0.5132	0.5132
2.577	0.5117	0.5131	0.5131
2.576	0.5117	0.5131	0.5131
2.575	0.5116	0.5131	0.5131
2.574	0.5116	0.5131	0.5131
2.573	0.5116	0.513	0.5131
2.572	0.5116	0.513	0.513
2.571	0.5115	0.513	0.513
2.570	0.5115	0.5129	0.513
2.569	0.5115	0.5129	0.513
2.568	0.5115	0.5129	0.5129
2.567	0.5114	0.5129	0.5129
2.566	0.5114	0.5129	0.5129
2.565	0.5114	0.5128	0.5129
2.564	0.5114	0.5128	0.5128
2.563	0.5113	0.5128	0.5128
2.562	0.5113	0.5128	0.5128
2.561	0.5113	0.5127	0.5128
2.560	0.5113	0.5127	0.5127
2.559	0.5112	0.5127	0.5127
2.558	0.5112	0.5127	0.5127
2.557	0.5112	0.5126	0.5126
2.556	0.5112	0.5126	0.5126
2.555	0.5111	0.5126	0.5126
2.554	0.5111	0.5126	0.5126
2.553	0.5111	0.5125	0.5125
2.552	0.5111	0.5125	0.5125
2.551	0.5111	0.5125	0.5125
2.550	0.511	0.5125	0.5125
2.549	0.511	0.5124	0.5124
2.548	0.511	0.5124	0.5124
2.547	0.511	0.5124	0.5124
2.546	0.511	0.5124	0.5124
2.545	0.5109	0.5123	0.5123
2.544	0.5109	0.5123	0.5123
2.543	0.5109	0.5123	0.5123
2.542	0.5109	0.5123	0.5123
2.541	0.5108	0.5122	0.5123
2.540	0.5108	0.5122	0.5122
2.539	0.5108	0.5122	0.5122
2.538	0.5108	0.5122	0.5122
2.537	0.5108	0.5121	0.5122
2.536	0.5107	0.5121	0.5121
2.535	0.5107	0.5121	0.5121
2.534	0.5107	0.5121	0.5121
2.533	0.5106	0.512	0.5121
2.532	0.5106	0.512	0.512
2.531	0.5106	0.512	0.512
2.530	0.5106	0.512	0.512
2.529	0.5105	0.5119	0.512
2.528	0.5105	0.5119	0.5119
2.527	0.5105	0.5119	0.5119
2.526	0.5105	0.5119	0.5119
2.525	0.5105	0.5118	0.5119
2.524	0.5104	0.5118	0.5119
2.523	0.5104	0.5118	0.5118
2.522	0.5104	0.5118	0.5118
2.521	0.5104	0.5117	0.5118
2.520	0.5103	0.5117	0.5118
2.519	0.5103	0.5117	0.5118
2.518	0.5103	0.5117	0.5117
2.517	0.5103	0.5116	0.5117
2.516	0.5102	0.5116	0.5117
2.515	0.5102	0.5116	0.5116
2.514	0.5102	0.5115	0.5116
2.513	0.5102	0.5115	0.5116
2.512	0.5101	0.5115	0.5116
2.511	0.5101	0.5115	0.5115
2.510	0.5101	0.5114	0.5115
2.509	0.5101	0.5114	0.5115
2.508	0.5101	0.5114	0.5115
2.507	0.51	0.5114	0.5114
2.506	0.51	0.5114	0.5114
2.505	0.51	0.5113	0.5114
2.504	0.51	0.5113	0.5114
2.503	0.5099	0.5112	0.5113
2.502	0.5099	0.5112	0.5113
2.501	0.5099	0.5112	0.5113
2.500	0.5098	0.5112	0.5113
2.499	0.5098	0.5111	0.5112
2.498	0.5098	0.5111	0.5112
2.497	0.5098	0.5111	0.5112
2.496	0.5098	0.5111	0.5112
2.495	0.5097	0.5111	0.5111
2.494	0.5097	0.511	0.5111
2.493	0.5097	0.511	0.5111
2.492	0.5097	0.511	0.5111
2.491	0.5096	0.511	0.5111
2.490	0.5096	0.5109	0.511
2.489	0.5096	0.5109	0.511
2.488	0.5096	0.5109	0.511
2.487	0.5095	0.5109	0.511
2.486	0.5095	0.5108	0.5109
2.485	0.5095	0.5108	0.5109
2.484	0.5095	0.5108	0.5109
2.483	0.5094	0.5108	0.5109
2.482	0.5094	0.5107	0.5108
2.481	0.5094	0.5107	0.5108
2.480	0.5094	0.5107	0.5108
2.479	0.5093	0.5107	0.5108
2.478	0.5093	0.5106	0.5107
2.477	0.5093	0.5106	0.5107
2.476	0.5092	0.5106	0.5107
2.475	0.5092	0.5105	0.5106
2.474	0.5092	0.5105	0.5106
2.473	0.5092	0.5105	0.5106
2.472	0.5091	0.5104	0.5106
2.471	0.5091	0.5104	0.5105
2.470	0.5091	0.5104	0.5105
2.469	0.509	0.5104	0.5105
2.468	0.509	0.5104	0.5104
2.467	0.509	0.5103	0.5104
2.466	0.509	0.5103	0.5104
2.465	0.5089	0.5103	0.5104
2.464	0.5089	0.5102	0.5103
2.463	0.5089	0.5102	0.5103
2.462	0.5089	0.5102	0.5103
2.461	0.5088	0.5102	0.5103
2.460	0.5088	0.5101	0.5102
2.459	0.5088	0.5101	0.5102
2.458	0.5088	0.5101	0.5102
2.457	0.5087	0.51	0.5102
2.456	0.5087	0.51	0.5101
2.455	0.5087	0.51	0.5101
2.454	0.5087	0.51	0.5101
2.453	0.5086	0.5099	0.5101
2.452	0.5086	0.5099	0.5101
2.451	0.5086	0.5099	0.51
2.450	0.5086	0.5098	0.51
2.449	0.5085	0.5098	0.51
2.448	0.5085	0.5098	0.51
2.447	0.5085	0.5098	0.51
2.446	0.5085	0.5097	0.5099
2.445	0.5085	0.5097	0.5099
2.444	0.5084	0.5097	0.5099
2.443	0.5084	0.5097	0.5098
2.442	0.5084	0.5096	0.5098
2.441	0.5083	0.5096	0.5098
2.440	0.5083	0.5096	0.5098
2.439	0.5083	0.5096	0.5098
2.438	0.5083	0.5095	0.5097
2.437	0.5082	0.5095	0.5097
2.436	0.5082	0.5095	0.5097
2.435	0.5082	0.5095	0.5097
2.434	0.5082	0.5095	0.5096
2.433	0.5081	0.5094	0.5096
2.432	0.5081	0.5094	0.5096
2.431	0.5081	0.5094	0.5096
2.430	0.508	0.5093	0.5095
2.429	0.508	0.5093	0.5095
2.428	0.508	0.5093	0.5095
2.427	0.508	0.5093	0.5095
2.426	0.5079	0.5092	0.5094
2.425	0.5079	0.5092	0.5094
2.424	0.5079	0.5092	0.5094
2.423	0.5079	0.5092	0.5094
2.422	0.5078	0.5091	0.5093
2.421	0.5078	0.5091	0.5093
2.420	0.5078	0.5091	0.5093
2.419	0.5078	0.5091	0.5092
2.418	0.5077	0.5091	0.5092
2.417	0.5077	0.509	0.5092
2.416	0.5077	0.509	0.5092
2.415	0.5077	0.509	0.5092
2.414	0.5076	0.5089	0.5091
2.413	0.5076	0.5089	0.5091
2.412	0.5076	0.5089	0.5091
2.411	0.5076	0.5089	0.509
2.410	0.5075	0.5088	0.509
2.409	0.5075	0.5088	0.509
2.408	0.5075	0.5088	0.509
2.407	0.5075	0.5087	0.5089
2.406	0.5074	0.5087	0.5089
2.405	0.5074	0.5087	0.5089
2.404	0.5074	0.5087	0.5089
2.403	0.5074	0.5086	0.5088
2.402	0.5073	0.5086	0.5088
2.401	0.5073	0.5086	0.5088
2.400	0.5073	0.5085	0.5087
2.399	0.5073	0.5085	0.5087
2.398	0.5072	0.5085	0.5087
2.397	0.5072	0.5085	0.5087
2.396	0.5072	0.5085	0.5087
2.395	0.5072	0.5084	0.5086
2.394	0.5071	0.5084	0.5086
2.393	0.5071	0.5084	0.5086
2.392	0.5071	0.5083	0.5086
2.391	0.5071	0.5083	0.5085
2.390	0.5071	0.5083	0.5085
2.389	0.507	0.5083	0.5085
2.388	0.507	0.5082	0.5085
2.387	0.507	0.5082	0.5084
2.386	0.5069	0.5082	0.5084
2.385	0.5069	0.5081	0.5083
2.384	0.5069	0.5081	0.5083
2.383	0.5069	0.5081	0.5083
2.382	0.5068	0.5081	0.5083
2.381	0.5068	0.508	0.5082
2.380	0.5068	0.508	0.5082
2.379	0.5068	0.508	0.5082
2.378	0.5068	0.508	0.5082
2.377	0.5067	0.5079	0.5082
2.376	0.5067	0.5079	0.5081
2.375	0.5067	0.5079	0.5081
2.374	0.5067	0.5079	0.5081
2.373	0.5067	0.5078	0.5081
2.372	0.5066	0.5078	0.508
2.371	0.5066	0.5078	0.508
2.370	0.5066	0.5077	0.508
2.369	0.5066	0.5077	0.508
2.368	0.5065	0.5077	0.5079
2.367	0.5065	0.5076	0.5079
2.366	0.5065	0.5076	0.5079
2.365	0.5065	0.5076	0.5079
2.364	0.5064	0.5076	0.5078
2.363	0.5064	0.5075	0.5078
2.362	0.5064	0.5075	0.5078
2.361	0.5064	0.5075	0.5078
2.360	0.5063	0.5075	0.5078
2.359	0.5063	0.5074	0.5077
2.358	0.5063	0.5074	0.5077
2.357	0.5063	0.5074	0.5077
2.356	0.5062	0.5074	0.5077
2.355	0.5062	0.5074	0.5077
2.354	0.5062	0.5073	0.5076
2.353	0.5061	0.5073	0.5076
2.352	0.5061	0.5073	0.5076
2.351	0.5061	0.5073	0.5076
2.350	0.506	0.5072	0.5075
2.349	0.506	0.5072	0.5075
2.348	0.506	0.5072	0.5075
2.347	0.506	0.5072	0.5075
2.346	0.5059	0.5071	0.5074
2.345	0.5059	0.5071	0.5074
2.344	0.5059	0.5071	0.5074
2.343	0.5058	0.5071	0.5073
2.342	0.5058	0.507	0.5073
2.341	0.5058	0.507	0.5073
2.340	0.5058	0.507	0.5073
2.339	0.5057	0.507	0.5073
2.338	0.5057	0.5069	0.5072
2.337	0.5057	0.5069	0.5072
2.336	0.5057	0.5069	0.5072
2.335	0.5056	0.5068	0.5072
2.334	0.5056	0.5068	0.5071
2.333	0.5056	0.5068	0.5071
2.332	0.5056	0.5067	0.5071
2.331	0.5055	0.5067	0.5071
2.330	0.5055	0.5067	0.507
2.329	0.5055	0.5067	0.507
2.328	0.5054	0.5066	0.507
2.327	0.5054	0.5066	0.507
2.326	0.5054	0.5066	0.5069
2.325	0.5054	0.5066	0.5069
2.324	0.5053	0.5065	0.5069
2.323	0.5053	0.5065	0.5069
2.322	0.5053	0.5065	0.5068
2.321	0.5053	0.5065	0.5068
2.320	0.5053	0.5065	0.5068
2.319	0.5052	0.5064	0.5068
2.318	0.5052	0.5064	0.5067
2.317	0.5052	0.5064	0.5067
2.316	0.5052	0.5064	0.5067
2.315	0.5051	0.5063	0.5067
2.314	0.5051	0.5063	0.5067
2.313	0.5051	0.5062	0.5066
2.312	0.5051	0.5062	0.5066
2.311	0.505	0.5062	0.5066
2.310	0.505	0.5062	0.5065
2.309	0.505	0.5062	0.5065
2.308	0.5049	0.5061	0.5065
2.307	0.5049	0.5061	0.5064
2.306	0.5049	0.5061	0.5064
2.305	0.5048	0.5061	0.5064
2.304	0.5048	0.506	0.5064
2.303	0.5048	0.506	0.5063
2.302	0.5048	0.506	0.5063
2.301	0.5047	0.506	0.5063
2.300	0.5047	0.5059	0.5063
2.299	0.5047	0.5059	0.5062
2.298	0.5046	0.5059	0.5062
2.297	0.5046	0.5058	0.5062
2.296	0.5046	0.5058	0.5062
2.295	0.5046	0.5058	0.5062
2.294	0.5046	0.5057	0.5061
2.293	0.5045	0.5057	0.5061
2.292	0.5045	0.5057	0.5061
2.291	0.5045	0.5057	0.5061
2.290	0.5044	0.5056	0.506
2.289	0.5044	0.5056	0.506
2.288	0.5044	0.5056	0.506
2.287	0.5043	0.5056	0.5059
2.286	0.5043	0.5055	0.5059
2.285	0.5043	0.5055	0.5059
2.284	0.5043	0.5055	0.5059
2.283	0.5043	0.5055	0.5058
2.282	0.5042	0.5055	0.5058
2.281	0.5042	0.5054	0.5058
2.280	0.5042	0.5054	0.5058
2.279	0.5042	0.5054	0.5057
2.278	0.5041	0.5053	0.5057
2.277	0.5041	0.5053	0.5057
2.276	0.5041	0.5052	0.5056
2.275	0.5041	0.5052	0.5056
2.274	0.504	0.5052	0.5056
2.273	0.504	0.5052	0.5056
2.272	0.504	0.5051	0.5055
2.271	0.504	0.5051	0.5055
2.270	0.5039	0.5051	0.5055
2.269	0.5039	0.505	0.5055
2.268	0.5039	0.505	0.5054
2.267	0.5039	0.505	0.5054
2.266	0.5038	0.505	0.5054
2.265	0.5038	0.505	0.5054
2.264	0.5038	0.5049	0.5053
2.263	0.5038	0.5049	0.5053
2.262	0.5037	0.5049	0.5053
2.261	0.5037	0.5048	0.5052
2.260	0.5037	0.5048	0.5052
2.259	0.5036	0.5048	0.5052
2.258	0.5036	0.5048	0.5052
2.257	0.5036	0.5047	0.5051
2.256	0.5036	0.5047	0.5051
2.255	0.5036	0.5047	0.5051
2.254	0.5035	0.5046	0.5051
2.253	0.5035	0.5046	0.505
2.252	0.5035	0.5046	0.505
2.251	0.5035	0.5045	0.505
2.250	0.5035	0.5045	0.5049
2.249	0.5034	0.5045	0.5049
2.248	0.5034	0.5045	0.5049
2.247	0.5034	0.5044	0.5049
2.246	0.5034	0.5044	0.5048
2.245	0.5033	0.5044	0.5048
2.244	0.5033	0.5044	0.5048
2.243	0.5033	0.5043	0.5048
2.242	0.5032	0.5043	0.5047
2.241	0.5032	0.5043	0.5047
2.240	0.5032	0.5042	0.5047
2.239	0.5032	0.5042	0.5047
2.238	0.5031	0.5041	0.5046
2.237	0.5031	0.5041	0.5046
2.236	0.5031	0.5041	0.5046
2.235	0.5031	0.5041	0.5045
2.234	0.503	0.504	0.5045
2.233	0.503	0.504	0.5045
2.232	0.503	0.504	0.5045
2.231	0.503	0.504	0.5045
2.230	0.5029	0.5039	0.5044
2.229	0.5029	0.5039	0.5044
2.228	0.5029	0.5039	0.5044
2.227	0.5029	0.5039	0.5044
2.226	0.5028	0.5038	0.5043
2.225	0.5028	0.5038	0.5043
2.224	0.5028	0.5038	0.5043
2.223	0.5028	0.5037	0.5042
2.222	0.5027	0.5037	0.5042
2.221	0.5027	0.5037	0.5042
2.220	0.5026	0.5036	0.5041
2.219	0.5026	0.5036	0.5041
2.218	0.5026	0.5036	0.5041
2.217	0.5026	0.5036	0.5041
2.216	0.5025	0.5036	0.5041
2.215	0.5025	0.5035	0.504
2.214	0.5025	0.5035	0.504
2.213	0.5025	0.5035	0.504
2.212	0.5024	0.5034	0.504
2.211	0.5024	0.5034	0.5039
2.210	0.5024	0.5034	0.5039
2.209	0.5024	0.5033	0.5039
2.208	0.5023	0.5033	0.5039
2.207	0.5023	0.5033	0.5038
2.206	0.5023	0.5033	0.5038
2.205	0.5023	0.5032	0.5038
2.204	0.5022	0.5032	0.5037
2.203	0.5022	0.5032	0.5037
2.202	0.5022	0.5032	0.5037
2.201	0.5021	0.5032	0.5037
2.200	0.5021	0.5031	0.5036
2.199	0.5021	0.5031	0.5036
2.198	0.5021	0.5031	0.5036
2.197	0.502	0.503	0.5036
2.196	0.502	0.503	0.5036
2.195	0.502	0.503	0.5035
2.194	0.5019	0.503	0.5035
2.193	0.5019	0.503	0.5035
2.192	0.5019	0.5029	0.5034
2.191	0.5019	0.5029	0.5034
2.190	0.5019	0.5029	0.5034
2.189	0.5018	0.5028	0.5034
2.188	0.5018	0.5028	0.5033
2.187	0.5018	0.5028	0.5033
2.186	0.5017	0.5028	0.5033
2.185	0.5017	0.5027	0.5032
2.184	0.5017	0.5027	0.5032
2.183	0.5016	0.5027	0.5032
2.182	0.5016	0.5027	0.5032
2.181	0.5016	0.5026	0.5031
2.180	0.5015	0.5026	0.5031
2.179	0.5015	0.5026	0.5031
2.178	0.5015	0.5026	0.5031
2.177	0.5014	0.5025	0.5031
2.176	0.5014	0.5025	0.503
2.175	0.5014	0.5025	0.503
2.174	0.5014	0.5024	0.503
2.173	0.5013	0.5024	0.503
2.172	0.5013	0.5024	0.5029
2.171	0.5013	0.5024	0.5029
2.170	0.5013	0.5023	0.5029
2.169	0.5012	0.5023	0.5028
2.168	0.5012	0.5023	0.5028
2.167	0.5012	0.5022	0.5028
2.166	0.5012	0.5022	0.5028
2.165	0.5011	0.5022	0.5027
2.164	0.5011	0.5022	0.5027
2.163	0.5011	0.5021	0.5027
2.162	0.5011	0.5021	0.5027
2.161	0.501	0.5021	0.5026
2.160	0.501	0.5021	0.5026
2.159	0.501	0.502	0.5026
2.158	0.5009	0.502	0.5025
2.157	0.5009	0.502	0.5025
2.156	0.5009	0.502	0.5025
2.155	0.5009	0.5019	0.5025
2.154	0.5008	0.5019	0.5024
2.153	0.5008	0.5019	0.5024
2.152	0.5008	0.5018	0.5024
2.151	0.5008	0.5018	0.5023
2.150	0.5007	0.5018	0.5023
2.149	0.5007	0.5018	0.5023
2.148	0.5007	0.5017	0.5023
2.147	0.5006	0.5017	0.5022
2.146	0.5006	0.5017	0.5022
2.145	0.5006	0.5016	0.5022
2.144	0.5005	0.5016	0.5022
2.143	0.5005	0.5016	0.5021
2.142	0.5005	0.5016	0.5021
2.141	0.5005	0.5015	0.5021
2.140	0.5004	0.5015	0.5021
2.139	0.5004	0.5015	0.502
2.138	0.5004	0.5014	0.502
2.137	0.5003	0.5014	0.502
2.136	0.5003	0.5014	0.502
2.135	0.5003	0.5014	0.5019
2.134	0.5003	0.5013	0.5019
2.133	0.5002	0.5013	0.5019
2.132	0.5002	0.5013	0.5018
2.131	0.5001	0.5013	0.5018
2.130	0.5001	0.5012	0.5018
2.129	0.5001	0.5012	0.5018
2.128	0.5001	0.5012	0.5017
2.127	0.5	0.5011	0.5017
2.126	0.5	0.5011	0.5017
2.125	0.5	0.5011	0.5017
2.124	0.4999	0.5011	0.5016
2.123	0.4999	0.501	0.5016
2.122	0.4999	0.501	0.5016
2.121	0.4998	0.501	0.5015
2.120	0.4998	0.501	0.5015
2.119	0.4998	0.5009	0.5015
2.118	0.4997	0.5009	0.5015
2.117	0.4997	0.5009	0.5014
2.116	0.4997	0.5009	0.5014
2.115	0.4996	0.5008	0.5014
2.114	0.4996	0.5008	0.5014
2.113	0.4996	0.5008	0.5013
2.112	0.4995	0.5007	0.5013
2.111	0.4995	0.5007	0.5013
2.110	0.4995	0.5007	0.5013
2.109	0.4995	0.5006	0.5012
2.108	0.4994	0.5006	0.5012
2.107	0.4994	0.5006	0.5012
2.106	0.4994	0.5006	0.5012
2.105	0.4994	0.5005	0.5011
2.104	0.4993	0.5005	0.5011
2.103	0.4993	0.5005	0.5011
2.102	0.4993	0.5004	0.501
2.101	0.4992	0.5004	0.501
2.100	0.4992	0.5004	0.501
2.099	0.4992	0.5004	0.501
2.098	0.4992	0.5003	0.5009
2.097	0.4991	0.5003	0.5009
2.096	0.4991	0.5003	0.5009
2.095	0.4991	0.5002	0.5009
2.094	0.499	0.5002	0.5008
2.093	0.499	0.5002	0.5008
2.092	0.499	0.5001	0.5008
2.091	0.499	0.5001	0.5008
2.090	0.4989	0.5001	0.5007
2.089	0.4989	0.5	0.5007
2.088	0.4989	0.5	0.5007
2.087	0.4988	0.5	0.5007
2.086	0.4988	0.4999	0.5006
2.085	0.4988	0.4999	0.5006
2.084	0.4987	0.4999	0.5006
2.083	0.4987	0.4998	0.5005
2.082	0.4987	0.4998	0.5005
2.081	0.4987	0.4998	0.5005
2.080	0.4986	0.4997	0.5005
2.079	0.4986	0.4997	0.5004
2.078	0.4986	0.4997	0.5004
2.077	0.4985	0.4997	0.5004
2.076	0.4985	0.4996	0.5003
2.075	0.4985	0.4996	0.5003
2.074	0.4985	0.4996	0.5003
2.073	0.4984	0.4996	0.5003
2.072	0.4984	0.4995	0.5002
2.071	0.4983	0.4995	0.5002
2.070	0.4983	0.4995	0.5002
2.069	0.4983	0.4994	0.5002
2.068	0.4982	0.4994	0.5001
2.067	0.4982	0.4994	0.5001
2.066	0.4982	0.4994	0.5001
2.065	0.4981	0.4993	0.5
2.064	0.4981	0.4993	0.5
2.063	0.4981	0.4993	0.5
2.062	0.4981	0.4993	0.5
2.061	0.498	0.4992	0.4999
2.060	0.498	0.4992	0.4999
2.059	0.498	0.4991	0.4998
2.058	0.498	0.4991	0.4998
2.057	0.4979	0.4991	0.4998
2.056	0.4979	0.4991	0.4997
2.055	0.4979	0.499	0.4997
2.054	0.4979	0.499	0.4997
2.053	0.4978	0.499	0.4997
2.052	0.4978	0.4989	0.4996
2.051	0.4977	0.4989	0.4996
2.050	0.4977	0.4989	0.4996
2.049	0.4977	0.4988	0.4996
2.048	0.4977	0.4988	0.4995
2.047	0.4976	0.4988	0.4995
2.046	0.4976	0.4987	0.4995
2.045	0.4976	0.4987	0.4995
2.044	0.4975	0.4987	0.4994
2.043	0.4975	0.4986	0.4994
2.042	0.4975	0.4986	0.4994
2.041	0.4974	0.4986	0.4994
2.040	0.4974	0.4985	0.4993
2.039	0.4974	0.4985	0.4993
2.038	0.4974	0.4985	0.4993
2.037	0.4973	0.4985	0.4992
2.036	0.4973	0.4984	0.4992
2.035	0.4973	0.4984	0.4992
2.034	0.4973	0.4984	0.4991
2.033	0.4972	0.4983	0.4991
2.032	0.4972	0.4983	0.4991
2.031	0.4972	0.4983	0.4991
2.030	0.4971	0.4983	0.499
2.029	0.4971	0.4982	0.499
2.028	0.4971	0.4982	0.499
2.027	0.4971	0.4982	0.4989
2.026	0.497	0.4981	0.4989
2.025	0.497	0.4981	0.4989
2.024	0.497	0.4981	0.4989
2.023	0.4969	0.498	0.4988
2.022	0.4969	0.498	0.4988
2.021	0.4969	0.498	0.4988
2.020	0.4968	0.498	0.4987
2.019	0.4968	0.4979	0.4987
2.018	0.4968	0.4979	0.4987
2.017	0.4968	0.4979	0.4987
2.016	0.4967	0.4978	0.4986
2.015	0.4967	0.4978	0.4986
2.014	0.4967	0.4978	0.4986
2.013	0.4966	0.4978	0.4986
2.012	0.4966	0.4977	0.4985
2.011	0.4966	0.4977	0.4985
2.010	0.4965	0.4977	0.4985
2.009	0.4965	0.4976	0.4984
2.008	0.4965	0.4976	0.4984
2.007	0.4964	0.4976	0.4984
2.006	0.4964	0.4975	0.4984
2.005	0.4964	0.4975	0.4983
2.004	0.4963	0.4975	0.4983
2.003	0.4963	0.4974	0.4983
2.002	0.4963	0.4974	0.4982
2.001	0.4962	0.4974	0.4982
2.000	0.4962	0.4974	0.4982
1.999	0.4962	0.4973	0.4982
1.998	0.4961	0.4973	0.4981
1.997	0.4961	0.4973	0.4981
1.996	0.496	0.4972	0.4981
1.995	0.496	0.4972	0.498
1.994	0.496	0.4972	0.498
1.993	0.496	0.4971	0.498
1.992	0.4959	0.4971	0.4979
1.991	0.4959	0.4971	0.4979
1.990	0.4958	0.4971	0.4979
1.989	0.4958	0.497	0.4979
1.988	0.4958	0.497	0.4978
1.987	0.4958	0.4969	0.4978
1.986	0.4958	0.4969	0.4978
1.985	0.4957	0.4969	0.4978
1.984	0.4957	0.4969	0.4977
1.983	0.4957	0.4968	0.4977
1.982	0.4956	0.4968	0.4977
1.981	0.4956	0.4967	0.4976
1.980	0.4956	0.4967	0.4976
1.979	0.4955	0.4967	0.4976
1.978	0.4955	0.4966	0.4976
1.977	0.4954	0.4966	0.4975
1.976	0.4954	0.4966	0.4975
1.975	0.4954	0.4965	0.4975
1.974	0.4953	0.4965	0.4974
1.973	0.4953	0.4965	0.4974
1.972	0.4953	0.4964	0.4974
1.971	0.4953	0.4964	0.4974
1.970	0.4952	0.4964	0.4973
1.969	0.4952	0.4964	0.4973
1.968	0.4952	0.4963	0.4973
1.967	0.4951	0.4963	0.4973
1.966	0.4951	0.4963	0.4972
1.965	0.4951	0.4963	0.4972
1.964	0.495	0.4962	0.4972
1.963	0.495	0.4962	0.4971
1.962	0.495	0.4962	0.4971
1.961	0.4949	0.4961	0.4971
1.960	0.4949	0.4961	0.4971
1.959	0.4949	0.4961	0.497
1.958	0.4948	0.496	0.497
1.957	0.4948	0.496	0.497
1.956	0.4948	0.496	0.4969
1.955	0.4947	0.4959	0.4969
1.954	0.4947	0.4959	0.4969
1.953	0.4946	0.4959	0.4969
1.952	0.4946	0.4958	0.4968
1.951	0.4946	0.4958	0.4968
1.950	0.4945	0.4958	0.4967
1.949	0.4945	0.4957	0.4967
1.948	0.4944	0.4957	0.4967
1.947	0.4944	0.4957	0.4967
1.946	0.4944	0.4956	0.4966
1.945	0.4943	0.4956	0.4966
1.944	0.4943	0.4956	0.4966
1.943	0.4943	0.4955	0.4965
1.942	0.4943	0.4955	0.4965
1.941	0.4942	0.4955	0.4965
1.940	0.4942	0.4955	0.4964
1.939	0.4942	0.4954	0.4964
1.938	0.4941	0.4954	0.4964
1.937	0.4941	0.4954	0.4963
1.936	0.4941	0.4953	0.4963
1.935	0.494	0.4953	0.4963
1.934	0.494	0.4953	0.4963
1.933	0.494	0.4952	0.4962
1.932	0.4939	0.4952	0.4962
1.931	0.4939	0.4951	0.4962
1.930	0.4939	0.4951	0.4962
1.929	0.4938	0.4951	0.4961
1.928	0.4938	0.495	0.4961
1.927	0.4938	0.495	0.4961
1.926	0.4937	0.495	0.496
1.925	0.4937	0.4949	0.496
1.924	0.4937	0.4949	0.496
1.923	0.4936	0.4949	0.496
1.922	0.4936	0.4948	0.4959
1.921	0.4936	0.4948	0.4959
1.920	0.4935	0.4948	0.4959
1.919	0.4935	0.4948	0.4958
1.918	0.4935	0.4947	0.4958
1.917	0.4934	0.4947	0.4958
1.916	0.4934	0.4946	0.4957
1.915	0.4934	0.4946	0.4957
1.914	0.4933	0.4946	0.4957
1.913	0.4933	0.4945	0.4956
1.912	0.4933	0.4945	0.4956
1.911	0.4932	0.4944	0.4956
1.910	0.4932	0.4944	0.4956
1.909	0.4932	0.4944	0.4955
1.908	0.4931	0.4943	0.4955
1.907	0.4931	0.4943	0.4955
1.906	0.4931	0.4943	0.4955
1.905	0.493	0.4942	0.4954
1.904	0.493	0.4942	0.4954
1.903	0.493	0.4942	0.4954
1.902	0.4929	0.4941	0.4954
1.901	0.4929	0.4941	0.4953
1.900	0.4929	0.494	0.4953
1.899	0.4929	0.494	0.4953
1.898	0.4928	0.494	0.4953
1.897	0.4928	0.4939	0.4952
1.896	0.4927	0.4939	0.4952
1.895	0.4927	0.4939	0.4952
1.894	0.4927	0.4938	0.4952
1.893	0.4926	0.4938	0.4951
1.892	0.4926	0.4938	0.4951
1.891	0.4926	0.4937	0.4951
1.890	0.4925	0.4937	0.495
1.889	0.4925	0.4937	0.495
1.888	0.4925	0.4937	0.495
1.887	0.4924	0.4936	0.495
1.886	0.4924	0.4936	0.4949
1.885	0.4924	0.4936	0.4949
1.884	0.4923	0.4935	0.4948
1.883	0.4923	0.4935	0.4948
1.882	0.4923	0.4934	0.4948
1.881	0.4923	0.4934	0.4948
1.880	0.4922	0.4934	0.4947
1.879	0.4922	0.4934	0.4947
1.878	0.4922	0.4933	0.4946
1.877	0.4921	0.4933	0.4946
1.876	0.4921	0.4932	0.4946
1.875	0.4921	0.4932	0.4945
1.874	0.492	0.4932	0.4945
1.873	0.492	0.4931	0.4945
1.872	0.492	0.4931	0.4945
1.871	0.492	0.4931	0.4944
1.870	0.4919	0.493	0.4944
1.869	0.4919	0.493	0.4944
1.868	0.4918	0.4929	0.4943
1.867	0.4918	0.4929	0.4943
1.866	0.4918	0.4929	0.4943
1.865	0.4917	0.4929	0.4942
1.864	0.4917	0.4928	0.4942
1.863	0.4917	0.4928	0.4942
1.862	0.4916	0.4928	0.4941
1.861	0.4916	0.4927	0.4941
1.860	0.4915	0.4927	0.4941
1.859	0.4915	0.4927	0.4941
1.858	0.4915	0.4926	0.494
1.857	0.4914	0.4926	0.494
1.856	0.4914	0.4926	0.494
1.855	0.4914	0.4925	0.4939
1.854	0.4913	0.4925	0.4939
1.853	0.4913	0.4925	0.4939
1.852	0.4913	0.4924	0.4939
1.851	0.4912	0.4924	0.4938
1.850	0.4912	0.4924	0.4938
1.849	0.4912	0.4923	0.4938
1.848	0.4911	0.4923	0.4937
1.847	0.4911	0.4923	0.4937
1.846	0.4911	0.4922	0.4937
1.845	0.491	0.4922	0.4937
1.844	0.491	0.4922	0.4937
1.843	0.491	0.4921	0.4936
1.842	0.4909	0.4921	0.4936
1.841	0.4909	0.492	0.4935
1.840	0.4909	0.492	0.4935
1.839	0.4908	0.4919	0.4935
1.838	0.4908	0.4919	0.4935
1.837	0.4908	0.4919	0.4934
1.836	0.4907	0.4919	0.4934
1.835	0.4907	0.4918	0.4934
1.834	0.4907	0.4918	0.4933
1.833	0.4906	0.4918	0.4933
1.832	0.4906	0.4917	0.4933
1.831	0.4906	0.4917	0.4932
1.830	0.4906	0.4917	0.4932
1.829	0.4905	0.4916	0.4932
1.828	0.4905	0.4916	0.4931
1.827	0.4905	0.4916	0.4931
1.826	0.4904	0.4916	0.4931
1.825	0.4904	0.4915	0.493
1.824	0.4904	0.4915	0.493
1.823	0.4903	0.4914	0.493
1.822	0.4903	0.4914	0.493
1.821	0.4903	0.4913	0.493
1.820	0.4902	0.4913	0.4929
1.819	0.4902	0.4913	0.4929
1.818	0.4902	0.4912	0.4929
1.817	0.4901	0.4912	0.4928
1.816	0.4901	0.4912	0.4928
1.815	0.49	0.4911	0.4928
1.814	0.49	0.4911	0.4927
1.813	0.49	0.4911	0.4927
1.812	0.49	0.491	0.4927
1.811	0.4899	0.491	0.4927
1.810	0.4899	0.491	0.4926
1.809	0.4899	0.4909	0.4926
1.808	0.4898	0.4909	0.4926
1.807	0.4898	0.4909	0.4925
1.806	0.4898	0.4908	0.4925
1.805	0.4897	0.4908	0.4925
1.804	0.4897	0.4908	0.4924
1.803	0.4896	0.4907	0.4924
1.802	0.4896	0.4907	0.4924
1.801	0.4896	0.4907	0.4924
1.800	0.4896	0.4906	0.4923
1.799	0.4895	0.4906	0.4923
1.798	0.4895	0.4905	0.4923
1.797	0.4894	0.4905	0.4922
1.796	0.4894	0.4905	0.4922
1.795	0.4894	0.4904	0.4922
1.794	0.4894	0.4904	0.4921
1.793	0.4893	0.4904	0.4921
1.792	0.4893	0.4903	0.4921
1.791	0.4892	0.4903	0.492
1.790	0.4892	0.4903	0.492
1.789	0.4892	0.4902	0.492
1.788	0.4891	0.4902	0.492
1.787	0.4891	0.4902	0.4919
1.786	0.4891	0.4901	0.4919
1.785	0.489	0.4901	0.4919
1.784	0.489	0.49	0.4918
1.783	0.4889	0.49	0.4918
1.782	0.4889	0.49	0.4918
1.781	0.4889	0.49	0.4918
1.780	0.4888	0.4899	0.4917
1.779	0.4888	0.4899	0.4917
1.778	0.4888	0.4899	0.4917
1.777	0.4887	0.4898	0.4916
1.776	0.4887	0.4898	0.4916
1.775	0.4887	0.4898	0.4916
1.774	0.4886	0.4897	0.4915
1.773	0.4886	0.4897	0.4915
1.772	0.4885	0.4897	0.4915
1.771	0.4885	0.4897	0.4914
1.770	0.4885	0.4896	0.4914
1.769	0.4884	0.4896	0.4914
1.768	0.4884	0.4896	0.4913
1.767	0.4883	0.4895	0.4913
1.766	0.4883	0.4895	0.4913
1.765	0.4882	0.4895	0.4913
1.764	0.4882	0.4894	0.4912
1.763	0.4882	0.4894	0.4912
1.762	0.4881	0.4894	0.4912
1.761	0.4881	0.4893	0.4911
1.760	0.488	0.4893	0.4911
1.759	0.488	0.4893	0.4911
1.758	0.488	0.4892	0.4911
1.757	0.4879	0.4892	0.491
1.756	0.4879	0.4892	0.491
1.755	0.4879	0.4892	0.491
1.754	0.4878	0.4891	0.4909
1.753	0.4878	0.489	0.4909
1.752	0.4878	0.489	0.4909
1.751	0.4877	0.489	0.4909
1.750	0.4877	0.4889	0.4908
1.749	0.4877	0.4889	0.4908
1.748	0.4876	0.4889	0.4907
1.747	0.4876	0.4888	0.4907
1.746	0.4875	0.4888	0.4907
1.745	0.4874	0.4887	0.4907
1.744	0.4874	0.4887	0.4906
1.743	0.4874	0.4887	0.4906
1.742	0.4873	0.4887	0.4906
1.741	0.4873	0.4886	0.4906
1.740	0.4872	0.4886	0.4905
1.739	0.4872	0.4886	0.4905
1.738	0.4872	0.4885	0.4904
1.737	0.4871	0.4885	0.4904
1.736	0.4871	0.4885	0.4904
1.735	0.4871	0.4884	0.4903
1.734	0.487	0.4884	0.4903
1.733	0.487	0.4884	0.4903
1.732	0.487	0.4883	0.4902
1.731	0.4869	0.4883	0.4902
1.730	0.4869	0.4883	0.4902
1.729	0.4869	0.4882	0.4901
1.728	0.4869	0.4882	0.4901
1.727	0.4868	0.4881	0.4901
1.726	0.4868	0.4881	0.4901
1.725	0.4868	0.4881	0.49
1.724	0.4867	0.488	0.49
1.723	0.4867	0.488	0.49
1.722	0.4867	0.4879	0.49
1.721	0.4866	0.4879	0.4899
1.720	0.4866	0.4878	0.4899
1.719	0.4866	0.4878	0.4899
1.718	0.4865	0.4878	0.4898
1.717	0.4865	0.4877	0.4898
1.716	0.4865	0.4877	0.4898
1.715	0.4864	0.4877	0.4897
1.714	0.4864	0.4876	0.4897
1.713	0.4864	0.4876	0.4897
1.712	0.4863	0.4876	0.4896
1.711	0.4863	0.4875	0.4896
1.710	0.4862	0.4875	0.4896
1.709	0.4862	0.4874	0.4895
1.708	0.4861	0.4874	0.4895
1.707	0.4861	0.4874	0.4895
1.706	0.486	0.4873	0.4895
1.705	0.486	0.4873	0.4894
1.704	0.486	0.4873	0.4894
1.703	0.4859	0.4872	0.4893
1.702	0.4859	0.4872	0.4893
1.701	0.4858	0.4871	0.4893
1.700	0.4858	0.4871	0.4892
1.699	0.4858	0.4871	0.4892
1.698	0.4857	0.487	0.4892
1.697	0.4857	0.487	0.4892
1.696	0.4857	0.487	0.4891
1.695	0.4856	0.4869	0.4891
1.694	0.4856	0.4869	0.4891
1.693	0.4856	0.4869	0.489
1.692	0.4855	0.4868	0.489
1.691	0.4855	0.4868	0.489
1.690	0.4855	0.4868	0.4889
1.689	0.4855	0.4867	0.4889
1.688	0.4854	0.4867	0.4889
1.687	0.4854	0.4866	0.4888
1.686	0.4854	0.4866	0.4888
1.685	0.4853	0.4865	0.4888
1.684	0.4853	0.4865	0.4887
1.683	0.4852	0.4865	0.4887
1.682	0.4852	0.4864	0.4887
1.681	0.4852	0.4864	0.4886
1.680	0.4851	0.4863	0.4886
1.679	0.4851	0.4863	0.4886
1.678	0.485	0.4863	0.4885
1.677	0.485	0.4862	0.4885
1.676	0.485	0.4862	0.4885
1.675	0.4849	0.4861	0.4884
1.674	0.4849	0.4861	0.4884
1.673	0.4848	0.486	0.4884
1.672	0.4848	0.486	0.4883
1.671	0.4847	0.486	0.4883
1.670	0.4847	0.4859	0.4883
1.669	0.4847	0.4859	0.4883
1.668	0.4846	0.4859	0.4882
1.667	0.4846	0.4858	0.4882
1.666	0.4846	0.4858	0.4882
1.665	0.4845	0.4857	0.4881
1.664	0.4845	0.4857	0.4881
1.663	0.4845	0.4857	0.488
1.662	0.4844	0.4856	0.488
1.661	0.4844	0.4856	0.488
1.660	0.4843	0.4856	0.4879
1.659	0.4843	0.4855	0.4879
1.658	0.4843	0.4855	0.4879
1.657	0.4842	0.4855	0.4878
1.656	0.4842	0.4854	0.4878
1.655	0.4841	0.4854	0.4878
1.654	0.4841	0.4854	0.4877
1.653	0.484	0.4853	0.4877
1.652	0.484	0.4853	0.4877
1.651	0.484	0.4852	0.4876
1.650	0.4839	0.4852	0.4876
1.649	0.4839	0.4852	0.4876
1.648	0.4838	0.4851	0.4875
1.647	0.4838	0.4851	0.4875
1.646	0.4838	0.485	0.4875
1.645	0.4837	0.485	0.4874
1.644	0.4837	0.4849	0.4874
1.643	0.4836	0.4849	0.4874
1.642	0.4836	0.4849	0.4873
1.641	0.4835	0.4848	0.4873
1.640	0.4834	0.4848	0.4873
1.639	0.4834	0.4848	0.4873
1.638	0.4834	0.4847	0.4872
1.637	0.4833	0.4847	0.4872
1.636	0.4833	0.4847	0.4872
1.635	0.4832	0.4847	0.4871
1.634	0.4832	0.4846	0.4871
1.633	0.4831	0.4846	0.4871
1.632	0.4831	0.4845	0.4871
1.631	0.4831	0.4845	0.487
1.630	0.4831	0.4845	0.487
1.629	0.483	0.4844	0.4869
1.628	0.4829	0.4844	0.4869
1.627	0.4829	0.4844	0.4869
1.626	0.4828	0.4843	0.4869
1.625	0.4828	0.4843	0.4868
1.624	0.4828	0.4842	0.4868
1.623	0.4827	0.4842	0.4867
1.622	0.4827	0.4842	0.4867
1.621	0.4826	0.4841	0.4866
1.620	0.4826	0.4841	0.4866
1.619	0.4826	0.484	0.4866
1.618	0.4826	0.484	0.4866
1.617	0.4825	0.484	0.4865
1.616	0.4825	0.4839	0.4865
1.615	0.4824	0.4839	0.4865
1.614	0.4824	0.4839	0.4864
1.613	0.4824	0.4838	0.4864
1.612	0.4823	0.4838	0.4863
1.611	0.4823	0.4837	0.4863
1.610	0.4822	0.4837	0.4863
1.609	0.4822	0.4836	0.4862
1.608	0.4822	0.4836	0.4862
1.607	0.4821	0.4836	0.4862
1.606	0.4821	0.4835	0.4861
1.605	0.4821	0.4835	0.4861
1.604	0.482	0.4834	0.4861
1.603	0.482	0.4834	0.486
1.602	0.4819	0.4834	0.486
1.601	0.4819	0.4833	0.486
1.600	0.4818	0.4833	0.486
1.599	0.4818	0.4832	0.4859
1.598	0.4818	0.4832	0.4859
1.597	0.4817	0.4831	0.4859
1.596	0.4817	0.4831	0.4859
1.595	0.4816	0.4831	0.4858
1.594	0.4816	0.483	0.4858
1.593	0.4815	0.483	0.4858
1.592	0.4815	0.483	0.4857
1.591	0.4814	0.4829	0.4857
1.590	0.4814	0.4829	0.4856
1.589	0.4813	0.4828	0.4856
1.588	0.4813	0.4828	0.4856
1.587	0.4813	0.4827	0.4855
1.586	0.4812	0.4827	0.4855
1.585	0.4812	0.4826	0.4855
1.584	0.4811	0.4826	0.4855
1.583	0.4811	0.4825	0.4855
1.582	0.4811	0.4825	0.4854
1.581	0.481	0.4825	0.4854
1.580	0.481	0.4824	0.4854
1.579	0.4809	0.4824	0.4853
1.578	0.4809	0.4824	0.4853
1.577	0.4809	0.4823	0.4853
1.576	0.4808	0.4823	0.4852
1.575	0.4808	0.4822	0.4852
1.574	0.4807	0.4822	0.4852
1.573	0.4807	0.4821	0.4851
1.572	0.4806	0.4821	0.4851
1.571	0.4806	0.482	0.4851
1.570	0.4806	0.482	0.4851
1.569	0.4805	0.482	0.485
1.568	0.4805	0.4819	0.485
1.567	0.4804	0.4819	0.485
1.566	0.4804	0.4818	0.4849
1.565	0.4804	0.4818	0.4849
1.564	0.4803	0.4817	0.4848
1.563	0.4803	0.4817	0.4848
1.562	0.4802	0.4816	0.4848
1.561	0.4802	0.4816	0.4847
1.560	0.4801	0.4816	0.4847
1.559	0.4801	0.4815	0.4847
1.558	0.48	0.4815	0.4846
1.557	0.48	0.4814	0.4846
1.556	0.4799	0.4814	0.4846
1.555	0.4799	0.4813	0.4845
1.554	0.4799	0.4813	0.4845
1.553	0.4798	0.4813	0.4845
1.552	0.4798	0.4812	0.4844
1.551	0.4797	0.4812	0.4844
1.550	0.4797	0.4811	0.4844
1.549	0.4797	0.4811	0.4843
1.548	0.4797	0.481	0.4843
1.547	0.4796	0.481	0.4842
1.546	0.4796	0.4809	0.4842
1.545	0.4795	0.4809	0.4842
1.544	0.4795	0.4808	0.4841
1.543	0.4795	0.4808	0.4841
1.542	0.4794	0.4807	0.4841
1.541	0.4794	0.4807	0.484
1.540	0.4793	0.4807	0.484
1.539	0.4793	0.4806	0.484
1.538	0.4792	0.4806	0.4839
1.537	0.4792	0.4805	0.4839
1.536	0.4791	0.4805	0.4838
1.535	0.4791	0.4805	0.4838
1.534	0.4791	0.4804	0.4838
1.533	0.479	0.4804	0.4837
1.532	0.479	0.4803	0.4837
1.531	0.4789	0.4803	0.4837
1.530	0.4789	0.4802	0.4836
1.529	0.4788	0.4802	0.4836
1.528	0.4788	0.4802	0.4835
1.527	0.4787	0.4801	0.4835
1.526	0.4787	0.4801	0.4835
1.525	0.4786	0.48	0.4835
1.524	0.4786	0.48	0.4834
1.523	0.4786	0.48	0.4834
1.522	0.4785	0.4799	0.4834
1.521	0.4785	0.4799	0.4834
1.520	0.4784	0.4799	0.4833
1.519	0.4784	0.4798	0.4833
1.518	0.4784	0.4798	0.4833
1.517	0.4783	0.4797	0.4832
1.516	0.4783	0.4797	0.4832
1.515	0.4782	0.4797	0.4832
1.514	0.4782	0.4796	0.4831
1.513	0.4781	0.4796	0.4831
1.512	0.4781	0.4795	0.483
1.511	0.4781	0.4795	0.483
1.510	0.478	0.4794	0.483
1.509	0.478	0.4794	0.4829
1.508	0.4779	0.4793	0.4829
1.507	0.4779	0.4793	0.4829
1.506	0.4778	0.4793	0.4828
1.505	0.4778	0.4792	0.4828
1.504	0.4778	0.4792	0.4828
1.503	0.4777	0.4791	0.4828
1.502	0.4777	0.4791	0.4827
1.501	0.4776	0.4791	0.4827
1.500	0.4776	0.479	0.4827
1.499	0.4775	0.479	0.4826
1.498	0.4775	0.4789	0.4826
1.497	0.4775	0.4789	0.4826
1.496	0.4774	0.4788	0.4825
1.495	0.4773	0.4788	0.4825
1.494	0.4773	0.4788	0.4824
1.493	0.4773	0.4787	0.4824
1.492	0.4772	0.4787	0.4823
1.491	0.4772	0.4786	0.4823
1.490	0.4772	0.4786	0.4823
1.489	0.4771	0.4786	0.4822
1.488	0.477	0.4785	0.4822
1.487	0.477	0.4785	0.4821
1.486	0.477	0.4784	0.4821
1.485	0.4769	0.4784	0.4821
1.484	0.4769	0.4784	0.482
1.483	0.4768	0.4783	0.482
1.482	0.4768	0.4783	0.482
1.481	0.4768	0.4782	0.4819
1.480	0.4767	0.4782	0.4819
1.479	0.4767	0.4782	0.4819
1.478	0.4766	0.4781	0.4818
1.477	0.4766	0.4781	0.4818
1.476	0.4765	0.4781	0.4818
1.475	0.4765	0.478	0.4818
1.474	0.4764	0.478	0.4817
1.473	0.4764	0.4779	0.4817
1.472	0.4763	0.4779	0.4817
1.471	0.4763	0.4778	0.4816
1.470	0.4762	0.4778	0.4816
1.469	0.4762	0.4777	0.4816
1.468	0.4761	0.4777	0.4816
1.467	0.4761	0.4777	0.4815
1.466	0.4761	0.4776	0.4815
1.465	0.476	0.4775	0.4815
1.464	0.476	0.4775	0.4814
1.463	0.4759	0.4775	0.4814
1.462	0.4759	0.4774	0.4814
1.461	0.4758	0.4774	0.4813
1.460	0.4758	0.4773	0.4813
1.459	0.4757	0.4773	0.4813
1.458	0.4757	0.4772	0.4812
1.457	0.4756	0.4772	0.4812
1.456	0.4756	0.4772	0.4811
1.455	0.4755	0.4771	0.4811
1.454	0.4755	0.4771	0.4811
1.453	0.4754	0.477	0.481
1.452	0.4754	0.477	0.481
1.451	0.4753	0.4769	0.481
1.450	0.4753	0.4769	0.4809
1.449	0.4752	0.4769	0.4809
1.448	0.4752	0.4768	0.4809
1.447	0.4751	0.4768	0.4808
1.446	0.4751	0.4768	0.4808
1.445	0.475	0.4767	0.4808
1.444	0.475	0.4767	0.4807
1.443	0.4749	0.4766	0.4807
1.442	0.4749	0.4766	0.4806
1.441	0.4748	0.4765	0.4806
1.440	0.4748	0.4765	0.4806
1.439	0.4747	0.4764	0.4805
1.438	0.4747	0.4764	0.4805
1.437	0.4746	0.4763	0.4805
1.436	0.4746	0.4763	0.4805
1.435	0.4746	0.4762	0.4804
1.434	0.4745	0.4762	0.4804
1.433	0.4744	0.4761	0.4804
1.432	0.4744	0.4761	0.4803
1.431	0.4743	0.476	0.4803
1.430	0.4743	0.476	0.4802
1.429	0.4743	0.4759	0.4802
1.428	0.4742	0.4758	0.4801
1.427	0.4742	0.4758	0.4801
1.426	0.4741	0.4758	0.48
1.425	0.4741	0.4757	0.48
1.424	0.4741	0.4756	0.48
1.423	0.474	0.4756	0.4799
1.422	0.474	0.4755	0.4799
1.421	0.4739	0.4755	0.4799
1.420	0.4739	0.4754	0.4798
1.419	0.4738	0.4754	0.4798
1.418	0.4738	0.4754	0.4798
1.417	0.4737	0.4753	0.4797
1.416	0.4737	0.4752	0.4797
1.415	0.4737	0.4752	0.4796
1.414	0.4736	0.4752	0.4796
1.413	0.4736	0.4751	0.4796
1.412	0.4735	0.4751	0.4796
1.411	0.4734	0.475	0.4795
1.410	0.4734	0.475	0.4795
1.409	0.4734	0.4749	0.4795
1.408	0.4733	0.4748	0.4794
1.407	0.4733	0.4748	0.4794
1.406	0.4732	0.4748	0.4794
1.405	0.4732	0.4747	0.4793
1.404	0.4731	0.4747	0.4793
1.403	0.4731	0.4746	0.4793
1.402	0.4731	0.4746	0.4792
1.401	0.473	0.4745	0.4792
1.400	0.473	0.4745	0.4792
1.399	0.4729	0.4744	0.4791
1.398	0.4729	0.4744	0.4791
1.397	0.4728	0.4743	0.4791
1.396	0.4728	0.4743	0.479
1.395	0.4727	0.4742	0.479
1.394	0.4727	0.4742	0.479
1.393	0.4726	0.4741	0.4789
1.392	0.4726	0.4741	0.4789
1.391	0.4725	0.4741	0.4789
1.390	0.4725	0.474	0.4788
1.389	0.4724	0.474	0.4788
1.388	0.4724	0.4739	0.4788
1.387	0.4723	0.4739	0.4787
1.386	0.4723	0.4738	0.4787
1.385	0.4723	0.4738	0.4787
1.384	0.4722	0.4737	0.4786
1.383	0.4722	0.4737	0.4786
1.382	0.4721	0.4736	0.4786
1.381	0.4721	0.4736	0.4785
1.380	0.472	0.4735	0.4785
1.379	0.4719	0.4735	0.4785
1.378	0.4719	0.4734	0.4784
1.377	0.4718	0.4734	0.4784
1.376	0.4718	0.4733	0.4784
1.375	0.4718	0.4733	0.4783
1.374	0.4717	0.4732	0.4783
1.373	0.4716	0.4732	0.4783
1.372	0.4716	0.4732	0.4782
1.371	0.4715	0.4731	0.4782
1.370	0.4715	0.4731	0.4782
1.369	0.4715	0.473	0.4781
1.368	0.4714	0.473	0.4781
1.367	0.4714	0.4729	0.478
1.366	0.4713	0.4729	0.478
1.365	0.4713	0.4728	0.4779
1.364	0.4712	0.4728	0.4779
1.363	0.4711	0.4727	0.4779
1.362	0.4711	0.4727	0.4779
1.361	0.471	0.4727	0.4778
1.360	0.471	0.4726	0.4778
1.359	0.4709	0.4726	0.4777
1.358	0.4708	0.4725	0.4777
1.357	0.4708	0.4724	0.4777
1.356	0.4707	0.4724	0.4776
1.355	0.4707	0.4723	0.4776
1.354	0.4706	0.4723	0.4776
1.353	0.4706	0.4722	0.4775
1.352	0.4706	0.4722	0.4775
1.351	0.4706	0.4722	0.4774
1.350	0.4705	0.4721	0.4774
1.349	0.4705	0.4721	0.4774
1.348	0.4704	0.472	0.4773
1.347	0.4703	0.472	0.4773
1.346	0.4703	0.4719	0.4773
1.345	0.4703	0.4719	0.4772
1.344	0.4702	0.4718	0.4772
1.343	0.4702	0.4718	0.4771
1.342	0.4701	0.4717	0.4771
1.341	0.47	0.4717	0.477
1.340	0.47	0.4716	0.477
1.339	0.4699	0.4716	0.477
1.338	0.4699	0.4715	0.4769
1.337	0.4698	0.4714	0.4769
1.336	0.4698	0.4714	0.4768
1.335	0.4697	0.4713	0.4768
1.334	0.4697	0.4712	0.4768
1.333	0.4696	0.4712	0.4767
1.332	0.4695	0.4711	0.4767
1.331	0.4695	0.4711	0.4766
1.330	0.4694	0.471	0.4766
1.329	0.4694	0.471	0.4766
1.328	0.4693	0.471	0.4765
1.327	0.4692	0.4709	0.4765
1.326	0.4692	0.4709	0.4764
1.325	0.4691	0.4708	0.4764
1.324	0.4691	0.4707	0.4764
1.323	0.469	0.4707	0.4763
1.322	0.469	0.4707	0.4763
1.321	0.4689	0.4706	0.4763
1.320	0.4689	0.4705	0.4762
1.319	0.4688	0.4705	0.4762
1.318	0.4688	0.4704	0.4762
1.317	0.4687	0.4704	0.4761
1.316	0.4687	0.4703	0.4761
1.315	0.4686	0.4703	0.4761
1.314	0.4686	0.4702	0.476
1.313	0.4685	0.4702	0.476
1.312	0.4685	0.4702	0.4759
1.311	0.4684	0.4701	0.4759
1.310	0.4683	0.47	0.4759
1.309	0.4683	0.47	0.4758
1.308	0.4682	0.4699	0.4758
1.307	0.4682	0.4699	0.4758
1.306	0.4681	0.4698	0.4757
1.305	0.4681	0.4698	0.4757
1.304	0.468	0.4697	0.4756
1.303	0.468	0.4697	0.4756
1.302	0.4679	0.4696	0.4756
1.301	0.4679	0.4696	0.4755
1.300	0.4678	0.4695	0.4755
1.299	0.4677	0.4695	0.4755
1.298	0.4676	0.4694	0.4754
1.297	0.4675	0.4694	0.4754
1.296	0.4675	0.4693	0.4754
1.295	0.4675	0.4693	0.4753
1.294	0.4674	0.4692	0.4753
1.293	0.4674	0.4691	0.4752
1.292	0.4673	0.4691	0.4752
1.291	0.4673	0.469	0.4752
1.290	0.4672	0.469	0.4751
1.289	0.4672	0.4689	0.4751
1.288	0.4671	0.4689	0.475
1.287	0.4671	0.4688	0.475
1.286	0.467	0.4688	0.475
1.285	0.467	0.4687	0.4749
1.284	0.4669	0.4687	0.4749
1.283	0.4668	0.4686	0.4748
1.282	0.4668	0.4686	0.4748
1.281	0.4667	0.4685	0.4747
1.280	0.4666	0.4685	0.4747
1.279	0.4666	0.4684	0.4747
1.278	0.4665	0.4684	0.4746
1.277	0.4664	0.4683	0.4746
1.276	0.4664	0.4683	0.4745
1.275	0.4664	0.4682	0.4745
1.274	0.4663	0.4681	0.4744
1.273	0.4662	0.4681	0.4744
1.272	0.4661	0.468	0.4744
1.271	0.4661	0.468	0.4743
1.270	0.466	0.468	0.4743
1.269	0.466	0.4679	0.4742
1.268	0.4659	0.4678	0.4742
1.267	0.4659	0.4678	0.4742
1.266	0.4658	0.4678	0.4741
1.265	0.4658	0.4677	0.4741
1.264	0.4657	0.4677	0.474
1.263	0.4656	0.4676	0.474
1.262	0.4655	0.4675	0.4739
1.261	0.4655	0.4675	0.4739
1.260	0.4654	0.4674	0.4739
1.259	0.4654	0.4673	0.4738
1.258	0.4653	0.4673	0.4738
1.257	0.4652	0.4672	0.4738
1.256	0.4652	0.4672	0.4737
1.255	0.4651	0.4671	0.4737
1.254	0.4651	0.4671	0.4736
1.253	0.465	0.467	0.4736
1.252	0.465	0.467	0.4736
1.251	0.4649	0.467	0.4735
1.250	0.4649	0.4669	0.4735
1.249	0.4648	0.4668	0.4735
1.248	0.4647	0.4668	0.4734
1.247	0.4646	0.4667	0.4734
1.246	0.4645	0.4667	0.4733
1.245	0.4645	0.4666	0.4733
1.244	0.4644	0.4666	0.4733
1.243	0.4644	0.4665	0.4732
1.242	0.4643	0.4665	0.4732
1.241	0.4642	0.4664	0.4732
1.240	0.4641	0.4664	0.4731
1.239	0.4641	0.4664	0.4731
1.238	0.464	0.4663	0.4731
1.237	0.464	0.4663	0.473
1.236	0.4639	0.4662	0.473
1.235	0.4639	0.4662	0.473
1.234	0.4638	0.4661	0.4729
1.233	0.4638	0.466	0.4729
1.232	0.4637	0.466	0.4728
1.231	0.4637	0.4659	0.4728
1.230	0.4636	0.4659	0.4728
1.229	0.4635	0.4658	0.4727
1.228	0.4635	0.4658	0.4727
1.227	0.4634	0.4657	0.4726
1.226	0.4634	0.4656	0.4726
1.225	0.4633	0.4656	0.4726
1.224	0.4633	0.4655	0.4725
1.223	0.4632	0.4655	0.4725
1.222	0.4631	0.4654	0.4725
1.221	0.463	0.4653	0.4724
1.220	0.463	0.4653	0.4724
1.219	0.4629	0.4652	0.4723
1.218	0.4629	0.4652	0.4723
1.217	0.4628	0.4651	0.4723
1.216	0.4627	0.4651	0.4722
1.215	0.4626	0.465	0.4722
1.214	0.4626	0.465	0.4721
1.213	0.4625	0.4649	0.4721
1.212	0.4624	0.4649	0.4721
1.211	0.4624	0.4649	0.472
1.210	0.4623	0.4648	0.472
1.209	0.4623	0.4648	0.4719
1.208	0.4622	0.4647	0.4719
1.207	0.4622	0.4646	0.4719
1.206	0.4621	0.4646	0.4718
1.205	0.4621	0.4645	0.4718
1.204	0.462	0.4645	0.4717
1.203	0.462	0.4644	0.4717
1.202	0.4619	0.4644	0.4717
1.201	0.4619	0.4643	0.4716
1.200	0.4618	0.4643	0.4716
1.199	0.4618	0.4642	0.4716
1.198	0.4617	0.4642	0.4715
1.197	0.4616	0.4641	0.4715
1.196	0.4616	0.4641	0.4714
1.195	0.4616	0.464	0.4714
1.194	0.4615	0.464	0.4714
1.193	0.4614	0.4639	0.4713
1.192	0.4614	0.4639	0.4712
1.191	0.4613	0.4638	0.4712
1.190	0.4613	0.4638	0.4712
1.189	0.4612	0.4637	0.4711
1.188	0.4612	0.4636	0.4711
1.187	0.4611	0.4636	0.471
1.186	0.4611	0.4635	0.471
1.185	0.461	0.4635	0.4709
1.184	0.4609	0.4634	0.4709
1.183	0.4609	0.4634	0.4709
1.182	0.4608	0.4633	0.4708
1.181	0.4608	0.4633	0.4708
1.180	0.4607	0.4632	0.4708
1.179	0.4607	0.4632	0.4707
1.178	0.4606	0.4631	0.4707
1.177	0.4605	0.4631	0.4706
1.176	0.4605	0.463	0.4706
1.175	0.4604	0.4629	0.4705
1.174	0.4604	0.4628	0.4705
1.173	0.4603	0.4627	0.4704
1.172	0.4602	0.4627	0.4704
1.171	0.4602	0.4626	0.4703
1.170	0.4601	0.4626	0.4703
1.169	0.4601	0.4625	0.4703
1.168	0.46	0.4624	0.4702
1.167	0.46	0.4623	0.4702
1.166	0.4599	0.4623	0.4702
1.165	0.4598	0.4622	0.4701
1.164	0.4598	0.4622	0.47
1.163	0.4597	0.4621	0.47
1.162	0.4597	0.4621	0.4699
1.161	0.4596	0.462	0.4699
1.160	0.4595	0.462	0.4699
1.159	0.4595	0.4619	0.4698
1.158	0.4594	0.4619	0.4698
1.157	0.4594	0.4619	0.4697
1.156	0.4593	0.4618	0.4697
1.155	0.4592	0.4617	0.4696
1.154	0.4592	0.4617	0.4696
1.153	0.4591	0.4616	0.4696
1.152	0.459	0.4615	0.4695
1.151	0.4589	0.4615	0.4695
1.150	0.4589	0.4614	0.4694
1.149	0.4589	0.4613	0.4694
1.148	0.4588	0.4613	0.4694
1.147	0.4587	0.4612	0.4693
1.146	0.4587	0.4612	0.4693
1.145	0.4586	0.4611	0.4692
1.144	0.4585	0.4611	0.4692
1.143	0.4585	0.461	0.4691
1.142	0.4584	0.4609	0.4691
1.141	0.4583	0.4609	0.469
1.140	0.4583	0.4608	0.469
1.139	0.4582	0.4607	0.4689
1.138	0.4582	0.4607	0.4689
1.137	0.4581	0.4606	0.4688
1.136	0.458	0.4605	0.4688
1.135	0.458	0.4605	0.4687
1.134	0.4579	0.4604	0.4687
1.133	0.4579	0.4604	0.4686
1.132	0.4578	0.4603	0.4686
1.131	0.4577	0.4602	0.4686
1.130	0.4576	0.4602	0.4685
1.129	0.4576	0.4601	0.4685
1.128	0.4575	0.4601	0.4684
1.127	0.4575	0.46	0.4684
1.126	0.4574	0.4599	0.4684
1.125	0.4573	0.4599	0.4683
1.124	0.4572	0.4598	0.4683
1.123	0.4572	0.4597	0.4683
1.122	0.4571	0.4596	0.4682
1.121	0.4571	0.4596	0.4682
1.120	0.457	0.4595	0.4682
1.119	0.457	0.4594	0.4681
1.118	0.4569	0.4593	0.4681
1.117	0.4568	0.4593	0.468
1.116	0.4567	0.4592	0.468
1.115	0.4567	0.4591	0.4679
1.114	0.4566	0.4591	0.4678
1.113	0.4566	0.459	0.4678
1.112	0.4565	0.4589	0.4677
1.111	0.4564	0.4589	0.4677
1.110	0.4564	0.4588	0.4677
1.109	0.4563	0.4588	0.4676
1.108	0.4562	0.4587	0.4676
1.107	0.4561	0.4587	0.4675
1.106	0.4561	0.4586	0.4675
1.105	0.456	0.4586	0.4674
1.104	0.4559	0.4585	0.4674
1.103	0.4559	0.4584	0.4673
1.102	0.4558	0.4584	0.4673
1.101	0.4557	0.4583	0.4672
1.100	0.4557	0.4583	0.4672
1.099	0.4556	0.4582	0.4671
1.098	0.4556	0.4581	0.4671
1.097	0.4555	0.4581	0.4671
1.096	0.4554	0.458	0.467
1.095	0.4554	0.458	0.467
1.094	0.4553	0.458	0.4669
1.093	0.4552	0.4579	0.4669
1.092	0.4551	0.4578	0.4668
1.091	0.455	0.4578	0.4668
1.090	0.455	0.4577	0.4667
1.089	0.4549	0.4576	0.4667
1.088	0.4549	0.4575	0.4666
1.087	0.4548	0.4575	0.4666
1.086	0.4547	0.4574	0.4666
1.085	0.4547	0.4573	0.4665
1.084	0.4546	0.4572	0.4665
1.083	0.4545	0.4572	0.4664
1.082	0.4544	0.4571	0.4664
1.081	0.4544	0.4571	0.4663
1.080	0.4543	0.457	0.4663
1.079	0.4542	0.457	0.4663
1.078	0.4541	0.4569	0.4662
1.077	0.4541	0.4569	0.4662
1.076	0.454	0.4568	0.4661
1.075	0.4539	0.4567	0.4661
1.074	0.4538	0.4566	0.466
1.073	0.4537	0.4566	0.466
1.072	0.4536	0.4565	0.4659
1.071	0.4536	0.4564	0.4659
1.070	0.4535	0.4564	0.4659
1.069	0.4534	0.4563	0.4658
1.068	0.4534	0.4562	0.4658
1.067	0.4533	0.4561	0.4657
1.066	0.4532	0.4561	0.4657
1.065	0.4532	0.456	0.4657
1.064	0.4531	0.456	0.4656
1.063	0.453	0.4559	0.4656
1.062	0.453	0.4559	0.4655
1.061	0.4529	0.4558	0.4655
1.060	0.4528	0.4557	0.4655
1.059	0.4528	0.4557	0.4654
1.058	0.4527	0.4556	0.4654
1.057	0.4526	0.4555	0.4654
1.056	0.4526	0.4555	0.4653
1.055	0.4525	0.4554	0.4653
1.054	0.4524	0.4554	0.4652
1.053	0.4523	0.4553	0.4652
1.052	0.4523	0.4552	0.4651
1.051	0.4522	0.4551	0.4651
1.050	0.4521	0.455	0.465
1.049	0.4521	0.455	0.465
1.048	0.452	0.4549	0.4649
1.047	0.4519	0.4548	0.4649
1.046	0.4518	0.4548	0.4649
1.045	0.4517	0.4547	0.4648
1.044	0.4516	0.4546	0.4648
1.043	0.4516	0.4545	0.4647
1.042	0.4515	0.4545	0.4647
1.041	0.4514	0.4544	0.4647
1.040	0.4514	0.4543	0.4646
1.039	0.4513	0.4543	0.4646
1.038	0.4513	0.4542	0.4645
1.037	0.4512	0.4541	0.4645
1.036	0.4511	0.454	0.4645
1.035	0.4511	0.454	0.4644
1.034	0.451	0.4539	0.4643
1.033	0.4509	0.4538	0.4643
1.032	0.4509	0.4538	0.4643
1.031	0.4507	0.4537	0.4642
1.030	0.4507	0.4536	0.4642
1.029	0.4506	0.4536	0.4641
1.028	0.4505	0.4535	0.4641
1.027	0.4505	0.4535	0.464
1.026	0.4504	0.4534	0.464
1.025	0.4503	0.4533	0.4639
1.024	0.4503	0.4532	0.4639
1.023	0.4502	0.4532	0.4638
1.022	0.4502	0.4531	0.4638
1.021	0.4501	0.453	0.4637
1.020	0.4501	0.4529	0.4637
1.019	0.45	0.4528	0.4636
1.018	0.4499	0.4528	0.4636
1.017	0.4498	0.4527	0.4636
1.016	0.4497	0.4526	0.4635
1.015	0.4497	0.4525	0.4635
1.014	0.4495	0.4525	0.4634
1.013	0.4495	0.4524	0.4634
1.012	0.4494	0.4523	0.4633
1.011	0.4493	0.4523	0.4633
1.010	0.4492	0.4522	0.4632
1.009	0.4492	0.4521	0.4632
1.008	0.4491	0.4521	0.4631
1.007	0.449	0.452	0.4631
1.006	0.449	0.4519	0.463
1.005	0.4489	0.4518	0.463
1.004	0.4488	0.4517	0.4629
1.003	0.4487	0.4517	0.4629
1.002	0.4486	0.4516	0.4628
1.001	0.4485	0.4515	0.4628
1.000	0.4485	0.4514	0.4628
0.999	0.4484	0.4513	0.4627
0.998	0.4483	0.4513	0.4627
0.997	0.4482	0.4512	0.4626
0.996	0.4482	0.4511	0.4626
0.995	0.4481	0.4511	0.4625
0.994	0.448	0.451	0.4625
0.993	0.448	0.4509	0.4624
0.992	0.4479	0.4508	0.4624
0.991	0.4478	0.4507	0.4624
0.990	0.4477	0.4507	0.4623
0.989	0.4476	0.4506	0.4623
0.988	0.4476	0.4505	0.4623
0.987	0.4475	0.4504	0.4622
0.986	0.4474	0.4504	0.4622
0.985	0.4474	0.4503	0.4621
0.984	0.4473	0.4502	0.4621
0.983	0.4472	0.4502	0.462
0.982	0.4471	0.4501	0.462
0.981	0.4471	0.45	0.4619
0.980	0.447	0.45	0.4618
0.979	0.4469	0.4499	0.4618
0.978	0.4469	0.4499	0.4617
0.977	0.4468	0.4498	0.4617
0.976	0.4467	0.4497	0.4617
0.975	0.4466	0.4496	0.4616
0.974	0.4466	0.4496	0.4616
0.973	0.4465	0.4495	0.4615
0.972	0.4464	0.4494	0.4615
0.971	0.4464	0.4494	0.4615
0.970	0.4463	0.4493	0.4614
0.969	0.4462	0.4492	0.4613
0.968	0.4461	0.4492	0.4613
0.967	0.4461	0.4491	0.4612
0.966	0.446	0.449	0.4612
0.965	0.4459	0.4489	0.4612
0.964	0.4459	0.4489	0.4611
0.963	0.4458	0.4488	0.4611
0.962	0.4457	0.4487	0.461
0.961	0.4457	0.4487	0.461
0.960	0.4456	0.4486	0.4609
0.959	0.4455	0.4485	0.4608
0.958	0.4455	0.4485	0.4608
0.957	0.4454	0.4484	0.4607
0.956	0.4453	0.4483	0.4607
0.955	0.4452	0.4483	0.4607
0.954	0.4451	0.4482	0.4606
0.953	0.445	0.4481	0.4606
0.952	0.445	0.448	0.4605
0.951	0.4449	0.448	0.4605
0.950	0.4448	0.4479	0.4604
0.949	0.4447	0.4478	0.4603
0.948	0.4446	0.4477	0.4603
0.947	0.4445	0.4477	0.4602
0.946	0.4444	0.4476	0.4602
0.945	0.4444	0.4475	0.4602
0.944	0.4443	0.4474	0.4601
0.943	0.4442	0.4473	0.4601
0.942	0.4441	0.4472	0.46
0.941	0.444	0.4472	0.46
0.940	0.4439	0.4471	0.4599
0.939	0.4439	0.447	0.4599
0.938	0.4438	0.4469	0.4598
0.937	0.4437	0.4469	0.4598
0.936	0.4436	0.4468	0.4597
0.935	0.4435	0.4467	0.4597
0.934	0.4434	0.4466	0.4596
0.933	0.4433	0.4466	0.4596
0.932	0.4433	0.4465	0.4595
0.931	0.4432	0.4464	0.4595
0.930	0.4431	0.4464	0.4594
0.929	0.443	0.4463	0.4594
0.928	0.4429	0.4462	0.4593
0.927	0.4429	0.4461	0.4593
0.926	0.4428	0.4461	0.4592
0.925	0.4427	0.446	0.4591
0.924	0.4426	0.4459	0.4591
0.923	0.4425	0.4458	0.459
0.922	0.4424	0.4458	0.459
0.921	0.4423	0.4457	0.4589
0.920	0.4423	0.4456	0.4589
0.919	0.4422	0.4455	0.4588
0.918	0.4421	0.4455	0.4588
0.917	0.442	0.4454	0.4587
0.916	0.442	0.4453	0.4587
0.915	0.4419	0.4452	0.4586
0.914	0.4418	0.4451	0.4586
0.913	0.4417	0.445	0.4585
0.912	0.4416	0.4449	0.4585
0.911	0.4415	0.4448	0.4584
0.910	0.4415	0.4447	0.4584
0.909	0.4414	0.4446	0.4583
0.908	0.4413	0.4445	0.4583
0.907	0.4412	0.4445	0.4582
0.906	0.4412	0.4444	0.4582
0.905	0.4411	0.4443	0.4581
0.904	0.441	0.4442	0.4581
0.903	0.4409	0.4441	0.4581
0.902	0.4408	0.444	0.458
0.901	0.4407	0.4439	0.4579
0.900	0.4406	0.4439	0.4579
0.899	0.4405	0.4437	0.4578
0.898	0.4404	0.4437	0.4578
0.897	0.4403	0.4436	0.4577
0.896	0.4402	0.4435	0.4577
0.895	0.4401	0.4434	0.4576
0.894	0.44	0.4433	0.4575
0.893	0.4399	0.4433	0.4575
0.892	0.4399	0.4432	0.4574
0.891	0.4398	0.4431	0.4574
0.890	0.4397	0.443	0.4573
0.889	0.4396	0.4429	0.4573
0.888	0.4395	0.4429	0.4572
0.887	0.4394	0.4428	0.4572
0.886	0.4393	0.4427	0.4571
0.885	0.4393	0.4426	0.4571
0.884	0.4392	0.4426	0.457
0.883	0.4391	0.4425	0.457
0.882	0.439	0.4424	0.4569
0.881	0.4389	0.4423	0.4568
0.880	0.4389	0.4422	0.4568
0.879	0.4388	0.4421	0.4567
0.878	0.4387	0.4421	0.4567
0.877	0.4386	0.442	0.4566
0.876	0.4386	0.4419	0.4566
0.875	0.4385	0.4418	0.4565
0.874	0.4384	0.4417	0.4565
0.873	0.4383	0.4416	0.4564
0.872	0.4382	0.4416	0.4564
0.871	0.4381	0.4414	0.4563
0.870	0.438	0.4414	0.4563
0.869	0.4379	0.4413	0.4562
0.868	0.4378	0.4412	0.4562
0.867	0.4377	0.4411	0.4561
0.866	0.4376	0.441	0.4561
0.865	0.4375	0.4409	0.456
0.864	0.4374	0.4409	0.4559
0.863	0.4373	0.4408	0.4559
0.862	0.4372	0.4407	0.4558
0.861	0.4371	0.4407	0.4557
0.860	0.4371	0.4406	0.4557
0.859	0.437	0.4405	0.4557
0.858	0.4369	0.4404	0.4556
0.857	0.4369	0.4404	0.4555
0.856	0.4368	0.4403	0.4555
0.855	0.4367	0.4402	0.4554
0.854	0.4366	0.4401	0.4553
0.853	0.4365	0.44	0.4553
0.852	0.4364	0.4399	0.4552
0.851	0.4363	0.4398	0.4552
0.850	0.4362	0.4398	0.4551
0.849	0.4361	0.4396	0.4551
0.848	0.4361	0.4395	0.455
0.847	0.436	0.4395	0.455
0.846	0.4359	0.4393	0.4549
0.845	0.4358	0.4393	0.4548
0.844	0.4357	0.4392	0.4547
0.843	0.4356	0.4391	0.4547
0.842	0.4355	0.439	0.4546
0.841	0.4354	0.4389	0.4546
0.840	0.4354	0.4389	0.4545
0.839	0.4352	0.4388	0.4545
0.838	0.4351	0.4387	0.4544
0.837	0.4351	0.4386	0.4544
0.836	0.435	0.4386	0.4543
0.835	0.4349	0.4385	0.4542
0.834	0.4348	0.4384	0.4542
0.833	0.4347	0.4383	0.4541
0.832	0.4346	0.4382	0.4541
0.831	0.4346	0.4381	0.4541
0.830	0.4345	0.438	0.454
0.829	0.4344	0.4379	0.4539
0.828	0.4343	0.4379	0.4539
0.827	0.4342	0.4378	0.4538
0.826	0.434	0.4377	0.4538
0.825	0.4339	0.4376	0.4537
0.824	0.4338	0.4375	0.4537
0.823	0.4337	0.4374	0.4536
0.822	0.4336	0.4373	0.4536
0.821	0.4335	0.4372	0.4535
0.820	0.4334	0.4371	0.4535
0.819	0.4333	0.437	0.4534
0.818	0.4332	0.4369	0.4534
0.817	0.4331	0.4368	0.4533
0.816	0.433	0.4367	0.4533
0.815	0.433	0.4366	0.4532
0.814	0.4328	0.4364	0.4532
0.813	0.4328	0.4363	0.4531
0.812	0.4327	0.4362	0.453
0.811	0.4326	0.4362	0.453
0.810	0.4324	0.4361	0.4529
0.809	0.4323	0.4359	0.4529
0.808	0.4322	0.4359	0.4528
0.807	0.4321	0.4358	0.4528
0.806	0.432	0.4356	0.4527
0.805	0.4319	0.4355	0.4526
0.804	0.4318	0.4354	0.4526
0.803	0.4317	0.4353	0.4525
0.802	0.4316	0.4352	0.4525
0.801	0.4316	0.4351	0.4524
0.800	0.4315	0.4351	0.4524
0.799	0.4314	0.435	0.4523
0.798	0.4313	0.4349	0.4523
0.797	0.4312	0.4348	0.4522
0.796	0.4311	0.4347	0.4522
0.795	0.4309	0.4347	0.4521
0.794	0.4308	0.4346	0.452
0.793	0.4307	0.4344	0.452
0.792	0.4306	0.4343	0.452
0.791	0.4305	0.4343	0.4519
0.790	0.4304	0.4342	0.4519
0.789	0.4303	0.434	0.4518
0.788	0.4303	0.4339	0.4517
0.787	0.4302	0.4338	0.4517
0.786	0.4301	0.4337	0.4516
0.785	0.43	0.4336	0.4516
0.784	0.4299	0.4335	0.4515
0.783	0.4298	0.4335	0.4514
0.782	0.4297	0.4334	0.4514
0.781	0.4296	0.4333	0.4513
0.780	0.4295	0.4332	0.4513
0.779	0.4294	0.4331	0.4512
0.778	0.4293	0.433	0.4512
0.777	0.4292	0.4329	0.4511
0.776	0.4291	0.4328	0.451
0.775	0.4289	0.4327	0.451
0.774	0.4288	0.4326	0.4509
0.773	0.4287	0.4325	0.4509
0.772	0.4286	0.4324	0.4508
0.771	0.4285	0.4323	0.4507
0.770	0.4284	0.4322	0.4507
0.769	0.4283	0.4321	0.4506
0.768	0.4282	0.432	0.4506
0.767	0.4281	0.4319	0.4505
0.766	0.4281	0.4318	0.4505
0.765	0.4279	0.4316	0.4504
0.764	0.4278	0.4315	0.4504
0.763	0.4277	0.4314	0.4503
0.762	0.4275	0.4313	0.4502
0.761	0.4274	0.4312	0.4502
0.760	0.4273	0.4311	0.4501
0.759	0.4272	0.431	0.4501
0.758	0.4271	0.4309	0.45
0.757	0.427	0.4308	0.45
0.756	0.4268	0.4307	0.4499
0.755	0.4267	0.4306	0.4499
0.754	0.4266	0.4305	0.4498
0.753	0.4266	0.4304	0.4498
0.752	0.4265	0.4304	0.4497
0.751	0.4264	0.4303	0.4497
0.750	0.4262	0.4301	0.4496
0.749	0.4262	0.43	0.4495
0.748	0.4261	0.4299	0.4494
0.747	0.426	0.4298	0.4494
0.746	0.4258	0.4297	0.4493
0.745	0.4258	0.4295	0.4493
0.744	0.4257	0.4294	0.4493
0.743	0.4256	0.4293	0.4492
0.742	0.4255	0.4292	0.4492
0.741	0.4253	0.4291	0.4491
0.740	0.4252	0.4289	0.449
0.739	0.4251	0.4288	0.449
0.738	0.4249	0.4287	0.4489
0.737	0.4248	0.4286	0.4488
0.736	0.4247	0.4285	0.4488
0.735	0.4246	0.4284	0.4487
0.734	0.4245	0.4283	0.4487
0.733	0.4244	0.4282	0.4486
0.732	0.4243	0.4281	0.4485
0.731	0.4242	0.428	0.4485
0.730	0.4241	0.4279	0.4484
0.729	0.424	0.4278	0.4484
0.728	0.4239	0.4277	0.4483
0.727	0.4238	0.4276	0.4483
0.726	0.4236	0.4275	0.4482
0.725	0.4235	0.4273	0.4481
0.724	0.4233	0.4273	0.4481
0.723	0.4232	0.4272	0.448
0.722	0.4231	0.427	0.4479
0.721	0.423	0.4269	0.4479
0.720	0.4229	0.4267	0.4478
0.719	0.4227	0.4266	0.4478
0.718	0.4227	0.4265	0.4477
0.717	0.4226	0.4264	0.4476
0.716	0.4225	0.4263	0.4476
0.715	0.4224	0.4262	0.4475
0.714	0.4222	0.4261	0.4474
0.713	0.4221	0.426	0.4474
0.712	0.422	0.4259	0.4473
0.711	0.4218	0.4258	0.4472
0.710	0.4217	0.4257	0.4472
0.709	0.4216	0.4256	0.4471
0.708	0.4214	0.4255	0.4471
0.707	0.4213	0.4254	0.447
0.706	0.4212	0.4253	0.4469
0.705	0.4211	0.4252	0.4469
0.704	0.421	0.4251	0.4468
0.703	0.4208	0.425	0.4467
0.702	0.4206	0.4248	0.4466
0.701	0.4205	0.4248	0.4465
0.700	0.4204	0.4246	0.4465
0.699	0.4202	0.4245	0.4464
0.698	0.4201	0.4244	0.4464
0.697	0.42	0.4242	0.4463
0.696	0.4198	0.4241	0.4463
0.695	0.4197	0.424	0.4462
0.694	0.4196	0.4239	0.4462
0.693	0.4195	0.4238	0.4461
0.692	0.4194	0.4237	0.4461
0.691	0.4192	0.4236	0.446
0.690	0.4191	0.4235	0.4459
0.689	0.419	0.4234	0.4459
0.688	0.4189	0.4232	0.4458
0.687	0.4188	0.4232	0.4458
0.686	0.4187	0.4231	0.4457
0.685	0.4185	0.423	0.4456
0.684	0.4183	0.4228	0.4456
0.683	0.4182	0.4227	0.4455
0.682	0.4181	0.4226	0.4454
0.681	0.418	0.4225	0.4454
0.680	0.4178	0.4224	0.4453
0.679	0.4177	0.4223	0.4453
0.678	0.4176	0.4222	0.4452
0.677	0.4174	0.4221	0.4451
0.676	0.4172	0.4219	0.445
0.675	0.4171	0.4217	0.4449
0.674	0.417	0.4216	0.4449
0.673	0.4169	0.4215	0.4448
0.672	0.4167	0.4214	0.4448
0.671	0.4165	0.4213	0.4447
0.670	0.4164	0.4212	0.4447
0.669	0.4163	0.4211	0.4446
0.668	0.4161	0.421	0.4445
0.667	0.416	0.4209	0.4444
0.666	0.4157	0.4208	0.4444
0.665	0.4156	0.4206	0.4443
0.664	0.4154	0.4205	0.4443
0.663	0.4153	0.4204	0.4442
0.662	0.4152	0.4203	0.4441
0.661	0.415	0.4201	0.4441
0.660	0.4148	0.42	0.444
0.659	0.4148	0.4199	0.444
0.658	0.4147	0.4198	0.4439
0.657	0.4146	0.4196	0.4438
0.656	0.4144	0.4195	0.4437
0.655	0.4142	0.4194	0.4437
0.654	0.414	0.4193	0.4436
0.653	0.4139	0.4192	0.4435
0.652	0.4137	0.4191	0.4435
0.651	0.4135	0.4189	0.4434
0.650	0.4133	0.4188	0.4434
0.649	0.4132	0.4187	0.4433
0.648	0.4131	0.4186	0.4432
0.647	0.4129	0.4184	0.4431
0.646	0.4128	0.4182	0.4431
0.645	0.4127	0.4181	0.443
0.644	0.4125	0.418	0.443
0.643	0.4124	0.4178	0.4429
0.642	0.4123	0.4177	0.4428
0.641	0.4122	0.4176	0.4428
0.640	0.412	0.4175	0.4428
0.639	0.4119	0.4173	0.4427
0.638	0.4117	0.4172	0.4426
0.637	0.4116	0.4171	0.4426
0.636	0.4114	0.4169	0.4425
0.635	0.4113	0.4168	0.4424
0.634	0.4111	0.4167	0.4424
0.633	0.4109	0.4165	0.4423
0.632	0.4108	0.4164	0.4422
0.631	0.4107	0.4162	0.4421
0.630	0.4105	0.416	0.4421
0.629	0.4104	0.4158	0.442
0.628	0.4103	0.4156	0.442
0.627	0.4101	0.4155	0.4419
0.626	0.41	0.4154	0.4418
0.625	0.4099	0.4152	0.4417
0.624	0.4097	0.415	0.4417
0.623	0.4096	0.4149	0.4416
0.622	0.4095	0.4147	0.4415
0.621	0.4093	0.4146	0.4415
0.620	0.4092	0.4145	0.4414
0.619	0.4091	0.4144	0.4413
0.618	0.4089	0.4142	0.4413
0.617	0.4088	0.4141	0.4412
0.616	0.4086	0.4139	0.4411
0.615	0.4085	0.4138	0.4411
0.614	0.4083	0.4136	0.441
0.613	0.4082	0.4135	0.441
0.612	0.4081	0.4133	0.4409
0.611	0.4079	0.4132	0.4408
0.610	0.4078	0.413	0.4407
0.609	0.4076	0.4129	0.4407
0.608	0.4074	0.4128	0.4406
0.607	0.4072	0.4126	0.4406
0.606	0.407	0.4125	0.4405
0.605	0.4068	0.4123	0.4404
0.604	0.4067	0.4122	0.4404
0.603	0.4065	0.412	0.4403
0.602	0.4064	0.4118	0.4402
0.601	0.4062	0.4117	0.4401
0.600	0.4061	0.4116	0.4401
0.599	0.4059	0.4114	0.44
0.598	0.4057	0.4113	0.4399
0.597	0.4056	0.4111	0.4398
0.596	0.4054	0.411	0.4398
0.595	0.4053	0.4108	0.4397
0.594	0.4052	0.4107	0.4396
0.593	0.405	0.4106	0.4396
0.592	0.4048	0.4104	0.4395
0.591	0.4045	0.4103	0.4394
0.590	0.4043	0.4102	0.4393
0.589	0.4041	0.41	0.4393
0.588	0.404	0.4099	0.4392
0.587	0.4038	0.4097	0.4391
0.586	0.4037	0.4096	0.439
0.585	0.4035	0.4095	0.4389
0.584	0.4033	0.4094	0.4389
0.583	0.4032	0.4092	0.4388
0.582	0.403	0.4091	0.4387
0.581	0.4029	0.4089	0.4386
0.580	0.4027	0.4088	0.4385
0.579	0.4026	0.4086	0.4384
0.578	0.4025	0.4085	0.4384
0.577	0.4023	0.4084	0.4383
0.576	0.4022	0.4082	0.4382
0.575	0.4021	0.4081	0.4381
0.574	0.4019	0.4079	0.4381
0.573	0.4018	0.4078	0.438
0.572	0.4016	0.4077	0.4379
0.571	0.4015	0.4075	0.4379
0.570	0.4013	0.4073	0.4378
0.569	0.4012	0.4071	0.4377
0.568	0.401	0.4069	0.4376
0.567	0.4008	0.4067	0.4376
0.566	0.4006	0.4066	0.4375
0.565	0.4005	0.4064	0.4374
0.564	0.4003	0.4063	0.4373
0.563	0.4001	0.4061	0.4372
0.562	0.4	0.406	0.4371
0.561	0.3998	0.4058	0.4371
0.560	0.3996	0.4057	0.437
0.559	0.3994	0.4055	0.4369
0.558	0.3992	0.4053	0.4369
0.557	0.399	0.4052	0.4368
0.556	0.3989	0.405	0.4367
0.555	0.3987	0.4048	0.4367
0.554	0.3985	0.4046	0.4366
0.553	0.3983	0.4045	0.4365
0.552	0.3982	0.4043	0.4365
0.551	0.3981	0.4041	0.4364
0.550	0.3978	0.404	0.4363
0.549	0.3977	0.4039	0.4363
0.548	0.3975	0.4038	0.4362
0.547	0.3974	0.4036	0.4361
0.546	0.3971	0.4034	0.4361
0.545	0.397	0.4033	0.436
0.544	0.3968	0.4032	0.4359
0.543	0.3967	0.4031	0.4358
0.542	0.3964	0.4029	0.4358
0.541	0.3963	0.4028	0.4357
0.540	0.3961	0.4025	0.4357
0.539	0.396	0.4023	0.4356
0.538	0.3958	0.4021	0.4355
0.537	0.3957	0.4019	0.4355
0.536	0.3955	0.4017	0.4354
0.535	0.3953	0.4016	0.4353
0.534	0.3952	0.4014	0.4353
0.533	0.395	0.4012	0.4351
0.532	0.3948	0.4011	0.4351
0.531	0.3947	0.4009	0.435
0.530	0.3944	0.4007	0.4349
0.529	0.3942	0.4005	0.4348
0.528	0.3941	0.4004	0.4347
0.527	0.3939	0.4002	0.4346
0.526	0.3936	0.4001	0.4345
0.525	0.3935	0.3999	0.4345
0.524	0.3933	0.3997	0.4344
0.523	0.3932	0.3996	0.4343
0.522	0.393	0.3994	0.4342
0.521	0.3929	0.3992	0.4341
0.520	0.3927	0.3991	0.4341
0.519	0.3926	0.3989	0.434
0.518	0.3924	0.3988	0.4339
0.517	0.3922	0.3986	0.4339
0.516	0.392	0.3984	0.4338
0.515	0.3918	0.3982	0.4337
0.514	0.3916	0.3981	0.4336
0.513	0.3915	0.3979	0.4335
0.512	0.3913	0.3978	0.4334
0.511	0.3912	0.3976	0.4333
0.510	0.391	0.3974	0.4333
0.509	0.3908	0.3972	0.4332
0.508	0.3907	0.3971	0.4331
0.507	0.3905	0.397	0.433
0.506	0.3903	0.3968	0.4329
0.505	0.3901	0.3966	0.4328
0.504	0.39	0.3964	0.4327
0.503	0.3898	0.3963	0.4326
0.502	0.3896	0.3961	0.4326
0.501	0.3894	0.3959	0.4325
0.500	0.3892	0.3958	0.4324
0.499	0.389	0.3956	0.4323
0.498	0.3887	0.3954	0.4322
0.497	0.3885	0.3952	0.4322
0.496	0.3884	0.395	0.4321
0.495	0.3882	0.3947	0.432
0.494	0.3881	0.3946	0.4319
0.493	0.3879	0.3944	0.4318
0.492	0.3877	0.3941	0.4317
0.491	0.3875	0.3939	0.4316
0.490	0.3874	0.3937	0.4316
0.489	0.3872	0.3935	0.4315
0.488	0.3871	0.3933	0.4314
0.487	0.3869	0.3931	0.4313
0.486	0.3867	0.393	0.4312
0.485	0.3865	0.3929	0.4311
0.484	0.3862	0.3927	0.4311
0.483	0.386	0.3926	0.431
0.482	0.3858	0.3924	0.4309
0.481	0.3856	0.3922	0.4309
0.480	0.3855	0.3921	0.4308
0.479	0.3853	0.3918	0.4307
0.478	0.3851	0.3916	0.4306
0.477	0.3849	0.3915	0.4306
0.476	0.3847	0.3912	0.4305
0.475	0.3845	0.391	0.4304
0.474	0.3843	0.3908	0.4304
0.473	0.3841	0.3905	0.4303
0.472	0.384	0.3903	0.4302
0.471	0.3838	0.3902	0.4301
0.470	0.3836	0.39	0.43
0.469	0.3834	0.3898	0.4299
0.468	0.3832	0.3896	0.4298
0.467	0.383	0.3894	0.4297
0.466	0.3828	0.3893	0.4296
0.465	0.3826	0.3891	0.4295
0.464	0.3824	0.389	0.4295
0.463	0.3822	0.3889	0.4294
0.462	0.382	0.3887	0.4293
0.461	0.3817	0.3884	0.4292
0.460	0.3814	0.3881	0.4292
0.459	0.3812	0.3879	0.429
0.458	0.381	0.3877	0.429
0.457	0.3808	0.3875	0.4289
0.456	0.3807	0.3872	0.4288
0.455	0.3805	0.3871	0.4287
0.454	0.3803	0.3869	0.4286
0.453	0.38	0.3868	0.4285
0.452	0.3798	0.3866	0.4284
0.451	0.3796	0.3863	0.4283
0.450	0.3793	0.3861	0.4282
0.449	0.3791	0.3859	0.4282
0.448	0.379	0.3856	0.428
0.447	0.3788	0.3854	0.428
0.446	0.3786	0.3853	0.4279
0.445	0.3784	0.3851	0.4278
0.444	0.3781	0.3849	0.4278
0.443	0.3779	0.3846	0.4277
0.442	0.3777	0.3845	0.4276
0.441	0.3775	0.3842	0.4274
0.440	0.3773	0.3841	0.4273
0.439	0.3771	0.3838	0.4273
0.438	0.3769	0.3837	0.4272
0.437	0.3767	0.3835	0.4271
0.436	0.3764	0.3833	0.427
0.435	0.3761	0.3831	0.4269
0.434	0.3758	0.3829	0.4268
0.433	0.3755	0.3827	0.4267
0.432	0.3753	0.3825	0.4266
0.431	0.375	0.3823	0.4265
0.430	0.3747	0.3821	0.4264
0.429	0.3744	0.3819	0.4264
0.428	0.3741	0.3816	0.4263
0.427	0.3738	0.3815	0.4262
0.426	0.3736	0.3813	0.4261
0.425	0.3732	0.3811	0.426
0.424	0.3729	0.3808	0.4259
0.423	0.3725	0.3805	0.4258
0.422	0.3723	0.3803	0.4258
0.421	0.3721	0.3801	0.4257
0.420	0.3718	0.3799	0.4256
0.419	0.3716	0.3796	0.4255
0.418	0.3713	0.3794	0.4254
0.417	0.371	0.3792	0.4253
0.416	0.3708	0.3789	0.4252
0.415	0.3706	0.3787	0.4251
0.414	0.3703	0.3785	0.4251
0.413	0.3701	0.3783	0.425
0.412	0.3698	0.378	0.4249
0.411	0.3694	0.3778	0.4248
0.410	0.3692	0.3776	0.4247
0.409	0.3689	0.3773	0.4246
0.408	0.3687	0.3772	0.4245
0.407	0.3683	0.3768	0.4244
0.406	0.3681	0.3766	0.4244
0.405	0.3679	0.3763	0.4243
0.404	0.3674	0.3761	0.4242
0.403	0.3672	0.3759	0.4241
0.402	0.3669	0.3757	0.424
0.401	0.3667	0.3755	0.4239
0.400	0.3664	0.3753	0.4238
0.399	0.3661	0.375	0.4237
0.398	0.3659	0.3747	0.4235
0.397	0.3656	0.3745	0.4234
0.396	0.3653	0.3743	0.4233
0.395	0.3651	0.3742	0.4232
0.394	0.3648	0.3739	0.4231
0.393	0.3645	0.3736	0.423
0.392	0.3643	0.3733	0.4229
0.391	0.364	0.373	0.4228
0.390	0.3637	0.3728	0.4227
0.389	0.3635	0.3724	0.4226
0.388	0.3632	0.3722	0.4225
0.387	0.3631	0.3719	0.4225
0.386	0.3628	0.3717	0.4224
0.385	0.3624	0.3715	0.4223
0.384	0.362	0.3713	0.4222
0.383	0.3618	0.371	0.4221
0.382	0.3615	0.3708	0.422
0.381	0.3613	0.3705	0.4219
0.380	0.361	0.3704	0.4218
0.379	0.3607	0.37	0.4217
0.378	0.3604	0.3698	0.4216
0.377	0.3602	0.3695	0.4216
0.376	0.3598	0.3693	0.4214
0.375	0.3596	0.369	0.4214
0.374	0.3593	0.3687	0.4213
0.373	0.359	0.3684	0.4212
0.372	0.3588	0.3681	0.421
0.371	0.3584	0.3679	0.421
0.370	0.358	0.3676	0.4209
0.369	0.3576	0.3674	0.4208
0.368	0.3572	0.3671	0.4207
0.367	0.3568	0.3669	0.4206
0.366	0.3566	0.3666	0.4205
0.365	0.3563	0.3663	0.4204
0.364	0.356	0.3661	0.4203
0.363	0.3557	0.3658	0.4202
0.362	0.3553	0.3655	0.4201
0.361	0.355	0.3651	0.42
0.360	0.3547	0.3648	0.4199
0.359	0.3544	0.3646	0.4198
0.358	0.354	0.3643	0.4197
0.357	0.3539	0.364	0.4196
0.356	0.3535	0.3638	0.4194
0.355	0.353	0.3634	0.4193
0.354	0.3529	0.3631	0.4192
0.353	0.3525	0.3627	0.4191
0.352	0.3523	0.3624	0.4191
0.351	0.352	0.3621	0.419
0.350	0.3519	0.3619	0.4189
0.349	0.3517	0.3615	0.4187
0.348	0.3516	0.3613	0.4186
0.347	0.3516	0.3609	0.4185
0.346	0.3516	0.3607	0.4184
0.345	0.3516	0.3604	0.4183
0.344	0.3516	0.3601	0.4182
0.343	0.3516	0.3598	0.4181
0.342	0.3516	0.3595	0.4179
0.341	0.3516	0.3592	0.4178
0.340	0.3516	0.3589	0.4177
0.339	0.3516	0.3586	0.4176
0.338	0.3516	0.3583	0.4175
0.337	0.3516	0.3579	0.4174
0.336	0.3516	0.3575	0.4173
0.335	0.3516	0.3572	0.4172
0.334	0.3516	0.3568	0.4171
0.333	0.3516	0.3564	0.4169
0.332	0.3516	0.356	0.4168
0.331	0.3516	0.3559	0.4167
0.330	0.3516	0.3555	0.4166
0.329	0.3516	0.3551	0.4165
0.328	0.3516	0.3548	0.4164
0.327	0.3516	0.3545	0.4163
0.326	0.3516	0.3542	0.4162
0.325	0.3516	0.354	0.4161
0.324	0.3516	0.3537	0.416
0.323	0.3516	0.3534	0.4158
0.322	0.3516	0.3531	0.4158
0.321	0.3516	0.3528	0.4157
0.320	0.3516	0.3524	0.4156
0.319	0.3513	0.352	0.4154
0.318	0.3513	0.3518	0.4153
0.317	0.3512	0.3514	0.4152
0.316	0.3512	0.3511	0.4151
0.315	0.3512	0.3508	0.415
0.314	0.3512	0.3504	0.4148
0.313	0.3512	0.3502	0.4147
0.312	0.3512	0.3499	0.4146
0.311	0.3512	0.3495	0.4145
0.310	0.351	0.3493	0.4144
0.309	0.3509	0.3491	0.4142
0.308	0.3509	0.3488	0.4141
0.307	0.3509	0.3486	0.414
0.306	0.3508	0.3482	0.4139
0.305	0.3508	0.3479	0.4138
0.304	0.3507	0.3477	0.4137
0.303	0.3507	0.3474	0.4136
0.302	0.3507	0.3471	0.4135
0.301	0.3507	0.3469	0.4134
0.300	0.3507	0.3466	0.4132
0.299	0.3507	0.3463	0.4131
0.298	0.3507	0.346	0.413
0.297	0.3506	0.3458	0.4129
0.296	0.3506	0.3455	0.4127
0.295	0.3506	0.3452	0.4126
0.294	0.3506	0.3449	0.4125
0.293	0.3506	0.3448	0.4124
0.292	0.3506	0.3446	0.4123
0.291	0.3506	0.3444	0.4122
0.290	0.3506	0.344	0.4121
0.289	0.3506	0.3438	0.412
0.288	0.3506	0.3435	0.4119
0.287	0.3506	0.3433	0.4118
0.286	0.3506	0.3431	0.4117
0.285	0.3506	0.3429	0.4116
0.284	0.3506	0.3425	0.4115
0.283	0.3506	0.3423	0.4114
0.282	0.3506	0.3419	0.4113
0.281	0.3506	0.3416	0.4112
0.280	0.3506	0.3414	0.4111
0.279	0.3506	0.3412	0.4109
0.278	0.3506	0.3409	0.4108
0.277	0.3506	0.3407	0.4107
0.276	0.3506	0.3405	0.4105
0.275	0.3506	0.3403	0.4104
0.274	0.3506	0.34	0.4103
0.273	0.3506	0.3399	0.4102
0.272	0.3506	0.3396	0.4101
0.271	0.3506	0.3394	0.4101
0.270	0.3506	0.3392	0.4099
0.269	0.3506	0.3389	0.4098
0.268	0.3506	0.3387	0.4097
0.267	0.3506	0.3384	0.4095
0.266	0.3506	0.3383	0.4093
0.265	0.3506	0.3381	0.4092
0.264	0.3506	0.3379	0.4091
0.263	0.3506	0.3376	0.409
0.262	0.3506	0.3373	0.4088
0.261	0.3506	0.3371	0.4087
0.260	0.3506	0.3368	0.4086
0.259	0.3506	0.3366	0.4085
0.258	0.3506	0.3364	0.4084
0.257	0.3506	0.3361	0.4083
0.256	0.3506	0.3359	0.4081
0.255	0.3506	0.3356	0.4079
0.254	0.3506	0.3354	0.4077
0.253	0.3506	0.3352	0.4076
0.252	0.3506	0.3349	0.4075
0.251	0.3506	0.3346	0.4074
0.250	0.3506	0.3344	0.4073
0.249	0.3506	0.3342	0.4072
0.248	0.3506	0.334	0.407
0.247	0.3506	0.3337	0.4069
0.246	0.3506	0.3336	0.4068
0.245	0.3506	0.3334	0.4067
0.244	0.3506	0.3332	0.4065
0.243	0.3506	0.333	0.4063
0.242	0.3506	0.3328	0.4062
0.241	0.3506	0.3326	0.4061
0.240	0.3506	0.3324	0.4059
0.239	0.3506	0.3322	0.4058
0.238	0.3506	0.3319	0.4057
0.237	0.3506	0.3317	0.4056
0.236	0.3506	0.3315	0.4055
0.235	0.3506	0.3313	0.4054
0.234	0.3505	0.3311	0.4052
0.233	0.3503	0.3308	0.4051
0.232	0.3503	0.3306	0.405
0.231	0.3503	0.3304	0.4049
0.230	0.3503	0.3302	0.4047
0.229	0.3503	0.3301	0.4045
0.228	0.3503	0.3299	0.4043
0.227	0.3503	0.3296	0.4042
0.226	0.3502	0.3294	0.4041
0.225	0.3502	0.3293	0.404
0.224	0.3502	0.3291	0.4038
0.223	0.3502	0.3289	0.4036
0.222	0.3502	0.3287	0.4035
0.221	0.3502	0.3286	0.4033
0.220	0.3502	0.3284	0.4032
0.219	0.3502	0.3282	0.403
0.218	0.3502	0.3279	0.4029
0.217	0.3502	0.3278	0.4028
0.216	0.3501	0.3276	0.4026
0.215	0.3501	0.3275	0.4024
0.214	0.35	0.3273	0.4023
0.213	0.35	0.3271	0.4021
0.212	0.3499	0.3269	0.402
0.211	0.3499	0.3268	0.4019
0.210	0.3499	0.3266	0.4017
0.209	0.3499	0.3265	0.4016
0.208	0.3499	0.3263	0.4014
0.207	0.3499	0.3261	0.4013
0.206	0.3499	0.3259	0.4012
0.205	0.3499	0.3258	0.401
0.204	0.3499	0.3256	0.4009
0.203	0.3499	0.3254	0.4007
0.202	0.3498	0.3253	0.4005
0.201	0.3498	0.3251	0.4004
0.200	0.3496	0.325	0.4002
0.199	0.3496	0.3249	0.4001
0.198	0.3496	0.3247	0.3999
0.197	0.3495	0.3245	0.3997
0.196	0.3494	0.3244	0.3996
0.195	0.3493	0.3243	0.3994
0.194	0.3492	0.3241	0.3993
0.193	0.3492	0.324	0.3992
0.192	0.3492	0.3238	0.399
0.191	0.3492	0.3237	0.3988
0.190	0.3492	0.3235	0.3986
0.189	0.3492	0.3233	0.3985
0.188	0.3492	0.3232	0.3983
0.187	0.3492	0.3231	0.3982
0.186	0.3492	0.3229	0.398
0.185	0.3492	0.3228	0.3979
0.184	0.3492	0.3227	0.3977
0.183	0.3492	0.3226	0.3975
0.182	0.3492	0.3224	0.3974
0.181	0.3492	0.3223	0.3972
0.180	0.3491	0.3221	0.397
0.179	0.3489	0.3219	0.3969
0.178	0.3489	0.3218	0.3967
0.177	0.3489	0.3216	0.3965
0.176	0.3488	0.3215	0.3964
0.175	0.3486	0.3213	0.3963
0.174	0.3486	0.3212	0.3961
0.173	0.3486	0.321	0.3959
0.172	0.3486	0.3208	0.3957
0.171	0.3484	0.3207	0.3956
0.170	0.3484	0.3205	0.3954
0.169	0.3483	0.3203	0.3952
0.168	0.3482	0.3202	0.3951
0.167	0.3481	0.3201	0.3949
0.166	0.348	0.3199	0.3948
0.165	0.3477	0.3198	0.3946
0.164	0.3476	0.3197	0.3943
0.163	0.3474	0.3196	0.3942
0.162	0.3473	0.3194	0.3941
0.161	0.3472	0.3192	0.3938
0.160	0.347	0.319	0.3937
0.159	0.3468	0.3188	0.3935
0.158	0.3466	0.3187	0.3932
0.157	0.3464	0.3185	0.3931
0.156	0.3463	0.3184	0.3929
0.155	0.3461	0.3183	0.3927
0.154	0.3458	0.3181	0.3925
0.153	0.3455	0.318	0.3924
0.152	0.3453	0.3178	0.3922
0.151	0.345	0.3176	0.392
0.150	0.3448	0.3175	0.3919
0.149	0.3445	0.3173	0.3916
0.148	0.3442	0.3172	0.3915
0.147	0.3439	0.3171	0.3913
0.146	0.3436	0.3169	0.391
0.145	0.3432	0.3168	0.3908
0.144	0.3429	0.3166	0.3906
0.143	0.3423	0.3165	0.3904
0.142	0.3421	0.3164	0.3902
0.141	0.3417	0.3162	0.39
0.140	0.3414	0.3161	0.3898
0.139	0.341	0.3159	0.3895
0.138	0.3407	0.3158	0.3893
0.137	0.3402	0.3156	0.389
0.136	0.3399	0.3154	0.3887
0.135	0.3395	0.3153	0.3885
0.134	0.3392	0.3152	0.3883
0.133	0.3387	0.315	0.388
0.132	0.3383	0.3148	0.3877
0.131	0.3379	0.3146	0.3874
0.130	0.3374	0.3144	0.3872
0.129	0.337	0.3143	0.387
0.128	0.3365	0.3141	0.3867
0.127	0.3361	0.314	0.3865
0.126	0.3358	0.3138	0.3863
0.125	0.3353	0.3137	0.386
0.124	0.3347	0.3136	0.3858
0.123	0.3343	0.3133	0.3857
0.122	0.3338	0.3132	0.3854
0.121	0.3334	0.313	0.3851
0.120	0.3331	0.3128	0.3849
0.119	0.3326	0.3127	0.3846
0.118	0.332	0.3126	0.3844
0.117	0.3314	0.3124	0.3841
0.116	0.3311	0.3123	0.3839
0.115	0.3306	0.3121	0.3836
0.114	0.33	0.312	0.3833
0.113	0.3295	0.3117	0.383
0.112	0.329	0.3116	0.3827
0.111	0.3286	0.3115	0.3824
0.110	0.328	0.3112	0.3822
0.109	0.3275	0.3111	0.382
0.108	0.3271	0.3109	0.3817
0.107	0.3266	0.3108	0.3814
0.106	0.3259	0.3106	0.381
0.105	0.3255	0.3104	0.3808
0.104	0.325	0.3102	0.3805
0.103	0.3245	0.31	0.3803
0.102	0.3241	0.3099	0.3801
0.101	0.3234	0.3097	0.3798
0.100	0.3228	0.3095	0.3794
0.099	0.3221	0.3093	0.3792
0.098	0.3214	0.3092	0.3788
0.097	0.3209	0.309	0.3786
0.096	0.3205	0.3088	0.3783
0.095	0.3199	0.3086	0.378
0.094	0.3192	0.3084	0.3776
0.093	0.3184	0.3082	0.3774
0.092	0.3178	0.308	0.377
0.091	0.3168	0.3078	0.3767
0.090	0.316	0.3076	0.3764
0.089	0.3154	0.3074	0.3761
0.088	0.3148	0.3072	0.3757
0.087	0.3141	0.307	0.3754
0.086	0.3133	0.3066	0.375
0.085	0.3126	0.3064	0.3747
0.084	0.3119	0.3063	0.3743
0.083	0.3111	0.3059	0.3739
0.082	0.3103	0.3057	0.3736
0.081	0.3097	0.3055	0.3732
0.080	0.3086	0.3053	0.3729
0.079	0.3077	0.3052	0.3726
0.078	0.307	0.305	0.3721
0.077	0.3065	0.3048	0.3717
0.076	0.3056	0.3045	0.3714
0.075	0.3049	0.3042	0.371
0.074	0.304	0.304	0.3706
0.073	0.3034	0.3038	0.3702
0.072	0.3028	0.3035	0.3698
0.071	0.3018	0.3033	0.3695
0.070	0.3009	0.303	0.3691
0.069	0.3003	0.3028	0.3687
0.068	0.2994	0.3024	0.3682
0.067	0.2988	0.302	0.368
0.066	0.2979	0.3017	0.3675
0.065	0.2971	0.3015	0.3673
0.064	0.2961	0.3011	0.3669
0.063	0.2951	0.301	0.3665
0.062	0.2945	0.3008	0.3662
0.061	0.2941	0.3004	0.3656
0.060	0.2931	0.3001	0.3651
0.059	0.2917	0.2997	0.3645
0.058	0.2909	0.2993	0.364
0.057	0.2899	0.2989	0.3636
0.056	0.289	0.2986	0.3633
0.055	0.2881	0.2981	0.3627
0.054	0.2871	0.2979	0.3623
0.053	0.2861	0.2976	0.3619
0.052	0.2851	0.2972	0.3612
0.051	0.2837	0.2968	0.3606
0.050	0.2823	0.296	0.3602
0.049	0.2818	0.2955	0.3596
0.048	0.2805	0.2949	0.359
0.047	0.2797	0.2944	0.3584
0.046	0.2786	0.2939	0.3579
0.045	0.2776	0.2933	0.3571
0.044	0.2765	0.2927	0.3564
0.043	0.275	0.2919	0.356
0.042	0.2735	0.2913	0.3554
0.041	0.2722	0.2906	0.3547
0.040	0.271	0.2892	0.3538
0.039	0.2693	0.2881	0.3529
0.038	0.2681	0.287	0.3521
0.037	0.2667	0.2856	0.3513
0.036	0.2655	0.2842	0.3505
0.035	0.2642	0.2834	0.3498
0.034	0.263	0.282	0.349
0.033	0.2613	0.2805	0.3484
0.032	0.2605	0.2789	0.3475
0.031	0.259	0.2777	0.3468
0.030	0.2573	0.2756	0.3462
0.029	0.2562	0.2738	0.3453
0.028	0.2546	0.2724	0.3443
0.027	0.2526	0.2705	0.343
0.026	0.2512	0.2681	0.3419
0.025	0.2496	0.2662	0.3407
0.024	0.2476	0.2652	0.3396
0.023	0.2454	0.2642	0.3384
0.022	0.2424	0.2628	0.3372
0.021	0.2404	0.2607	0.3355
0.020	0.2385	0.2579	0.3339
0.019	0.2365	0.2554	0.3324
0.018	0.2344	0.2518	0.3306
0.017	0.2318	0.2491	0.3285
0.016	0.2298	0.2464	0.3267
0.015	0.2265	0.2431	0.3245
0.014	0.223	0.2403	0.3219
0.013	0.2186	0.2369	0.3194
0.012	0.2142	0.2329	0.3167
0.011	0.2104	0.2285	0.3129
0.010	0.2066	0.2239	0.309
0.009	0.2009	0.2167	0.3061
0.008	0.1965	0.2114	0.3019
0.007	0.1914	0.2071	0.2965
0.006	0.1833	0.2012	0.2932
0.005	0.1728	0.1938	0.2862
0.004	0.1601	0.1848	0.2806
0.003	0.1464	0.1749	0.2733
0.002	0.1244	0.1508	0.256
0.001	0.1005	0.1296	0.2393
0	0.073	0.0888	0.1844
